query,pipeline,repeat,query_type,orig_gpt41,new_gpt41,new_reason
How does the FCC’s 1 Hz BIT status reporting drive both FDR health-record storage and the BIT subsystem’s consolidated health-status publication?,agentic,1,2-hop,True,True,"All claims about reporting rates, message content, consolidation, and interface timing are explicitly supported or directly inferable from the retrieved requirements."
What upstream navigation timing service requirement justifies the payload computer’s UTC sensor timestamping accuracy and source-selection behavior?,agentic-graph,2,1-hop,True,True,All claims in the answer are directly supported by NAV-027 and NAV-022 from the retrieved contexts.
Which security requirement traces through autonomy functions to the radar interface constraint ultimately governing the referenced radar behavior?,vanilla,0,3+-hop,False,True,All claims in the answer are directly supported by the retrieved contexts and nothing extraneous is introduced.
"Which GPS requirement traces through the security and emergency-management requirements to ultimately satisfy the navigation requirement, and what end-to-end rationale links them?",agentic-graph,1,3+-hop,True,True,"Every claim about requirement traceability, rationale, and the specific links between GPS-022, SEC-028, EMS-021, and NAV-028 is supported by the retrieved contexts, with accurate references to content"
"Which security requirement cited by the payload design is ultimately satisfied by the autonomy function, and where is that same security constraint referenced again downstream?",graphrag,2,3+-hop,True,True,"All references to SEC-015 and its downstream satisfaction by APM-029, BIT-020, BIT-031, and FCC-044 are directly supported by the retrieved contexts."
Which GPS requirement is ultimately fulfilled via the security control referenced by the navigation requirement traced from the original GPS requirement?,vanilla,0,3+-hop,True,True,"All claims about the tracing of GPS-022 from the GPS, NAV, and SEC requirements and their references are directly supported by the provided contexts."
"Which test requirement verifies, by RF-simulator satellite-fault injection, the FDE requirement to detect and exclude an unhealthy satellite within six seconds?",graphrag,1,1-hop,True,False,The claim about the applicable time-to-alert being defined in GPS-032 and referencing it is unsupported as GPS-032 is not in the contexts; all other claims are supported.
"For the live multi-aircraft separation test, which platform relies on navigation integration instead of an FMS, and what DAL applies to its navigation software?",graphrag,0,2-hop,True,True,"All claims about Skyrunner-T1 not hosting an FMS, using Navigation Integration instead, and its DAL-B navigation DAL are directly supported by the retrieved contexts."
"Can the control station’s 2 Hz engine telemetry support validating waypoint fuel-flow prediction accuracy, given the engine status message content and rate published for downstream flight management use?",agentic-graph,0,2-hop,False,True,All claims in the answer are strictly based on retrieved requirements without introducing unsupported details.
Does the equipment management system ingest power-subsystem mode/status over the primary avionics bus at a minimum 5 Hz update rate?,graphrag,0,1-hop,True,True,"All claims are supported: EMS-032 requires 5 Hz ingestion from PWR via the primary avionics bus, and PWR-015/PWR-026 confirm PWR broadcasts at 10 Hz."
"Which flight-control capability traces through the security and ground-control requirements to ultimately satisfy the aircraft power-management requirement, and what intermediate constraints must be met end-to-end?",vanilla,1,3+-hop,False,True,All claims in the answer are directly supported or reasoned from the retrieved contexts without adding unsupported details.
"If the primary INS attitude stream degrades below required rate or validity, how quickly must the FCC switch to the backup GPS-aided AHRS to maintain flight-control attitude input?",agentic,0,2-hop,True,True,"All claims about INS degradation triggers, switch timeframe, backup source, and FCC requirements are directly supported by FCC-017, NAV-015, and FCC-016."
"How does the two-aircraft live-network separation test demonstrate the coordinated-flight function is supported by guidance accuracy sufficient to meet enroute, terminal, and approach TSE limits?",vanilla,2,2-hop,False,True,"All claims in the answer are directly supported by the retrieved requirements, including the indirect linkage, distinct verification methods, and separation of test objectives."
Which load-shed table entry defines the priority-2 load failure condition that forces the EMS into CAUTION within 500 ms?,graphrag,1,1-hop,True,True,Every factual claim is supported by EMS-005 and the PWR-032 table in the retrieved contexts.
Which security requirement traces through autonomy functions to the radar interface constraint ultimately governing the referenced radar behavior?,adaptive,1,3+-hop,False,False,"The answer introduces [SEC-010] and traces it, but [SEC-010] is not present in the retrieved contexts and its content is not supported; also, the trace order involves some interpretive linking not str"
Which human-machine interface requirement ultimately traces back to the autonomous control behavior through the security and energy management requirements?,agentic,2,3+-hop,False,True,"All claims are directly supported by the retrieved contexts, and limitations of the trace are correctly noted."
How does the ground-vibration test’s identified modal model determine the notch-filter frequencies and widths applied to inertial measurements before inner-loop control?,agentic-graph,1,2-hop,True,True,"All claims in the answer are directly supported by the retrieved contexts, including the GVT producing the modal model, feeding the notch filter coefficients, filter application on inertial measuremen"
Which published fuel-status data does the flight control computer rely on to constrain commanded thrust to available fuel?,agentic-graph,2,1-hop,False,True,All claims in the answer accurately reflect the absence of fuel-status requirements for the FCC in the retrieved contexts.
Which data link requirement is ultimately implicated by the flight control requirement that references a security control via an intermediate control requirement?,vanilla,1,3+-hop,False,False,The answer references requirements and a trace chain not fully present or supported in the retrieved contexts.
Does the equipment management system ingest power-subsystem mode/status over the primary avionics bus at a minimum 5 Hz update rate?,graphrag,1,1-hop,True,True,"All claims about EMS ingesting PWR data at ≥5 Hz on the primary avionics bus are directly supported by [EMS-032], [PWR-015], and [PWR-026]."
How does the HIL GPS-outage test verify the fusion function meets the >60 s reversion and annunciation behavior required by the underlying inertial degraded mode requirement?,agentic-graph,1,2-hop,True,True,All claims regarding requirements and test coverage are substantiated by the retrieved contexts.
"Which flight-control computer display behavior is validated by the HMI verification requirement through the linked display logic reference, and what upstream cockpit interface requirement does it trace back to?",agentic-graph,0,3+-hop,True,True,"All claims in the answer are directly supported by FCC-029, and it properly notes the absence of HMI-015 details in the contexts."
"Which flight-control requirement, traced from the built-in test function through the environmental monitoring requirement it satisfies, ultimately references the final EMS requirement?",agentic-graph,2,3+-hop,False,True,"Every factual claim is supported by the retrieved contexts, and unsupported trace limitations are explicitly acknowledged."
"In battery-only flight, what SoC data path and update rate support critical-battery RTB, and how does the power subsystem’s SoC monitoring relate to mode-entry constraints?",agentic,0,2-hop,False,True,The answer only discusses what is and is not present in the retrieved contexts and does not introduce unsupported claims.
How is radar-altimeter EMC coexistence verification performed while the onboard GNSS receiver tracks its required frequencies with CDL transmissions active?,vanilla,0,2-hop,True,True,All factual claims are supported by references to the relevant requirements and test descriptions in the retrieved contexts.
"How do the data link crypto module and key-retention requirements support authenticated autonomous autopilot mode engagements, particularly for exceptions like DAA Resolution and RTB?",agentic-graph,1,2-hop,False,True,"Every claim in the answer is directly supported by the retrieved contexts, with explicit references noted for FCC-011 and ICE-019, and clear statements about lacking requirements for crypto module, ke"
Which command-authentication fault-injection verification demonstrates compliance with the cited security assurance activities reference set?,agentic-graph,2,1-hop,False,True,"[SEC-019] is the only command-authentication fault-injection verification citing DO-356A (the security assurance activities reference set), and all details are drawn from the retrieved contexts."
Which payload command ID ranges must the PMC dispatch to each sensor or external store under the payload command routing table?,vanilla,0,1-hop,True,True,"All command ID ranges, targets, and purposes are directly supported by the routing table in PLD-033, and referencing the dispatch and rejection behavior is supported by PLD-009."
"Which command/data link verification requirement ultimately traces through the security controls to the flight control computer constraint, and how does that chain close back to the same security requirement?",adaptive,1,3+-hop,True,True,"[CDL-013], [SEC-008], and [FCC-031] connections, as well as satisfactions and flow, are all directly supported in the retrieved contexts."
"Which built-in test requirement is ultimately driven by the power requirement through the linked security and flight-control requirements, and what end-to-end rationale connects them?",adaptive,2,3+-hop,False,True,"All claims in the answer are supported by the retrieved contexts, which detail the requirements for power, security, and structural redundancy, but do not provide the specific BIT requirement ID or fu"
Which GNSS dilution-of-precision outputs feed the navigation fusion QoS score computation for operator display?,vanilla,2,1-hop,False,True,The answer accurately states that only 'GPS DOP' is mentioned and that specific DOP outputs are not identified in the retrieved contexts.
"During fault-injection testing, if the APU self-shuts down on a monitored health exceedance during start, what EPS mode transition and RTB behavior must be demonstrated?",adaptive,1,2-hop,True,True,All assertions about BATT_ONLY declaration and RTB to AUTO on APU self-shutdown during start are explicitly supported by EPS-011 and APM-023; mode transition testing for this scenario is supported by 
"Which communications requirement, linked through the security constraint referenced by the fuel requirement, ultimately traces to the EMS requirement, and what end-to-end dependency does that establish?",agentic-graph,1,3+-hop,False,True,All claims in the answer are directly supported and accurately traced through the retrieved requirement contexts with correct references and no unsupported details.
Which flight control computer requirement is ultimately implicated by the flight data recorder verification path through navigation and GPS references?,adaptive,1,3+-hop,False,False,[ENG-037] is a flight control computer (FCC) requirement but the retrieved contexts do not support that it is implicated by the FDR verification path through NAV and GPS; there is no explicit or infer
"For autonomous mode engagement exceptions, what authentication mechanism must operator engagement requests use on the control data links?",agentic,1,1-hop,False,True,All claims in the answer are directly supported by the absence of relevant information in the retrieved contexts.
"Which radar altimeter mode requirement supports terrain-avoidance advisory coupling, and which autopilot requirement governs autonomous DAA resolution engagement?",adaptive,2,1-hop,True,False,The claim about AUTO-006 supporting DAA RESOLUTION as an autonomous mode is mostly accurate but the explicit three-paragraph interaction explanation is partially ungrounded; details about specific int
"At what rate must the recorder log the communications data link health/status word, given mandatory-parameter native-rate recording and the health word’s own update requirement?",agentic-graph,0,2-hop,False,True,Every claim is either directly quoted or reasoned from the retrieved requirements without adding unsupported details.
How is the 10 Hz FCC background health monitoring constrained to avoid violating the outer-loop 50 Hz guidance jitter requirement?,agentic-graph,1,1-hop,True,True,All claims in the answer are directly supported by FCC-014 and FCC-015 in the retrieved contexts.
"Which command-and-data-link requirement ultimately fulfills the secure communications requirement, and through what EMS reference path is that satisfaction traced across subsystems?",adaptive,0,3+-hop,True,True,All claims and requirement IDs are supported and mapped in the retrieved contexts.
"Which interface power requirement defines the 50 ms ride-through capability, and which general requirement establishes the DO-160G Category Z interruption profile?",agentic-graph,2,1-hop,True,True,"All claims are directly supported by the retrieved contexts, with matching requirement IDs and quoted content."
"How does the autonomous function’s top-level requirement trace through radar interface constraints and back to its originating autonomy requirement, and what end-to-end obligation does that imply?",vanilla,1,3+-hop,True,True,All claims in the answer are directly supported by the retrieved contexts with proper requirement references and trace descriptions.
"For autonomous mode engagement exceptions, what authentication mechanism must operator engagement requests use on the control data links?",vanilla,2,1-hop,False,True,"All claims in the answer are supported: operator engagement requests must be authenticated per SEC-010 (AUTO-006), cryptographically authenticated with a non-reused sequence number (FCC-011), and auth"
What test demonstrates the receiver meets integrity alert timing for unresolved protection-level exceedances under simulated satellite-fault conditions?,vanilla,0,1-hop,True,True,All claims in the answer are directly supported by the retrieved contexts.
"During fault-injection testing, if the APU self-shuts down on a monitored health exceedance during start, what EPS mode transition and RTB behavior must be demonstrated?",vanilla,1,2-hop,True,True,"All claims about mode transition to BATT_ONLY, RTB to AUTO issuance, and test verification are directly supported by the retrieved contexts, with correct references and no extraneous detail."
Which structural requirement defines the dedicated payload-bus routing and shielding needed to support the payload controller’s single-LRU installation near the bay rack?,adaptive,1,1-hop,True,False,Claims about DLNK-017 and CDL-024 IDs are not supported as such IDs do not appear in the retrieved context verbatim; their references are only present as context cross-references.
Which command-authentication fault-injection verification demonstrates compliance with the cited security assurance activities reference set?,agentic,2,1-hop,True,False,"The answer adds interpretive details (e.g., 'broader security assurance activities set'), extra explanation about related tests, and references details that are not all directly stated in the contexts"
Which flight-control cross-channel data link timing and integrity behavior must BIT monitor to satisfy CBIT consistency-check verification?,agentic-graph,0,1-hop,False,True,All claims are supported directly by the retrieved contexts and do not add unstated details.
"How is an EKF divergence detected, reset, and cross-referenced to flight data recording of the divergence snapshot and reset state?",adaptive,0,1-hop,True,True,"All claims regarding EKF divergence detection, reset, and FDR linkage are directly supported by NAV-024 and NAV-036; the answer correctly notes where context is missing on snapshot/reset-state content"
Which SAR status message fields and update rate provide the health input the built-in test function aggregates into the overall payload health report?,vanilla,1,1-hop,True,True,All factual claims about SAR_STATUS_MSG fields and update rate are supported by the provided SAR-019 and BIT-026 contexts.
Which flight control computer requirement ultimately traces the EMS command/data link interface constraint back to the originating EMS behavior requirement?,agentic-graph,0,3+-hop,False,True,All claims about tracing FCC requirements to EMS requirements are supported; the answer flags lack of CDL/interface constraint context accurately.
Which flight computer control requirement is ultimately justified by the flight data recorder requirement through the linked security and built-in-test trace chain?,graphrag,2,3+-hop,False,True,All claims about requirement linkage and the absence of a full security+BIT trace are directly supported or evidenced in the retrieved contexts.
What test evidence shows linked-mode pilot commands meet the ground-station latency requirement while being received and routed by the command data link?,vanilla,0,2-hop,False,True,All claims about test evidence for CDL routing/receipt and about the lack of linked-mode GCS-side test evidence are supported or directly traceable to the retrieved contexts.
Which payload command ID ranges must the PMC dispatch to each sensor or external store under the payload command routing table?,graphrag,0,1-hop,True,True,All command ID ranges and routing are explicitly listed in the provided contexts.
"Which communications capability document is explicitly excluded from the tactical Link‑16 terminal scope, and what assurance levels govern it?",agentic,1,1-hop,True,True,"All claims are directly supported by the retrieved contexts, including CDL exclusion, Link-16 terminal assurance levels, and the absence of CDL-specific assurance levels."
Which endurance-capacity requirement is referenced by the laboratory discharge verification for the 30-minute RTB load profile?,graphrag,1,1-hop,True,True,"All claims about APM-037 verifying APM-009, the 30-minute RTB load profile, and the battery endurance requirement are directly and explicitly supported by the retrieved contexts."
"For loss of INS with no valid GPS/barometric fallback, what autonomous emergency transition and priority-tagged GCS mode-change notification are required?",adaptive,0,2-hop,True,True,The answer correctly uses only the information in FCC-009 and acknowledges lack of information about the priority tag.
Which communications requirement is ultimately fulfilled by the automatic control requirement through the referenced security and command/data link requirements?,agentic-graph,1,3+-hop,False,True,"All claims are supported by SEC-008, which explicitly connects FCC.FCC-040 and CDL.CDL-013 without referencing COMM requirements."
"Which command/data link verification requirement ultimately traces through the security controls to the flight control computer constraint, and how does that chain close back to the same security requirement?",agentic,0,3+-hop,False,True,"[SEC-008] directly traces between ##CDL.CDL-013 (CDL verification) and ##FCC.FCC-031 (FCC constraint) and explicitly states it satisfies both, as described in the chain."
Which flight dynamics verification requirement traces through navigation references to the downstream navigation requirement governing the related guidance behavior?,vanilla,2,3+-hop,False,True,The answer only summarizes what is or is not present in the retrieved contexts and does not introduce unsupported claims.
What navigation time-synchronization service must the flight data recorder use to timestamp mandatory parameters in UTC at native sampling rates?,graphrag,2,1-hop,True,True,"All claims about the NAV Fusion service, its accuracy, sourcing, interface, and use for timestamping by FDR are explicitly supported by contexts [FDR-004] and [NAV-027]."
"When generator loss is induced on the iron-bird, which loads must drop during the transition to single-generator operation while flight-critical buses stay powered within limits?",agentic,2,2-hop,False,True,"All claims are directly supported by the retrieved requirements, and limitations are explicitly noted where context is missing."
"Given the SAR’s EMC coexistence with the CDL, which GNSS bands and constellations must remain trackable on Stratos-7, AeroLynx-X2, and Nimbus-C3?",graphrag,2,2-hop,True,True,All claims about required trackable bands and constellations are directly supported by GPS-009 and the EMC coexistence claims are supported by SAR-017 and CDL-024.
"In approach mode, what guidance source must the flight control computer accept, and what deviation data must the FMS provide to support it?",vanilla,1,1-hop,True,True,All factual claims about FCC guidance source in APPROACH mode and FMS deviation data are explicitly supported by the retrieved contexts.
"Which security requirement cited by the payload design is ultimately satisfied by the autonomy function, and where is that same security constraint referenced again downstream?",agentic-graph,1,3+-hop,False,True,All facts about SEC-010's satisfaction by AUTO.AUTO-006 and downstream reference by PLD-012 are directly supported by the retrieved contexts.
"Which HMI requirement implements the FMS uplinked flight-plan change confirmation, including full-diff display before activation?",vanilla,2,1-hop,True,True,"All claims are directly supported by the retrieved contexts, specifically HMI-037 and FMS-022."
Which security requirement is ultimately traceable from the initial CDL requirement through the referenced FMS and downstream CDL verification chain?,vanilla,0,3+-hop,False,True,"All claims in the answer regarding SEC-010, its content, and the traceability path are directly supported by the retrieved contexts."
"How is an uplinked flight plan modification protected if cryptographic keys are zeroised, and what verification demonstrates the data link goes safely OFF afterward?",adaptive,2,2-hop,False,True,All claims are supported—the answer accurately states that no relevant requirements are present in the retrieved contexts and does not introduce unsupported details.
Which command-authentication fault-injection verification demonstrates compliance with the cited security assurance activities reference set?,vanilla,0,1-hop,True,True,All factual claims about SEC-019's content and its reference to DO-356A are directly supported by the retrieved contexts.
"How would the 60-minute HIL data review confirm the recorder captures BIT fault information from the mandatory parameter set, given the subsystem’s published health-status message details?",graphrag,0,2-hop,True,True,"Every claim in the answer is traceable to the provided requirements, with careful distinction between what is and is not specified in the contexts."
What verification demonstrates the autoland centreline touchdown accuracy required for AUTOLAND-certified Stratos-7 operations?,adaptive,0,1-hop,True,True,"All claims about the centreline touchdown accuracy, verification methodology, and CAT I limits are supported directly and explicitly by the retrieved contexts."
How is radar-altimeter EMC coexistence verification performed while the onboard GNSS receiver tracks its required frequencies with CDL transmissions active?,agentic-graph,0,2-hop,True,True,"All claims about the EMC coexistence test, involved transmitters, and required GNSS frequencies are traceable to the retrieved contexts without adding unsupported details."
What higher-level SAR mode requirement traces to the platform mandate for operator authorisation before leaving STANDBY for a transmitting state?,agentic,2,1-hop,True,True,All claims about SAR-005 tracing to PLD-006 and their content are directly supported by the contexts.
"Which security requirement referenced by the autonomy control requirement is satisfied by the same control requirement and, through that linkage, points to the downstream autonomy interface requirement?",agentic-graph,2,3+-hop,True,True,"All claims (SEC-010 linkage, AUTO-006 reference, AUTO-034 auth_tag, requirement chain) are explicitly supported in retrieved contexts."
Which HMI requirement references the flight-control requirement for joystick deadband and roll/pitch rate limiting on direct manual control?,graphrag,0,1-hop,True,True,"All claims in the answer are explicitly supported by the retrieved contexts, specifically HMI-025 and SKT1-FCC-003."
Which tactical datalink verification requirement demonstrates coordinated flight-plan separation compliance for coalition multi-aircraft FMS operation?,graphrag,2,1-hop,True,True,All answer claims are directly supported by the retrieved contexts DLNK-025 and ALX2-FMS-001.
Which INS state publication requirement satisfies the FCC need for 200 Hz inertial data delivery with no more than 5 ms end-to-end latency?,graphrag,1,1-hop,True,True,"All claims about INS-020, FCC-016, and their linkage are explicitly supported by the retrieved contexts."
Which flight computer control requirement is ultimately justified by the flight data recorder requirement through the linked security and built-in-test trace chain?,agentic-graph,1,3+-hop,False,True,Every claim in the answer is directly grounded and all identified missing links are verified by the contexts.
"How is operator-triggered MBIT maintenance on the FCC’s ground Ethernet port authenticated, and under what ground-only conditions is that port enabled?",adaptive,2,2-hop,True,False,"The claim that MBIT-related traffic is included is an unsupported inference, since MBIT is not mentioned in the contexts; only general maintenance traffic is specified."
"Which flight control requirement ultimately drives the cockpit interface behavior referenced through the control-chain dependency, and how does that end-to-end traceability flow across avionics and HMI?",agentic,0,3+-hop,False,True,The answer accurately states that the full end-to-end traceability is not present in the retrieved contexts and only makes claims directly verifiable from the provided requirements.
"Which display-level operator need ultimately traces through SAR processing and payload design to both EO/IR and radar sensing constraints, and what subsystem dependencies drive that allocation?",vanilla,0,3+-hop,False,True,All claims are directly supported by the retrieved contexts or appropriately qualified when information is absent.
Which payload command ID ranges must the PMC dispatch to each sensor or external store under the payload command routing table?,agentic,1,1-hop,True,True,"All command ID ranges and their routing targets are correctly listed, and the requirement to use the table and reject unknown commands is explicitly supported by PLD-009 and PLD-033."
Which SAR status message fields and update rate provide the health input the built-in test function aggregates into the overall payload health report?,graphrag,1,1-hop,True,True,All claims in the answer are supported directly by SAR-019 and BIT-026 in the contexts.
Which communications links must demonstrate DO-160G Category Y EMC coexistence without mutual interference with the radar altimeter and GPS?,graphrag,0,1-hop,True,True,"All claims about required subsystems, the specific coexistence relationships, and the scope of relevant requirements are supported by the retrieved contexts."
"When weight-on-wheels permits ground maintenance, what authentication must be enforced on the battery management unit’s service interface for firmware updates and calibration?",adaptive,0,2-hop,False,True,All claims about requirement absence and ICE-019 referencing authentication are directly supported by the contexts.
"Which flight-control capability traces through the security and ground-control requirements to ultimately satisfy the aircraft power-management requirement, and what intermediate constraints must be met end-to-end?",vanilla,0,3+-hop,False,True,All claims are supported and substantiated with explicit references to the provided requirement contexts.
"When coalition sensor handover control arrives over the tactical datalink, what operator-authenticated engagement constraints apply before the autopilot can enter a commanded mode?",agentic-graph,1,2-hop,False,True,"All claims about operator engagement, authentication, and lack of special handling for coalition sensor handover are directly supported by the retrieved contexts."
"For authenticated in-flight mode changes, how do the message authentication methods and key-rotation policy align with the Link 16 terminal’s approved crypto module and 30-day key storage?",agentic,2,2-hop,False,True,"The answer faithfully summarizes the available context and explicitly notes that details about authentication method, key-rotation policy, Link 16 crypto module, and 30-day key storage are not provide"
"During EMC Category Y coexistence testing with CDL and GPS active, which CDL operational modes should the radar altimeter remain interference-free in while maintaining RA track and PVT output?",agentic,2,2-hop,False,True,The answer only uses information explicitly stated in the retrieved contexts and avoids unsupported claims about CDL operational modes.
"For the live multi-aircraft separation test, which platform relies on navigation integration instead of an FMS, and what DAL applies to its navigation software?",graphrag,2,2-hop,True,True,"All claims (Skyrunner-T1 lacks FMS and uses Navigation Integration, NAV Fusion at DAL-B, test tied to AeroLynx-X2) are directly supported in the contexts."
How are the inertial-measurement structural-notch filters validated using ground-vibration data and in-flight flutter testing to show adequate damping through the required flutter-clearance margin?,agentic,2,2-hop,True,True,"All factual claims in the answer regarding notch filter application, coefficients, GVT process, frequency-response analysis, in-flight testing, and flutter-clearance margin are directly supported by t"
"Which HMI requirement implements the FMS uplinked flight-plan change confirmation, including full-diff display before activation?",agentic-graph,0,1-hop,True,True,"All claims about HMI-037's requirements for confirmation, full diff display, and referencing FMS-022 are directly supported by the retrieved context."
Which flight data recorder requirement traces to the power subsystem’s 10 Hz real-time power-status telemetry publication to the recorder?,adaptive,1,1-hop,True,True,"Every claim is directly supported by the retrieved contexts, specifically [PWR-015] and [FDR-028]."
What flight-test evidence demonstrates that hybrid-navigation accuracy supports the FMS’s enroute RNP lateral-guidance containment target when GPS/SBAS is available?,agentic-graph,1,2-hop,True,True,"All claims about flight-test evidence, mission count, and accuracy thresholds are directly supported by NAV-034 and NAV-006."
"What EPS status publication rate is required for the flight data recorder, and which endpoint requirement defines that interface?",adaptive,2,1-hop,False,True,"All claims about publication and recording rates, the involved message, and requirement IDs are directly supported by the retrieved contexts."
Which flight data recorder requirement traces to the power subsystem’s 10 Hz real-time power-status telemetry publication to the recorder?,agentic,0,1-hop,False,True,"All factual claims about EPS_STATUS_MSG, its 5 Hz rate, its delivery to the FDR, and lack of 10 Hz are directly supported by EPS-016 and EPS-020."
Which flight-control runaway-actuator fault response satisfies the emergency-management requirement for coordinated emergency mode entry?,agentic-graph,0,1-hop,False,True,All claims and requirement IDs are supported or logically inferred from the retrieved contexts.
"How do the automated control functions trace through security and emergency management constraints to the cockpit display behavior, and what end-to-end dependency does that imply?",graphrag,2,3+-hop,False,True,"All facts are supported by the requirements: the HMI-GCS interface, security RBAC/flight-phase filtering, emergency management coordination, and absence of more detailed display logic."
"How do the data link crypto module and key-retention requirements support authenticated autonomous autopilot mode engagements, particularly for exceptions like DAA Resolution and RTB?",agentic,2,2-hop,False,True,The answer only makes claims that are directly supported by the retrieved requirements and correctly indicates which elements are not substantiated by the provided context.
"For maintenance-only external GNSS aiding used to reduce TTFF after storage, what operator authentication must be completed first, and where is it enforced?",graphrag,2,2-hop,True,True,"All claims regarding operator authentication requirement, its enforcement per SEC-015, use of multi-factor authentication per GCS-008, and listed maintenance interfaces are supported in the contexts."
"Which flight-control verification requirement traces through power constraints to the GPS interface dependency, and what end-to-end rationale links those subsystems?",agentic-graph,1,3+-hop,True,True,"All factual claims are directly supported by retrieved contexts, referencing FCC-036, FCC-055, GPS-026, GPS-028, FCC-009, and the connection to power survivability, interface, and mode requirements."
"Which power requirement traces through the built-in test and security controls to satisfy the instrumentation requirement, and what security constraint is referenced at both ends of that path?",graphrag,2,3+-hop,False,False,"The answer references PWR-027 and an instrumentation requirement, but neither is present in the retrieved contexts."
"When coalition sensor handover control arrives over the tactical datalink, what operator-authenticated engagement constraints apply before the autopilot can enter a commanded mode?",agentic,1,2-hop,False,True,All claims in the answer are directly grounded in FCC-011 and ICE-019 from the retrieved contexts and no unsupported content is added.
How is the 10 Hz FCC background health monitoring constrained to avoid violating the outer-loop 50 Hz guidance jitter requirement?,graphrag,2,1-hop,True,True,"All claims about background health-monitoring rate, jitter constraints, applicability to the outer loop, related module interactions, and verification by timing measurement are directly supported by t"
How do the automated control requirements trace through the radar subsystem dependencies to justify the final referenced automation constraint across the full chain?,agentic-graph,2,3+-hop,False,True,"All claims are directly supported by the contexts, and limitations regarding the missing AUTO-020 content are correctly acknowledged."
"How is an EKF divergence detected, reset, and cross-referenced to flight data recording of the divergence snapshot and reset state?",adaptive,1,1-hop,True,True,"Every claim is explicitly supported by NAV-024, FDR-024, and NAV-036 in the retrieved contexts."
"How is an uplinked flight plan modification protected if cryptographic keys are zeroised, and what verification demonstrates the data link goes safely OFF afterward?",graphrag,0,2-hop,False,True,All claims in the answer are supported by the retrieved contexts with referenced requirement IDs and corresponding verification details.
"How is autonomous or operator-requested autopilot mode engagement authenticated over the data link, and what terminal cryptographic capability must support that protection?",graphrag,1,2-hop,True,True,All factual claims are supported and directly traceable to the provided requirement contexts.
Which endurance-capacity requirement is referenced by the laboratory discharge verification for the 30-minute RTB load profile?,adaptive,1,1-hop,True,True,"All claims, including the verification link between APM-037 and APM-009, timing, DoD value, and RTB profile, are directly supported by the retrieved contexts."
Which structural requirement defines the dedicated payload-bus routing and shielding needed to support the payload controller’s single-LRU installation near the bay rack?,vanilla,1,1-hop,True,True,All claims in the answer are directly quoted or accurately summarized from the retrieved contexts.
"When flying an LPV or LNAV/VNAV approach, what SBAS processing and resulting GPS-aided NAV accuracy must be maintained, and what minima remain if SBAS is lost?",agentic,2,2-hop,False,True,All claims in the answer are strictly grounded in the retrieved contexts and correctly note the absence of specifics about SBAS/approach requirements.
"What flight control computer behavior, as referenced by cockpit display logic and lighting requirements, ultimately satisfies the applicable security requirement?",adaptive,2,3+-hop,False,False,The answer adds context about the absence of cockpit display requirements and a summary of system behaviors not directly found in the retrieved requirements.
"Which INS-published state elements support the flight data recorder’s mandatory attitude, position, and velocity parameter capture?",graphrag,0,1-hop,False,True,"All claims about INS-published state elements (attitude, position, velocity) and their support for FDR parameter capture are supported by the retrieved requirements; distinctions regarding FDR source "
"Which flight computer security requirement flows through the data link to satisfy the communication subsystem requirement, and what intermediate security rationale connects them?",adaptive,1,3+-hop,False,True,"The answer accurately states limits of what is supported by the contexts, only summarizes security flows and rationale directly evidenced, and does not invent unsupported requirement IDs or connection"
"Which built-in test requirement is ultimately driven by the power requirement through the linked security and flight-control requirements, and what end-to-end rationale connects them?",adaptive,0,3+-hop,False,True,"The answer carefully identifies all claims that are supported by the context and explicitly notes the absence of a specific BIT requirement, making no unsupported assertions."
"Which flight control software requirement ultimately traces through detailed design to the flight data recording requirement for timestamped fault-event capture, and what intermediate control and recorder requirements connect them?",adaptive,2,3+-hop,False,True,"Every claim is directly supported by the retrieved requirements, including [INS-015] mapping to [FDR-018] for timestamped INS fault-event capture and [FCC-012] mapping to [FDR-008] for mode transition"
Which payload command ID ranges must the PMC dispatch to each sensor or external store under the payload command routing table?,vanilla,2,1-hop,True,True,All command ID ranges and routing details are directly supported by the provided Payload_Command_Routing table and PLD-009.
"How does the ground control requirement ultimately propagate through autonomy and energy management to the flight data recorder, and what recorder behavior is required as a result?",agentic,0,3+-hop,False,True,Every claim is backed by the ICE and FDR requirement chunks and the answer does not invent links through autonomy or energy management not in the contexts.
"Which flight control requirement ultimately traces through the GPS subsystem to an inertial navigation requirement, and what end-to-end behavior or dependency does that chain establish?",agentic,0,3+-hop,True,True,"Every factual claim in the answer is supported by the retrieved requirements, which together establish the functional dependency chain from FCC to NAV via GPS and INS; the caution about an explicit DO"
Which system-level security requirement is realized by the flight control computer’s command validation and rejection of invalid GCS commands?,vanilla,2,1-hop,True,True,"[SEC-008] is specifically cited as the system-level requirement enforced by FCC command validation and rejection, matching the traceability and validation behavior described in the contexts."
"How does the fuel-system requirement trace through data loading and flight-control software to the final data-loader constraint, and what end-to-end dependency does that establish?",agentic,0,3+-hop,False,True,"The answer accurately reflects that the retrieved contexts do not mention fuel-system or data-loader requirements, and restricts its claims to what is present in the contexts."
"For the Nimbus-C3 external cargo pod interface, what FCC lane architecture is the PMC’s MIL-STD-1760 umbilical implementation referencing?",agentic,1,1-hop,False,True,The answer correctly states that no claim can be made because no requirements were retrieved.
"On Stratos-7, how does the thrust-to-surface coordination logic at high N1 support compliance with the N1 reserve limit during takeoff and emergency power?",adaptive,1,2-hop,False,False,The answer makes claims about 'N1 reserve limit' and 'takeoff and emergency power' that are not explicitly stated in the retrieved contexts.
"Which security requirement cited by the payload design is ultimately satisfied by the autonomy function, and where is that same security constraint referenced again downstream?",vanilla,1,3+-hop,False,True,"Every claim in the answer is supported by the provided contexts, specifically linking SEC-003_1 to FCC.FCC-011 and noting the lack of evidence on payload or autonomy requirements."
"When an uplinked flight-plan change is received, what operator-confirmation workflow and full-diff display are required before activation, and what record must be stored afterward?",agentic,0,2-hop,True,True,"All statements about confirmation workflow, full-diff display, and logging requirements are directly supported by the retrieved contexts."
How do the GPS-derived power constraints propagate through command/data handling and back into power requirements to shape the inertial subsystem’s implementation?,agentic-graph,2,3+-hop,False,True,All claims in the answer are directly supported or explicitly scoped as absent based on the retrieved requirements without introducing unstated details.
How does the secure data-link implementation satisfy the automation-level requirement while propagating referenced constraints through automation behavior to the radar subsystem?,adaptive,1,3+-hop,False,True,"Every factual claim in the answer is supported by retrieved contexts, with appropriate caveats about missing links or referenced requirements."
"During a 50 ms Category Z primary-power interruption, how does the specified essential-bus hold-up provision ensure both the INS and FCC remain continuously operational?",graphrag,1,2-hop,True,True,"All claims about hold-up provision, ride-through requirements, and verification for FCC and INS during 50 ms interruption are directly supported by the retrieved contexts."
"After the command link is lost, what warning and command inhibit must the GCS provide while the aircraft returns to the current authenticated rally point?",agentic,0,2-hop,True,True,"All claims about GCS warnings, command inhibit, RTB engagement, and rally point updating are supported by the retrieved contexts."
Which security requirement is ultimately traceable from the initial CDL requirement through the referenced FMS and downstream CDL verification chain?,agentic,1,3+-hop,False,False,[SEC-008] is not provided in the retrieved contexts; all factual claims about it are unsupported.
"Which test requirement verifies, by RF-simulator satellite-fault injection, the FDE requirement to detect and exclude an unhealthy satellite within six seconds?",agentic,1,1-hop,True,False,"[GPS-034] is correctly identified as the test requirement, but the answer references [GPS-032], which is not present in the retrieved contexts."
How is the 10 Hz FCC background health monitoring constrained to avoid violating the outer-loop 50 Hz guidance jitter requirement?,adaptive,2,1-hop,True,False,The claim about the downstream Autopilot timing discipline and its interaction with FCC outer-loop timing is not supported by the retrieved contexts.
Does the primary essential bus power specification satisfy the flight control computer’s 28 VDC interface and undervoltage requirements?,graphrag,1,1-hop,True,True,Every claim in the answer is explicitly supported and reasoned from the retrieved contexts.
Which published fuel-status data does the flight control computer rely on to constrain commanded thrust to available fuel?,adaptive,0,1-hop,False,True,The answer accurately states that no retrieved requirement defines published fuel-status data or FCC reliance on such data for thrust constraint.
How does the command path from the ground station to the flight control computer ensure invalid commands are rejected before reaching the control laws?,adaptive,0,2-hop,True,True,"All claims about FCC command validation, rejection, Command_Validation table criteria, and interface-level enforcement before the control laws are supported by the retrieved contexts."
Which HIL lost-link test demonstrates verification that the autopilot enters RTB within one second and tracks to the rally point?,agentic-graph,0,1-hop,False,False,The claim that AUTO-039 checks RTB engagement 'within 1 s' is not explicitly supported in the contexts; only general engagement at timeout and track to rally point are mentioned.
Which avionics processing requirement traces through the security and built-in test specifications to the inspection criterion it ultimately satisfies?,vanilla,0,3+-hop,False,False,"The answer refers to ##ENG.ENG-037 and connects it to inspection criteria, but the retrieved contexts do not provide the actual text of ##ENG.ENG-037 or an explicit inspection criterion, making some t"
"What cryptographic authentication must the APM use when accepting autopilot mode engagement requests, and which autonomous modes are exempt from explicit operator engagement?",vanilla,1,2-hop,True,True,"All claims are supported by AUTO-006, which references authentication per ##SEC.SEC-010 and states DAA RESOLUTION and RTB modes are exempt from explicit operator engagement."
"How does the ground control requirement ultimately propagate through autonomy and energy management to the flight data recorder, and what recorder behavior is required as a result?",adaptive,2,3+-hop,False,True,All claims in the answer are traceable to the retrieved EPS and ICE requirements; recorder behavior is described only up to what is explicitly given in context.
"If the command link is lost long enough to trigger return-to-base, can the aircraft autonomously use the current operator-updated rally point without prior operator engagement?",adaptive,2,2-hop,True,True,All claims about autonomous RTB to an operator-updated rally point after lost-link timeout are traceable to the retrieved requirements.
"During high-power takeoff, how does the FCC’s reserve N1 limiting affect pitch-rate reduction logic and the engine-status data published to downstream systems?",vanilla,2,2-hop,False,True,All claims are explicitly supported by the retrieved requirement chunks or carefully note absence of coverage on engine-status data interfaces.
Which communications requirement is ultimately satisfied by the fuel-system requirement through the referenced security control and command/data link implementation chain?,agentic-graph,2,3+-hop,True,False,There is no support in the contexts for the claim that [FUEL-025] (fuel-system requirement) ultimately satisfies [COMM-019] (COMM voice-encryption requirement) through the security/control chain; no d
"During takeoff-to-climb transition, when may the FCC enable the inner-loop climb schedule given sustained climb rate, both main-gear WoW indications, sensor voting, and input debounce?",vanilla,2,2-hop,True,True,"All claims are directly supported by the retrieved requirements regarding climb rate, WoW inputs, debounce, sensor voting, and mode transition timing."
Which flight management 4D trajectory and RTA capability underpins the flight control computer’s continuous conformance monitoring and deviation alerting for civil operations?,graphrag,1,1-hop,True,True,"All claims about FMS 4D trajectory with RTA, FCC conformance monitoring, deviation limits, and NAV Fusion roles are directly supported by the retrieved contexts."
Which endurance-capacity requirement is referenced by the laboratory discharge verification for the 30-minute RTB load profile?,graphrag,0,1-hop,True,True,Both claims about which requirement is verified and the 30 min at 70% DoD supporting RTB are directly supported by the retrieved contexts.
"Which security requirement referenced by the navigation function ultimately traces to the GPS requirement it satisfies, and how does that navigation requirement connect the two?",agentic,0,3+-hop,True,True,"All claims are grounded in contexts, which show NAV-028 referencing GPS spoof detection and SEC.SEC-028, and GPS-023 referencing SEC.SEC-028; absence of further details on GPS.GPS-022 or SEC.SEC-028 i"
How is the FCC’s 100 ms debounced weight-on-wheels input behavior verified on DAL-A platforms under a single landing-gear sensor fault?,vanilla,0,2-hop,False,True,Every claim in the answer is supported or directly restates information from the retrieved contexts.
"What EPS status publication rate is required for the flight data recorder, and which endpoint requirement defines that interface?",agentic-graph,1,1-hop,True,True,All factual claims are directly supported and referenced in the retrieved contexts.
"On Stratos-7, how does the thrust-to-surface coordination logic at high N1 support compliance with the N1 reserve limit during takeoff and emergency power?",graphrag,2,2-hop,True,True,"All claims are directly supported by the retrieved contexts, with correct references to requirement IDs and their relationships."
How is the FCC’s 100 ms debounced weight-on-wheels input behavior verified on DAL-A platforms under a single landing-gear sensor fault?,vanilla,2,2-hop,False,True,"All claims in the answer are directly supported by the retrieved context, which lacks relevant verification information."
"Which flight-control capability traces through the security and ground-control requirements to ultimately satisfy the aircraft power-management requirement, and what intermediate constraints must be met end-to-end?",adaptive,2,3+-hop,False,True,"Every claim in the answer is supported by the retrieved requirements, and the answer explicitly notes where information is missing."
Which test evidence verifies the flight control computer’s 200 Hz inner-loop timing and jitter compliance under nominal and full-payload conditions?,agentic,0,1-hop,True,True,All claims are directly supported by FCC-052 and FCC-013 in the retrieved contexts.
Which fuel-totaling requirement feeds the flight management function that computes destination and alternate fuel predictions and minimum-fuel alerts?,adaptive,2,1-hop,True,True,"Every claim is traced directly to the retrieved contexts, with no extra detail added."
Which navigation requirement is ultimately supported by the security control satisfied by the GPS timing-reference requirement cited by the higher-level GPS requirement?,graphrag,2,3+-hop,False,True,Each link in the requirement satisfaction chain is supported by explicit references in the provided contexts.
"After the command link is lost, what warning and command inhibit must the GCS provide while the aircraft returns to the current authenticated rally point?",agentic,1,2-hop,True,True,"All factual claims are directly supported by GCS-007, and the answer correctly notes the absence of rally point details."
"For Stratos-7 max-brake-energy landings, how must brake cooling and software assurance align with the landing gear and braking specification?",graphrag,0,2-hop,True,True,"All claims about brake cooling, software assurance, and requirement IDs are supported by the provided contexts."
Can the flight data recorder capture fuel-state updates at a rate sufficient to support the flight management system’s top-of-climb and top-of-descent recalculation needs?,vanilla,0,2-hop,False,True,"Every factual claim is supported by the contexts, including FMS and fuel update rates, and the absence of FDR fuel-state recording requirements."
"How does the ground control requirement ultimately propagate through autonomy and energy management to the flight data recorder, and what recorder behavior is required as a result?",agentic-graph,1,3+-hop,False,True,All claims are grounded directly in the retrieved requirements and refrain from adding details beyond them.
"For maintenance-only external GNSS aiding used to reduce TTFF after storage, what operator authentication must be completed first, and where is it enforced?",agentic,2,2-hop,False,True,"All claims are supported or appropriately hedged based on the retrieved context, specifically GPS-029."
Which HMI requirement defines the suspend/resume controls and state indication needed to support the FMS suspended-mode resume behavior?,graphrag,1,1-hop,True,True,All claims reference content directly supported by the retrieved requirement contexts.
"During fault-injection testing, if the APU self-shuts down on a monitored health exceedance during start, what EPS mode transition and RTB behavior must be demonstrated?",agentic,2,2-hop,True,True,"All claims about BATT_ONLY declaration, RTB to AUTO issuance, bus/load transitions, and test demonstration are directly supported by the retrieved contexts."
Which flight data recorder requirement is ultimately referenced by the emergency monitoring requirement cited by the autonomous function verification requirement?,graphrag,2,3+-hop,False,True,The answer accurately states there is no FDR requirement referenced by EMS-006 in the retrieved contexts.
"How does the flight control requirement trace through the data link and flight management functions to the crew interface, and what flight management behavior closes the loop?",agentic,0,3+-hop,False,True,All claims are strictly supported by the retrieved contexts and requirement IDs; no extra details are added beyond explicit references.
What verification demonstrates the autoland centreline touchdown accuracy required for AUTOLAND-certified Stratos-7 operations?,agentic-graph,0,1-hop,True,True,"All claims about touchdown accuracy, verification approach, simulated conditions, and CAT I limits are explicitly supported by the contexts."
How is compliance shown that 10 Hz health-monitoring tasks do not cause the 50 Hz outer-loop guidance law to exceed its 95%-of-cycles 2 ms jitter limit?,agentic,2,2-hop,True,True,"All claims are supported: FCC-014 defines the jitter requirement, FCC-015 guarantees health-monitoring tasks do not violate jitter bounds, and no test method or verification requirement for FCC-015 is"
What higher-level SAR mode requirement traces to the platform mandate for operator authorisation before leaving STANDBY for a transmitting state?,agentic,1,1-hop,False,True,The answer correctly states that the retrieved contexts only concern ADS air-data requirements and do not mention SAR mode or operator authorisation for transmitting states.
"Which flight management interface requirement traces through the security control to satisfy the top-level flight management requirement, and what end-to-end rationale links them?",adaptive,0,3+-hop,False,True,"All claims about requirement trace, interface controls, security controls, and operator interaction are directly supported by the retrieved contexts."
Which endurance-capacity requirement is referenced by the laboratory discharge verification for the 30-minute RTB load profile?,adaptive,2,1-hop,True,False,"The claim that APM-009 'supports the return-to-base profile [APM-009]' is not supported verbatim; APM-009 supports the RTB profile per ##AUTO.AUTO-022, not APM-009 itself."
Does the primary essential bus power specification satisfy the flight control computer’s 28 VDC interface and undervoltage requirements?,agentic,0,1-hop,True,True,"All claims about voltages, bus types, and requirement references are directly supported or carefully noted as missing from the retrieved contexts."
Which application module requirement provides the 1 Hz battery state-of-charge data that the power subsystem uses to inhibit NORMAL mode entry below 85%?,adaptive,2,1-hop,False,True,"The answer accurately states that the retrieved contexts do not specify a requirement for 1 Hz battery state-of-charge data, the application module source, or the NORMAL mode inhibition below 85%."
"During the fault-injection mode-transition test, when battery-only operation is entered after generator and APU failures, which loads must remain powered and which bus ties must change state?",graphrag,2,2-hop,True,True,"All claims (loads retained, bus tie actions, and mode logic) are directly supported by requirements EPS-006, PWR-032, EPS-011, PWR-007, and APM-010 in the retrieved contexts."
"How does the ground control requirement ultimately propagate through autonomy and energy management to the flight data recorder, and what recorder behavior is required as a result?",agentic-graph,2,3+-hop,True,True,Every claim in the answer is supported or caveated by the retrieved context; no requirement or behavior is stated beyond what the contexts provide.
How do the automated control requirements trace through the radar subsystem dependencies to justify the final referenced automation constraint across the full chain?,graphrag,0,3+-hop,True,True,"Every factual claim in the answer is directly supported by explicit retrieved requirements and their relationships, and all requirement IDs referenced are present in the contexts."
"For high-altitude operation to 44,000 ft, what GPS-aided NAV position accuracy limit must the INS still meet?",adaptive,1,1-hop,True,True,All claims are directly supported by the retrieved context and accurately reference requirements.
Which SAR status message fields and update rate provide the health input the built-in test function aggregates into the overall payload health report?,graphrag,0,1-hop,True,True,All fields listed and update rate for SAR_STATUS_MSG are expressly stated in SAR-019; BIT-026 connects SAR_STATUS_MSG to BIT health aggregation.
"How does the engine management requirement trace through fuel system behavior to the cockpit indication requirement, and what fuel-related dependency is fed back into that control path?",adaptive,1,3+-hop,False,True,Every factual claim in the answer is directly supported by the retrieved contexts and uses only requirement IDs present therein.
How does the HIL GPS-outage test verify the fusion function meets the >60 s reversion and annunciation behavior required by the underlying inertial degraded mode requirement?,adaptive,0,2-hop,True,True,"All claims are supported by the retrieved contexts, including requirements, test logic, and the connection between NAV-035, NAV-007, and INS-013; the caveat about annunciation is accurate per the text"
"When the PMC is qualified to the specified DO-160G environment and EMC limits, what GNSS frequencies and constellations must remain operable without interference via DLNK coexistence?",adaptive,1,2-hop,False,True,"All claims in the answer are directly supported by the retrieved contexts, which specify coexistence with GPS but do not mention GNSS frequencies or constellations."
"For secure UHF voice operation, what encryption/authentication scheme and key-rotation policy apply, and what happens if no valid key is loaded?",graphrag,2,2-hop,True,True,"All claims are directly supported by the retrieved contexts, with correct citations and appropriate limitations noted."
"In linked mode, what ground-station command latency supports the command-data link’s 20 Hz command reception and downstream routing?",agentic-graph,1,1-hop,True,True,"All latency values and limitations are directly supported by the retrieved requirements, and the answer appropriately highlights unsupported claims regarding 20 Hz."
Which flight management 4D trajectory and RTA capability underpins the flight control computer’s continuous conformance monitoring and deviation alerting for civil operations?,agentic,0,1-hop,True,True,"All factual claims in the answer are directly supported by the retrieved contexts, with accurate citations and no extraneous details."
"When generator loss is induced on the iron-bird, which loads must drop during the transition to single-generator operation while flight-critical buses stay powered within limits?",graphrag,2,2-hop,True,True,"All claims about which loads must drop, which must remain, and bus/voltage requirements during SINGLE_GEN transition are explicitly supported by the retrieved contexts and tables."
"Which control law requirement, ultimately linked from the fuel system requirement through the payload design trace, is referenced by the same control document and then traced onward to the flight control computer?",graphrag,1,3+-hop,False,True,"All claims in the answer are supported directly by the contexts, including the lack of the required trace and document-level references."
"Which flight control requirement ultimately traces through the GPS subsystem to an inertial navigation requirement, and what end-to-end behavior or dependency does that chain establish?",agentic,1,3+-hop,True,True,"All claims about requirement traceability, end-to-end dependency, and the limitations of the retrieved context are substantiated by the provided requirements."
Which autonomy requirement is ultimately traced from the referenced security control through the data link requirement and subsequent security/autonomy satisfaction links?,vanilla,2,3+-hop,True,False,"The answer adds details about requirement relationships (e.g., links among requirements, dependencies on SEC-010) not provided explicitly in the retrieved contexts."
Which security requirement is ultimately traceable from the initial CDL requirement through the referenced FMS and downstream CDL verification chain?,graphrag,0,3+-hop,False,True,"All claims about SEC-010, FMS-022, CDL-030, CDL-012, and SEC-022 are directly supported by the contexts."
"If the ground station sends FCC-directed commands at 20 Hz, how are invalid ranges, rates, sequence numbers, and unknown targets handled before reaching control laws?",agentic-graph,0,2-hop,False,True,"All claims about validation of range, rate, sequence number, and limits are directly supported by FCC-031 and FCC-038; lack of explicit information on unknown target handling is also faithfully descri"
Which flight dynamics verification requirement traces through navigation references to the downstream navigation requirement governing the related guidance behavior?,vanilla,0,3+-hop,False,True,"All claims are supported by the retrieved contexts, with correct identification of content and explicit acknowledgment of the lack of a relevant flight dynamics verification requirement."
Which autonomy requirement is ultimately traced from the referenced security control through the data link requirement and subsequent security/autonomy satisfaction links?,agentic,2,3+-hop,False,True,The answer correctly states that the specific autonomy requirement and any satisfaction/trace links are not present in the retrieved contexts.
"What verification demonstrates emergency-mode entry on each triggering fault, including transition timing and operator annunciation performance?",adaptive,2,1-hop,True,True,All claims in the answer are directly supported by EMS-034 in the retrieved contexts.
"What flight data recorder requirement ultimately depends on inertial sensor provisions through navigation and GPS traceability, and how does that dependency chain affect recorded positioning data?",adaptive,1,3+-hop,True,True,All claims about the dependency chain from inertial/GPS through NAV to FDR position recording are directly supported by the retrieved contexts.
"During the fault-injection mode-transition test, when battery-only operation is entered after generator and APU failures, which loads must remain powered and which bus ties must change state?",agentic,1,2-hop,False,False,The claim regarding explicit operator command for P3-P6 load reconnection after BATT_ONLY is not supported for this test context in the retrieved requirements.
Which flight data recorder requirement captures APM battery/APU data around fault transitions to support the APU health exceedance shutdown logging requirement?,agentic,2,1-hop,True,True,All claims are explicitly supported by FDR-030 and APM-023 in the contexts.
How do the navigation power allocation constraints propagate through the command/data link back into power management and ultimately affect the flight control computer interface requirements?,vanilla,0,3+-hop,False,True,"Every claim in the answer is grounded in the retrieved contexts or explicitly notes the absence of relevant requirements, without adding unsupported details."
"When coalition sensor handover control arrives over the tactical datalink, what operator-authenticated engagement constraints apply before the autopilot can enter a commanded mode?",adaptive,1,2-hop,False,True,All claims in the answer are directly supported by the retrieved requirements and no unsupported details are added.
"During the 60-minute HIL verification, how should you confirm the flight recorder captures the emergency management system status information at the required cadence with valid timestamps?",adaptive,2,2-hop,False,True,"All claims about 60 min HIL extraction verification, confirming parameter presence and cadence, and distinction between SATCOM and flight recorder requirements are directly supported by FDR-070 and EM"
Which security requirement traces through autonomy functions to the radar interface constraint ultimately governing the referenced radar behavior?,agentic,2,3+-hop,False,True,All claims in the answer are grounded in the provided contexts and correctly note the missing information.
"Which command/data link verification requirement ultimately traces through the security controls to the flight control computer constraint, and how does that chain close back to the same security requirement?",agentic-graph,0,3+-hop,False,True,All claims about the SEC-035 and ENG-037 trace chain and its closed loop are directly supported by the retrieved contexts.
"Which flight control requirement ultimately traces through the GPS subsystem to an inertial navigation requirement, and what end-to-end behavior or dependency does that chain establish?",vanilla,1,3+-hop,True,True,"All claims in the answer are supported by the retrieved contexts, including the absence of a flight control requirement and the described dependencies between GPS, INS, and NAV modes."
"Which data-link requirement ultimately constrains the security and EMS references inherited by the automatic function, and how does that end-to-end trace propagate across those subsystems?",graphrag,1,3+-hop,False,True,"All claims are directly supported by the retrieved requirements, and references are accurately traced across subsystems using the provided context."
"When flying an LPV or LNAV/VNAV approach, what SBAS processing and resulting GPS-aided NAV accuracy must be maintained, and what minima remain if SBAS is lost?",agentic-graph,0,2-hop,False,True,"All claims in the answer are supported by the context, which does not provide specific approach requirements and only mentions horizontal NSE with GPS/SBAS in NAV-034."
"What flight data recorder requirement ultimately depends on inertial sensor provisions through navigation and GPS traceability, and how does that dependency chain affect recorded positioning data?",agentic-graph,2,3+-hop,False,True,"All claims about FDR mode-transition logging, navigation fusion, and the lack of explicit FDR positioning data requirements are directly supported by the retrieved contexts."
"For the flight data recorder’s mandatory engine-parameter logging, which engine status message fields must be captured, and at what recorder rate versus publication rate?",adaptive,0,2-hop,False,True,"The answer accurately states that the retrieved contexts do not contain information about mandatory engine-parameter logging or engine status message fields or rates, and it only references informatio"
How does payload-bay thermal management need to accommodate the SAR’s platform-specific steady-state and transmit-pulse power loads while keeping sensor electronics within operating range?,agentic,0,2-hop,True,True,"All factual claims (SAR steady-state and pulse loads, thermal management coordination, cold-plate thermal limits, and lack of more detailed control law) are supported by the retrieved contexts."
"During the 60-minute HIL verification, how should you confirm the flight recorder captures the emergency management system status information at the required cadence with valid timestamps?",graphrag,2,2-hop,True,True,"Every claim is explicitly grounded in the retrieved contexts about EMS_STATUS_MSG publication, HIL data extraction verification, relevance of parameter lists, and recorder behavior for other messages;"
"What top-level built-in test objective ultimately traces through the software requirement and logic design into the command/data link implementation, and what downstream design obligation does it impose?",adaptive,0,3+-hop,False,True,"All claims in the answer are directly supported by the contexts, and the answer does not invent a top-level BIT objective where it is absent."
Can the GCS uplink a flight plan change over the command data link while requiring operator confirmation before the FMS activates it?,agentic-graph,1,2-hop,False,True,All claims in the answer are strictly supported by the retrieved contexts or logical absence thereof.
"On Stratos-7, how does the thrust-to-surface coordination logic at high N1 support compliance with the N1 reserve limit during takeoff and emergency power?",vanilla,0,2-hop,True,True,"All claims about N1 limits, pitch-rate reduction, and their coordination are explicitly supported by the retrieved requirements."
Which navigation requirement is ultimately supported by the security control satisfied by the GPS timing-reference requirement cited by the higher-level GPS requirement?,agentic,1,3+-hop,True,True,The answer accurately states that the full cited trace from security control to navigation requirement does not appear in the retrieved requirements.
"When generator loss is induced on the iron-bird, which loads must drop during the transition to single-generator operation while flight-critical buses stay powered within limits?",adaptive,2,2-hop,False,True,"All claims and statements in the answer are directly referenced from the retrieved contexts, and the answer remains within the limits of provided information."
How is radar-altimeter EMC coexistence verification performed while the onboard GNSS receiver tracks its required frequencies with CDL transmissions active?,graphrag,0,2-hop,True,True,"All claims are supported directly by the retrieved requirements, with no added unsupported details."
"For AeroLynx-X2, how is single-engine-out detection and asymmetric-thrust compensation validated from injected N1 loss through FCC response and operator notification timing?",graphrag,2,2-hop,True,True,"All procedural steps and performance claims about detection trigger, test method, FCC detection timing, compensation, and notification are explicitly verified or inferable from the retrieved contexts."
What verification demonstrates the autoland centreline touchdown accuracy required for AUTOLAND-certified Stratos-7 operations?,adaptive,2,1-hop,True,True,"All claims, including touchdown accuracy, verification method, wind conditions, test count, and CAT I certification parameters, are directly supported by the provided contexts."
"How does the engine management requirement trace through fuel system behavior to the cockpit indication requirement, and what fuel-related dependency is fed back into that control path?",vanilla,2,3+-hop,False,True,"All factual claims are supported by the provided contexts, and the answer notes the limitations explicitly."
"When a validated DAA advisory arrives, how quickly must the GCS alert the crew, and what manoeuvre rates can the autopilot command in resolution mode?",vanilla,1,2-hop,True,True,"All timing, actions, and manoeuvre rates are supported by the retrieved contexts; requirement IDs are correct and referenced accurately."
"Does the flight-plan upload path use the same public-key signature controls as field firmware updates over MBIT, including GCS countersignature and rejection of invalid, expired, or revoked loads?",vanilla,2,2-hop,True,True,"Every claim is grounded in the contexts, and limitations are properly noted where information about MBIT updates is absent."
"Which operator command categories must the fuel subsystem accept via the command/data link interface, and how are those commands routed?",adaptive,0,1-hop,False,True,"The answer accurately states that the retrieved contexts do not contain any information about the fuel subsystem or its command routing, and references ICE subsystem facts only present in the contexts"
"In the 60-minute HIL recorder coverage check, how is compliance shown for the autopilot mode parameter sourced from the autopilot annunciation output at 2 Hz?",agentic-graph,0,2-hop,False,True,All claims are either directly stated in the contexts or the absence of specific coverage/verification requirements is correctly identified.
"If an operator commands an emergency return or diversion, what encryption, authentication, and key-validity conditions must the communications link and secure UHF voice satisfy before execution?",agentic,1,2-hop,False,True,All claims are directly grounded in the retrieved contexts and no unsupported requirements are introduced.
"In battery-only flight, what SoC data path and update rate support critical-battery RTB, and how does the power subsystem’s SoC monitoring relate to mode-entry constraints?",agentic-graph,1,2-hop,False,True,"The answer correctly states that SoC data path and update rate are not specified, and the description of SoC monitoring and mode-entry constraints accurately reflects the retrieved requirements withou"
"Which APM requirement is ultimately traced from the EPS power-distribution requirement through the intermediate EPS dependencies, and what system function does that end requirement govern?",graphrag,0,3+-hop,False,True,"Every claim about the trace from PWR-032 through EPS-006 to APM-015 is supported by the contexts, and the description of the governed function is based on EMS-016."
Which asymmetric signature algorithms in the crypto selection table are mandated for verifying loadable software and data signatures?,agentic-graph,1,1-hop,True,True,Both SEC-017 and SEC-020 support that RSA-3072 or ECDSA-P256 are mandated for verifying loadable software and data signatures.
"How does the security requirement propagate through built-in test and power into the instrumentation requirement, and what referenced security dependency must also be considered?",vanilla,2,3+-hop,False,True,"All claims interpret or directly quote the retrieved contexts, without unsupported detail or requirement IDs, and correctly cite TVRA, regression testing, and partition guarding as grounded mechanisms"
"For the live multi-aircraft separation test, which platform relies on navigation integration instead of an FMS, and what DAL applies to its navigation software?",vanilla,0,2-hop,True,True,"All claims are directly supported by the retrieved contexts, specifically FMS-001 and NAV-001."
"For maintenance-only external GNSS aiding used to reduce TTFF after storage, what operator authentication must be completed first, and where is it enforced?",agentic-graph,1,2-hop,True,True,"All claims regarding multi-factor authentication, enforcement at relevant maintenance interfaces, and the specific ports are directly supported by the provided contexts."
"How does the two-aircraft live-network separation test demonstrate the coordinated-flight function is supported by guidance accuracy sufficient to meet enroute, terminal, and approach TSE limits?",vanilla,1,2-hop,False,True,All claims in the answer are directly traceable to retrieved contexts and do not add unsupported information.
What upstream GNSS timing output and interfaces justify the navigation fusion function’s 1 Hz bus time-synchronisation service and GPS-derived accuracy source?,agentic-graph,1,1-hop,True,True,"All claims (timing outputs, interfaces, frequencies, accuracy, platform carriage, and justification links) are explicitly supported or directly inferable from the retrieved requirements."
"During standby-to-coarse-align motion rejection, what operator alignment-status indication is required on the HMI?",agentic,1,1-hop,True,True,"All claims, including MOTION_DETECTED annunciation and alignment display details, are explicitly supported by INS-006 and HMI-070."
How is compliance shown that 10 Hz health-monitoring tasks do not cause the 50 Hz outer-loop guidance law to exceed its 95%-of-cycles 2 ms jitter limit?,graphrag,2,2-hop,True,True,"All claims are directly supported by FCC-014, FCC-015, FCC-052, and AUTO-011 as shown in the retrieved contexts."
"During an MBIT firmware update, how should invalid or expired signature detection drive FMS mode transition and allowable navigation capability?",agentic-graph,0,2-hop,False,True,The answer only states what is and is not present in the retrieved contexts and does not add unsupported details.
"Can the control station’s 2 Hz engine telemetry support validating waypoint fuel-flow prediction accuracy, given the engine status message content and rate published for downstream flight management use?",graphrag,0,2-hop,False,True,"Every claim in the answer is supported or explicitly linked to the retrieved requirements; RATE, data content, roles of FUEL and FCC engine messages, and FMS verification are all correctly described o"
How is the FCC’s 100 ms debounced weight-on-wheels input behavior verified on DAL-A platforms under a single landing-gear sensor fault?,agentic,0,2-hop,False,True,"Every claim in the answer is directly supported by FCC-048 and FCC-053, and it correctly notes the lack of verification detail in the contexts."
"What flight data recorder requirement ultimately depends on inertial sensor provisions through navigation and GPS traceability, and how does that dependency chain affect recorded positioning data?",adaptive,0,3+-hop,True,True,"Every claim in the answer is directly supported by requirements [FDR-004], [FDR-016], [NAV-008], [INS-013], [INS-014], [GPS-006], [GPS-008], and [FDR-022] as provided in the retrieved contexts."
"For maintenance-only external GNSS aiding used to reduce TTFF after storage, what operator authentication must be completed first, and where is it enforced?",agentic,0,2-hop,False,True,All claims are supported or carefully limited to what is provided by GPS-029.
"In ground mode, what requirement defines the authorized control-surface command path, and which ground system requirement implements that interface?",agentic,2,1-hop,True,True,"All claims are directly supported by FCC-007, which defines the command path and references GCS.GCS-022 as the interface, with no unsupported content added."
"When the power module detects an APU exceedance and commands shutdown, what flight data recording rates and fault-window capture are required?",agentic,0,1-hop,False,True,The answer accurately reflects that the retrieved contexts contain no flight data recorder or fault-window capture requirements and grounds all claims directly in the provided requirement text.
"How would the 60-minute HIL data review confirm the recorder captures BIT fault information from the mandatory parameter set, given the subsystem’s published health-status message details?",vanilla,1,2-hop,False,True,"All claims in the answer are directly supported by the retrieved requirements, with no details added or contradicted."
"For ground-maintenance fault-injection on the power subsystem via the BIT maintenance interface, what operator authentication is required before BPCU commands are accepted?",adaptive,1,2-hop,False,True,"All claims are directly supported by the retrieved contexts, and limitations/unknowns are accurately stated without unsupported additions."
Which autonomy requirement is ultimately traced from the referenced security control through the data link requirement and subsequent security/autonomy satisfaction links?,graphrag,2,3+-hop,True,False,"The answer claims AUTO-006 'satisfies SEC-010', but the context says 'Satisfies: ##SEC.SEC-010' (not SEC-010), and does not link SEC-010 to any referenced security control; the 'trace path' adds unsup"
How is radar-altimeter EMC coexistence verification performed while the onboard GNSS receiver tracks its required frequencies with CDL transmissions active?,agentic,2,2-hop,False,True,All claims in the answer acknowledge absences in the retrieved contexts and only restate requirements related to GNSS from the contexts.
What hardware-protected mechanism and software-extraction constraint apply to the AES-256 key-wrapping storage method specified in the crypto selection table?,graphrag,0,1-hop,True,True,All claims are found directly in the retrieved contexts SEC-017 and SEC-005.
"How is a suspected GPS spoofing event detected in the inertial filter, handled in navigation fusion, and propagated to security monitoring and logging?",adaptive,1,2-hop,True,True,"All claims are directly supported by the retrieved requirements, with no additional unsupported details added."
"Which flight-control initialization constraint governs the termination-mode full nose-down, throttle-cut command before subsequent recovery commands are rejected?",vanilla,0,1-hop,True,True,Each factual claim and cited requirement is directly supported by the retrieved contexts.
Which built-in test requirement ultimately satisfies the security control referenced by the flight data recorder requirement through the flight control computer trace chain?,agentic-graph,2,3+-hop,False,True,All claims about the traced requirement links and lack of determinable satisfaction chain are supported by the retrieved contexts.
"For autonomous mode engagement exceptions, what authentication mechanism must operator engagement requests use on the control data links?",adaptive,1,1-hop,False,True,The answer accurately states that the requirement is not specified in the retrieved contexts and summarizes only what is present.
"How is operator-triggered MBIT maintenance on the FCC’s ground Ethernet port authenticated, and under what ground-only conditions is that port enabled?",agentic-graph,2,2-hop,True,True,Every claim in the answer about the port's enable conditions and requirement for authenticated maintenance traffic is directly supported by FCC-044.
"When the PMC is qualified to the specified DO-160G environment and EMC limits, what GNSS frequencies and constellations must remain operable without interference via DLNK coexistence?",vanilla,1,2-hop,False,True,"All claims in the answer are supported by the supplied contexts, and it correctly notes the absence of details about GNSS frequencies or constellations."
"Which integration-rig HIL test verifies the backup GCS cold-standby switchover requirement, including two-minute recovery and retained control authority?",vanilla,1,1-hop,True,True,"All claims about test [GCS-040] verifying [GCS-025], the 2-minute switchover, and retained control authority are present in the retrieved contexts."
What higher-level SAR mode requirement traces to the platform mandate for operator authorisation before leaving STANDBY for a transmitting state?,agentic-graph,2,1-hop,True,True,"Every factual claim in the answer is fully supported by the retrieved contexts, including the trace from SAR-005 to PLD-006 and the requirement content."
"Which autonomy requirement is ultimately supported by the security control referenced by the communications verification requirement, and what communications item provides the verification evidence?",agentic-graph,2,3+-hop,True,True,"Every claim is directly supported by the contexts, including the trace from COMM-030 to COMM-019 to SEC-010 to AUTO-006."
Which power hold-up requirement ensures the EMS maintains state through a 50 ms essential-bus interruption?,agentic,2,1-hop,False,True,All claims accurately reflect the retrieved contexts without adding unsupported information.
"Given the SAR’s EMC coexistence with the CDL, which GNSS bands and constellations must remain trackable on Stratos-7, AeroLynx-X2, and Nimbus-C3?",adaptive,2,2-hop,True,True,All listed GNSS bands and constellations are directly supported by requirement GPS-009 in the retrieved contexts.
"If the operator commands autonomous-flight mode engagement from the ground station, how must the command be routed, and which modes still require explicit authenticated engagement?",adaptive,2,2-hop,True,True,"All claims about routing, authentication, explicit engagement, and listed modes are supported by FCC-011, AUTO-006, and AUTO-005, with cited limitations about GCS origins."
"For Stratos-7 max-brake-energy landings, how must brake cooling and software assurance align with the landing gear and braking specification?",graphrag,1,2-hop,True,True,"All claims about max-brake-energy value, brake type, cooling, and software assurance are directly supported by the retrieved contexts."
Which power requirement provides the continuously available hold-up energy the CDL relies on to ride through a 50 ms Category Z interruption?,graphrag,1,1-hop,True,True,"All claims in the answer are directly substantiated by the retrieved contexts, specifically PWR-018 and CDL-025."
Which structural requirement defines the dedicated payload-bus routing and shielding needed to support the payload controller’s single-LRU installation near the bay rack?,graphrag,0,1-hop,True,True,"All claims are directly supported by the retrieved contexts, specifically STR-038 and PLD-003."
"Which autonomy requirement is ultimately supported by the security control referenced by the communications verification requirement, and what communications item provides the verification evidence?",vanilla,2,3+-hop,False,True,All claims in the answer are directly supported by COMM-019 and no unsupported requirement chains are asserted.
"How does the flight control requirement trace through the data link and flight management functions to the crew interface, and what flight management behavior closes the loop?",graphrag,2,3+-hop,False,True,All claims are explicitly supported by the cited requirements in the contexts.
"Does the flight-plan upload path use the same public-key signature controls as field firmware updates over MBIT, including GCS countersignature and rejection of invalid, expired, or revoked loads?",agentic-graph,1,2-hop,False,True,The answer accurately reflects that the retrieved contexts do not address the specific security controls for flight-plan uploads or field firmware updates.
"If an operator commands an emergency return or diversion, what encryption, authentication, and key-validity conditions must the communications link and secure UHF voice satisfy before execution?",agentic,2,2-hop,False,True,"All details about authentication, command validation, UHF voice encryption, key validity, and alerts are directly supported by the retrieved contexts without any extra unsupported claims."
How do the emergency management constraints propagate through power allocation and navigation dependencies to determine the final command/data link behavior?,graphrag,2,3+-hop,False,True,All claims and limitations are directly supported by the retrieved requirements and no unsupported inferences are made.
How does the FCC’s 1 Hz BIT status reporting drive both FDR health-record storage and the BIT subsystem’s consolidated health-status publication?,vanilla,1,2-hop,True,True,"All claims about message flow, rates, and publication/storage are directly stated in the retrieved requirements."
Which power-system verification artifact traces through the automation and emergency-management requirements to the automation requirement ultimately satisfied by the emergency-management function?,agentic-graph,0,3+-hop,False,True,"Every claim is grounded in or directly stated by the retrieved contexts, and the answer does not add unsupported details."
"How does navigation fusion respond to inertial/GPS spoof indications, and which INS spoof-detection criteria drive rejection of suspect GPS updates?",vanilla,2,1-hop,True,True,"All claims are directly supported by the retrieved contexts, matching requirements IDs and criteria exactly."
"Can the control station’s 2 Hz engine telemetry support validating waypoint fuel-flow prediction accuracy, given the engine status message content and rate published for downstream flight management use?",agentic,2,2-hop,False,True,Every claim in the answer is grounded and justified by the absence of information in the provided contexts.
"How is a malformed GCS command screened against table-defined limits, sequence, and authentication before rejection and prevention of propagation into the control laws?",agentic-graph,0,2-hop,True,True,"All claims about screening, limits, sequence, authentication, rejection, and suppression are directly supported by FCC-031 and FCC-040."
"Which built-in test verifies the power requirement tied to the cited security control, and what ground-control interface constraint is ultimately referenced through that chain?",agentic-graph,1,3+-hop,True,True,"All factual claims are directly supported by the requirement contexts, including test, interface, authentication chain, and referenced standards."
"During takeoff-to-climb transition, when may the FCC enable the inner-loop climb schedule given sustained climb rate, both main-gear WoW indications, sensor voting, and input debounce?",graphrag,0,2-hop,True,True,"Every factual claim about climb rate threshold, WoW logic, sensor voting, debounce, and enablement timing is directly supported by the retrieved contexts."
Which flight data recorder requirement is verified by the flight control computer’s obligation to log every mode transition for the last 50 flight hours?,vanilla,1,1-hop,True,False,[FDR-008] alone is the flight data recorder requirement verified and cited by the context; [FCC-012] is not a flight data recorder requirement as per the retrieved contexts.
"How does the flight control requirement trace through the data link and flight management functions to the crew interface, and what flight management behavior closes the loop?",adaptive,1,3+-hop,False,True,"Every factual claim about flight-plan modification trace, operator confirmation, command routing, and logging is directly supported by the retrieved contexts."
"In approach mode, what guidance source must the flight control computer accept, and what deviation data must the FMS provide to support it?",agentic-graph,1,1-hop,False,True,All statements regarding the FCC’s guidance source in approach mode and the limits of what can be said about FMS-provided deviation data are supported by the retrieved contexts.
"In the 60-minute HIL recorder coverage check, how is compliance shown for the autopilot mode parameter sourced from the autopilot annunciation output at 2 Hz?",agentic,1,2-hop,False,True,"All factual claims are directly supported by the retrieved requirements, with no extraneous details or unsupported citations."
How do the GPS-derived power constraints propagate through command/data handling and back into power requirements to shape the inertial subsystem’s implementation?,graphrag,1,3+-hop,False,True,Every claim in the answer is explicitly supported by or directly inferred from the retrieved requirements without adding unsupported detail.
How is the flight data recorder’s operator-action logging requirement satisfied by the ground control station’s audit trail and retention provisions?,agentic-graph,2,1-hop,False,True,All claims in the answer are directly supported by the retrieved contexts and no unsupported details are added.
What authentication and access conditions must be met to use the INS maintenance port for firmware updates during ground fault-injection testing commanded by BIT?,adaptive,2,2-hop,False,True,"The answer states there is no requirement about INS maintenance port, firmware update authorization, or authentication/access conditions in the retrieved contexts, which is accurate based on the provi"
"Which flight control computer requirement is ultimately referenced by the power verification path through the communications data link, and what upstream power requirement does it trace back to?",adaptive,0,3+-hop,False,True,All claims about the requirements and their relationships are supported by the retrieved contexts.
"Which flight control requirement is ultimately traced from the referenced air data requirement through the intermediate air data dependency, and how does that end-to-end linkage propagate across the ADS–FCC boundary?",agentic,0,3+-hop,False,True,"Every factual claim is grounded in the retrieved requirements; all inferences about the ADS-FCC linkage and dependencies are justified by cited requirements, and the absence of an explicit trace is co"
"When flying an LPV or LNAV/VNAV approach, what SBAS processing and resulting GPS-aided NAV accuracy must be maintained, and what minima remain if SBAS is lost?",adaptive,2,2-hop,False,True,All claims in the answer are directly supported by (or quoted from) the provided retrieved contexts.
"If the operator commands autonomous-flight mode engagement from the ground station, how must the command be routed, and which modes still require explicit authenticated engagement?",vanilla,2,2-hop,True,True,"All claims about command routing, authentication, sequence number, explicit engagement requirements, and supported modes are directly supported by the retrieved contexts."
How does the APM guidance requirement trace through security and built-in test constraints into flight-control behavior and ultimately the landing subsystem requirement?,vanilla,2,3+-hop,False,True,All claims are directly supported by the retrieved requirements and the answer clearly notes what is not present in the contexts.
Which published inertial navigation state data and timing are required to support SAR motion compensation and absolute geolocation accuracy?,agentic,0,1-hop,False,True,"All claims about published navigation-state data and timing are directly supported by the requirements in the retrieved contexts, and the limitations regarding SAR-specific requirements are correctly "
"For AeroLynx-X2, how is single-engine-out detection and asymmetric-thrust compensation validated from injected N1 loss through FCC response and operator notification timing?",vanilla,1,2-hop,True,True,All validation steps and timing are grounded in the retrieved requirements; operator notification timing is correctly limited to citation only.
"Which operational modes are defined for the INS, and what preconditions and timing govern transitions between them?",vanilla,1,1-hop,True,True,"All operational modes, transitions, preconditions, timing, and GPS loss behavior are fully supported by the provided contexts."
"Which flight management function, via the flight data recorder linkage, ultimately traces to the data link requirement, and how is that end-to-end dependency justified across subsystems?",vanilla,0,3+-hop,False,True,Every claim in the answer is supported by the retrieved contexts and no unsupported inferences are made about subsystem traces or specific data link requirements.
"How is an uplinked flight plan modification protected if cryptographic keys are zeroised, and what verification demonstrates the data link goes safely OFF afterward?",adaptive,1,2-hop,False,True,The answer accurately reflects that the retrieved contexts contain no information on data-link or cryptographic protection and only discuss ADS air-data functions.
"How does the payload’s structural interface flow down through the data link and command/telemetry link into the communications subsystem, and what end-to-end constraints must remain consistent?",vanilla,0,3+-hop,False,True,All factual claims in the ANSWER are explicitly grounded in the provided CDL requirements and acknowledge the absence of structural interface requirement details.
What authentication and access conditions must be met to use the INS maintenance port for firmware updates during ground fault-injection testing commanded by BIT?,agentic-graph,0,2-hop,True,True,All claims and limitations are directly grounded in the retrieved requirements.
"For authenticated in-flight mode changes, how do the message authentication methods and key-rotation policy align with the Link 16 terminal’s approved crypto module and 30-day key storage?",adaptive,1,2-hop,False,True,"All claims regarding authentication methods, key-rotation policy, and the Link 16 Type 1 crypto module with 30-day key storage are supported and properly related to the retrieved requirements."
"Which flight-control requirement ultimately drives the GPS timing/power dependency through the referenced power allocation chain, and how does that dependency propagate across the involved subsystems?",vanilla,1,3+-hop,False,False,"The answer introduces FCC-036 and GPS-026 as explicit requirement IDs, but these are not present in the retrieved contexts except as references (e.g., ##FCC.FCC-036), and additional inference chains a"
"If primary aircraft power drops out for 50 ms, how do the FCC hold-up requirement, essential-bus energy provision, and GNSS ride-through capability align?",adaptive,2,2-hop,False,True,All claims are directly supported and correctly referenced from the retrieved contexts.
"If a condition escalates to WARNING, how quickly must the ground station annunciate it, and what audio cue and repeat behavior are required?",agentic,2,2-hop,True,True,"All timing, audio cue, and repeat behavior claims are directly supported by the retrieved requirements and Audio_Alert_Table."
How is the landing weight-on-wheels dual-sensor/voting architecture verified to ensure correct discrete output under a single-sensor fault?,agentic-graph,0,1-hop,True,True,"All verification details, sensor count, voting logic, test approach, and FCC interaction are directly supported by the retrieved contexts."
How do the emergency management constraints propagate through power allocation and navigation dependencies to determine the final command/data link behavior?,agentic,2,3+-hop,False,True,Every claim in the answer is directly supported or lightly inferred from the retrieved requirement chunks.
"Which INS-published state elements support the flight data recorder’s mandatory attitude, position, and velocity parameter capture?",agentic,2,1-hop,True,True,"All claims about supported state elements and their interface derivation are grounded in the retrieved context, and limitations are correctly noted."
"For the Skyrunner-T1 test configuration, how is the FCC’s duplex single-LRU architecture derived from the platform-dependent independent-lane requirement?",vanilla,1,1-hop,True,True,"All claims about the FCC architecture, derivation from FCC-003, comparison with other platforms, and the power interface are directly supported by the retrieved requirements."
"During the 60-minute HIL verification, how should you confirm the flight recorder captures the emergency management system status information at the required cadence with valid timestamps?",vanilla,1,2-hop,True,True,All claims in the answer are supported by or strictly derived from the provided contexts without adding unsupported details.
"During EMC Category Y coexistence testing with CDL and GPS active, which CDL operational modes should the radar altimeter remain interference-free in while maintaining RA track and PVT output?",graphrag,1,2-hop,False,True,All claims in the answer are directly supported and justified by the retrieved contexts.
"Which display-level operator need ultimately traces through SAR processing and payload design to both EO/IR and radar sensing constraints, and what subsystem dependencies drive that allocation?",agentic-graph,0,3+-hop,False,True,"All claims in the answer are directly supported by the retrieved contexts, and the answer correctly states that requirements about display-level operator needs, SAR processing, payload design, EO/IR, "
"During fault-injection testing, if the APU self-shuts down on a monitored health exceedance during start, what EPS mode transition and RTB behavior must be demonstrated?",graphrag,0,2-hop,True,True,"All claims about mode transition to BATT_ONLY, contactor/load state, RTB command, and relevant test scenarios are directly supported by the provided contexts."
Which payload requirement is ultimately satisfied by the security control referenced through the flight-control communication link that fulfills the communication requirement?,agentic-graph,2,3+-hop,False,True,All references and the trace from CDL-030 to PLD-010 and associated security controls are present and grounded in the retrieved contexts.
"In INIT mode, what signed-manifest and signature-validation checks must the FMS apply before accepting a navigation database revision?",graphrag,0,1-hop,True,True,"All claims about CRC check, signature-validation scheme and parameters, AIRAC expiry, and FAULT mode transition are explicitly supported by the retrieved contexts."
