query,pipeline,repeat,query_type,orig_gpt41,new_gpt41,new_reason
"During the 60-minute HIL verification, how should you confirm the flight recorder captures the emergency management system status information at the required cadence with valid timestamps?",adaptive,2,2-hop,True,True,"Every claim in the answer is supported by FDR-070, including the need to extract 60 min data, check parameters' presence, verify cadence and timestamps, and that the required rate for EMS status is no"
"How is operator-triggered MBIT maintenance on the FCC’s ground Ethernet port authenticated, and under what ground-only conditions is that port enabled?",agentic-graph,2,2-hop,True,False,"The answer includes additional information not present in the contexts, such as PBIT/airspeed requirements and references to MBIT, which are not supported by the retrieved contexts."
Which endurance-capacity requirement is referenced by the laboratory discharge verification for the 30-minute RTB load profile?,adaptive,1,1-hop,True,True,All claims and references to APM-037 and APM-009 are directly supported by the retrieved contexts.
"If an operator commands an emergency return or diversion, what encryption, authentication, and key-validity conditions must the communications link and secure UHF voice satisfy before execution?",agentic,2,2-hop,False,True,"All claims about authentication, encryption, and key-validity are explicitly supported or carefully scoped to what the retrieved contexts specify."
"How does the engine management requirement trace through fuel system behavior to the cockpit indication requirement, and what fuel-related dependency is fed back into that control path?",vanilla,2,3+-hop,False,False,The answer references FUEL-010 and provides inferences about traceability paths and feedback mechanisms not explicitly stated in the retrieved contexts.
Does the equipment management system ingest power-subsystem mode/status over the primary avionics bus at a minimum 5 Hz update rate?,graphrag,1,1-hop,False,True,"All claims in the answer are directly supported or reasoned from the retrieved requirements, with no unsupported details added."
How does the command path from the ground station to the flight control computer ensure invalid commands are rejected before reaching the control laws?,adaptive,0,2-hop,True,True,"All claims about FCC input-validation, rejection mechanism, command validation fields, error return, and mode-path protection are directly supported by FCC-031, FCC-040, and FCC-007."
"Which test requirement verifies, by RF-simulator satellite-fault injection, the FDE requirement to detect and exclude an unhealthy satellite within six seconds?",agentic,1,1-hop,True,False,The reference to 'the applicable time-to-alert of GPS-032' adds a specific requirement ID and timing detail not found in the retrieved contexts.
"How does the engine management requirement trace through fuel system behavior to the cockpit indication requirement, and what fuel-related dependency is fed back into that control path?",adaptive,1,3+-hop,True,True,"All claims are supported by the retrieved contexts, matching cited requirements and respecting the absence of cockpit indication details."
"How does the security requirement propagate through built-in test and power into the instrumentation requirement, and what referenced security dependency must also be considered?",vanilla,2,3+-hop,False,False,"The answer infers BIT is within the affected onboard computing environment due to secure boot, but no context explicitly links BIT to secure boot or discusses propagation to instrumentation or power r"
"Which security requirement cited by the payload design is ultimately satisfied by the autonomy function, and where is that same security constraint referenced again downstream?",agentic-graph,1,3+-hop,True,True,"All claims about SEC-008 being cited by the payload and satisfied downstream by FCC-031, FCC-040, and CDL-013 are directly supported in the contexts."
"During the 60-minute HIL verification, how should you confirm the flight recorder captures the emergency management system status information at the required cadence with valid timestamps?",graphrag,2,2-hop,True,True,"All claims in the answer are explicitly supported or appropriately limited by the retrieved contexts, and requirements FDR-070 and EMS-008 are correctly applied without inventing parameter details."
"Which flight-control capability traces through the security and ground-control requirements to ultimately satisfy the aircraft power-management requirement, and what intermediate constraints must be met end-to-end?",adaptive,2,3+-hop,False,True,All claims in the answer are supported by the retrieved contexts and limitations are correctly stated where requirements are not present.
"How is operator-triggered MBIT maintenance on the FCC’s ground Ethernet port authenticated, and under what ground-only conditions is that port enabled?",adaptive,2,2-hop,True,False,"The answer introduces background details (port type, INIT->GROUND constraints, command acceptance paths, lack of MBIT mention) and analysis not directly supported by the requirements."
What verification demonstrates the autoland centreline touchdown accuracy required for AUTOLAND-certified Stratos-7 operations?,adaptive,2,1-hop,True,True,"All claims about the verification method, wind profiles, touchdown accuracy, and CAT I certification are explicitly supported by the contexts."
"During the 60-minute HIL verification, how should you confirm the flight recorder captures the emergency management system status information at the required cadence with valid timestamps?",vanilla,1,2-hop,False,True,"All claims about verification method, parameter list absence, and lack of EMS recorder cadence are supported by FDR-070 and surrounding context."
"In battery-only flight, what SoC data path and update rate support critical-battery RTB, and how does the power subsystem’s SoC monitoring relate to mode-entry constraints?",agentic,0,2-hop,False,True,Every claim is supported: the answer only draws information present in the retrieved contexts and clearly qualifies any detail that is not present.
"When coalition sensor handover control arrives over the tactical datalink, what operator-authenticated engagement constraints apply before the autopilot can enter a commanded mode?",agentic,1,2-hop,False,True,All claims are explicitly supported or directly cited from the retrieved requirement contexts without adding unsupported detail.
How does the FCC’s 1 Hz BIT status reporting drive both FDR health-record storage and the BIT subsystem’s consolidated health-status publication?,vanilla,1,2-hop,True,True,"All claims and requirement references are supported by the retrieved contexts, including the interface rates and downstream functions."
"How does the two-aircraft live-network separation test demonstrate the coordinated-flight function is supported by guidance accuracy sufficient to meet enroute, terminal, and approach TSE limits?",vanilla,2,2-hop,False,True,Every claim is directly supported by the retrieved contexts without unsupported details or misattributions.
What navigation time-synchronization service must the flight data recorder use to timestamp mandatory parameters in UTC at native sampling rates?,graphrag,2,1-hop,True,True,"All claims about the FDR using the NAV Fusion time-synchronisation service at 1 Hz with ≤ 10 µs accuracy, derived from GPS or OCXO, are directly supported in FDR-004 and NAV-027."
"In approach mode, what guidance source must the flight control computer accept, and what deviation data must the FMS provide to support it?",vanilla,1,1-hop,True,True,"All claims are directly supported by the retrieved contexts, including FCC requirement for FMS guidance in approach mode, FMS message fields, update rates, and FMS performance in approach phase."
What higher-level SAR mode requirement traces to the platform mandate for operator authorisation before leaving STANDBY for a transmitting state?,agentic,1,1-hop,True,True,"All claims regarding requirement IDs, tracing, and mandate content are directly supported by the retrieved contexts."
"Which security requirement cited by the payload design is ultimately satisfied by the autonomy function, and where is that same security constraint referenced again downstream?",vanilla,1,3+-hop,False,True,Every claim in the answer is grounded in the retrieved contexts and no unsupported details or requirement IDs are introduced.
"For the Nimbus-C3 external cargo pod interface, what FCC lane architecture is the PMC’s MIL-STD-1760 umbilical implementation referencing?",agentic,1,1-hop,False,True,The answer correctly notes that no information is available in the retrieved contexts.
"What flight data recorder requirement ultimately depends on inertial sensor provisions through navigation and GPS traceability, and how does that dependency chain affect recorded positioning data?",adaptive,1,3+-hop,False,True,"Every claim in the answer is directly supported or cautiously inferred from the provided retrieved contexts, without adding extraneous details or citing unlisted requirements."
How do the automated control requirements trace through the radar subsystem dependencies to justify the final referenced automation constraint across the full chain?,graphrag,0,3+-hop,False,True,The answer makes only claims supported by the retrieved contexts and clearly states where information is missing.
"Which built-in test requirement is ultimately driven by the power requirement through the linked security and flight-control requirements, and what end-to-end rationale connects them?",adaptive,0,3+-hop,False,True,The answer correctly states that the contextual links needed to identify a specific BIT requirement through security and flight-control to power are not present in the retrieved contexts.
"Which communications requirement, linked through the security constraint referenced by the fuel requirement, ultimately traces to the EMS requirement, and what end-to-end dependency does that establish?",agentic-graph,1,3+-hop,False,True,"The answer only discusses requirements and dependencies present in the retrieved contexts and correctly notes the missing links, making no unsupported claims."
Which payload requirement is ultimately satisfied by the security control referenced through the flight-control communication link that fulfills the communication requirement?,agentic-graph,2,3+-hop,False,False,"The answer claims PLD-003 is satisfied, but it introduces trace logic and references to a security control and communication link chain not present in the contexts."
"On Stratos-7, how does the thrust-to-surface coordination logic at high N1 support compliance with the N1 reserve limit during takeoff and emergency power?",adaptive,1,2-hop,False,True,Every claim in the answer is tied strictly to the provided requirements and the answer correctly notes the absence of specific thrust-to-surface coordination logic for Stratos-7.
"When an uplinked flight-plan change is received, what operator-confirmation workflow and full-diff display are required before activation, and what record must be stored afterward?",agentic,0,2-hop,True,True,"All steps, workflows, diff display, and logging requirements are directly supported by the retrieved requirements."
"Which operational modes are defined for the INS, and what preconditions and timing govern transitions between them?",vanilla,1,1-hop,True,True,"All claims about operational modes, preconditions, timing, and IN_FLIGHT_ALIGN details are directly supported by the retrieved contexts."
"How does the two-aircraft live-network separation test demonstrate the coordinated-flight function is supported by guidance accuracy sufficient to meet enroute, terminal, and approach TSE limits?",vanilla,1,2-hop,False,True,The answer only cites claims from the retrieved contexts and accurately distinguishes supported and unsupported links between requirements.
"On Stratos-7, how does the thrust-to-surface coordination logic at high N1 support compliance with the N1 reserve limit during takeoff and emergency power?",vanilla,0,2-hop,True,True,"All the claims in the answer are directly supported by ENG-017 and ENG-030, and the answer correctly avoids introducing details not present in the contexts."
"For the live multi-aircraft separation test, which platform relies on navigation integration instead of an FMS, and what DAL applies to its navigation software?",graphrag,2,2-hop,True,True,All claims about Skyrunner-T1's use of Navigation Integration instead of FMS and its DAL-B level are explicitly stated in the retrieved contexts.
"Which INS-published state elements support the flight data recorder’s mandatory attitude, position, and velocity parameter capture?",agentic,2,1-hop,True,True,"All claims are supported: only the NAV-published state bundle elements are listed, and context explicitly says INS-provided elements are not specified."
"When generator loss is induced on the iron-bird, which loads must drop during the transition to single-generator operation while flight-critical buses stay powered within limits?",adaptive,2,2-hop,False,True,The answer accurately summarizes only claims found in the provided requirements and makes clear where the retrieved contexts are non-explicit.
"Which built-in test requirement is ultimately driven by the power requirement through the linked security and flight-control requirements, and what end-to-end rationale connects them?",adaptive,2,3+-hop,False,False,"The answer claims that FCC-006 verifies BIT-005 and satisfies EMS-004, but BIT-005 is not present in the retrieved contexts and EMS-004 is only referenced, so these claims are unsupported; it also ref"
Which security requirement traces through autonomy functions to the radar interface constraint ultimately governing the referenced radar behavior?,vanilla,0,3+-hop,False,True,All claims in the answer are directly matched to the retrieved contexts or explicitly state the absence of relevant context for RADAR-025.
"For ground-maintenance fault-injection on the power subsystem via the BIT maintenance interface, what operator authentication is required before BPCU commands are accepted?",adaptive,1,2-hop,False,True,"All claims in the answer are supported by EPS-018, which specifies command authentication for operator bus-tie commands, and the lack of information on BIT or BPCU is accurately reflected."
"Which communications capability document is explicitly excluded from the tactical Link‑16 terminal scope, and what assurance levels govern it?",agentic,1,1-hop,True,True,"All claims are directly supported by the provided requirement contexts, including the exclusion of CDL, its referenced scope, and the assurance characterization."
"How does navigation fusion respond to inertial/GPS spoof indications, and which INS spoof-detection criteria drive rejection of suspect GPS updates?",vanilla,2,1-hop,True,True,All claims are directly supported by the provided requirement contexts.
How do the GPS-derived power constraints propagate through command/data handling and back into power requirements to shape the inertial subsystem’s implementation?,graphrag,1,3+-hop,False,True,All claims in the answer are supported directly by the retrieved requirement contexts or are reasonable inferences from them.
Which flight control computer requirement is ultimately implicated by the flight data recorder verification path through navigation and GPS references?,adaptive,1,3+-hop,False,True,All claims reference only requirement details present in the contexts or are light inferences supported by NAV-002 and FCC-013.
"During high-power takeoff, how does the FCC’s reserve N1 limiting affect pitch-rate reduction logic and the engine-status data published to downstream systems?",vanilla,2,2-hop,False,True,"All claims are grounded in the retrieved requirements, and unsupported aspects are explicitly noted as not answerable from context."
"In approach mode, what guidance source must the flight control computer accept, and what deviation data must the FMS provide to support it?",agentic-graph,1,1-hop,True,True,All claims are directly supported by the retrieved requirements or state correctly when information is not present.
How is the FCC’s 100 ms debounced weight-on-wheels input behavior verified on DAL-A platforms under a single landing-gear sensor fault?,vanilla,2,2-hop,False,True,"Every claim in the answer is directly supported by FCC-048 and LDG-031, and the answer correctly notes absence of specifics on debounce timing verification."
"When a validated DAA advisory arrives, how quickly must the GCS alert the crew, and what manoeuvre rates can the autopilot command in resolution mode?",vanilla,1,2-hop,True,True,All claims about GCS alert timing and autopilot manoeuvre rates are explicitly supported by the retrieved requirements and table.
"Which radar altimeter mode requirement supports terrain-avoidance advisory coupling, and which autopilot requirement governs autonomous DAA resolution engagement?",adaptive,2,1-hop,False,True,All claims in the answer are supported directly by the retrieved contexts and do not introduce unsupported details.
"What cryptographic authentication must the APM use when accepting autopilot mode engagement requests, and which autonomous modes are exempt from explicit operator engagement?",vanilla,1,2-hop,True,True,"All claims are justified by the retrieved contexts, and no extra details or contradictions are present."
"For autonomous mode engagement exceptions, what authentication mechanism must operator engagement requests use on the control data links?",agentic,1,1-hop,True,True,"Every claim about authentication (HMAC-SHA-256) and encryption (AES-256-GCM) for operator engagement requests on CDL is explicitly supported by the retrieved contexts, specifically AUTO-006 and SEC-01"
"During takeoff-to-climb transition, when may the FCC enable the inner-loop climb schedule given sustained climb rate, both main-gear WoW indications, sensor voting, and input debounce?",vanilla,2,2-hop,True,True,"All claims about preconditions, debounce, sensor voting, and timing for FCC enabling inner-loop climb schedule are directly supported by the retrieved contexts."
"When flying an LPV or LNAV/VNAV approach, what SBAS processing and resulting GPS-aided NAV accuracy must be maintained, and what minima remain if SBAS is lost?",agentic-graph,0,2-hop,True,True,"All claims are directly supported by the retrieved requirements, including SBAS-dependent minima, GPS-aided accuracy values, fallback on LNAV-only minima, and distinction between SBAS and GPS aiding l"
Which flight data recorder requirement traces to the power subsystem’s 10 Hz real-time power-status telemetry publication to the recorder?,adaptive,1,1-hop,True,False,"The answer's claim about FDR-016 listing 'Electrical state' at 1 Hz is from the context, but the analysis linking it to PWR-026 and discussing message routing and interface details adds supporting det"
"For the live multi-aircraft separation test, which platform relies on navigation integration instead of an FMS, and what DAL applies to its navigation software?",vanilla,0,2-hop,True,True,All claims about Skyrunner-T1 using Navigation Integration instead of FMS and being DAL-B for NAV Fusion are directly supported by the provided contexts.
Which flight data recorder requirement traces to the power subsystem’s 10 Hz real-time power-status telemetry publication to the recorder?,agentic,0,1-hop,False,True,"All claims about 10 Hz arbitration and 5 Hz publication are directly supported by the contexts, and no claim exceeds the provided information."
"When coalition sensor handover control arrives over the tactical datalink, what operator-authenticated engagement constraints apply before the autopilot can enter a commanded mode?",agentic-graph,1,2-hop,False,True,"Every claim in the answer is supported by the retrieved contexts, which do not mention coalition sensor handover, operator constraints, or tactical datalink engagement authority."
"During takeoff-to-climb transition, when may the FCC enable the inner-loop climb schedule given sustained climb rate, both main-gear WoW indications, sensor voting, and input debounce?",graphrag,0,2-hop,True,True,"All factual claims about climb rate, WoW debouncing and sensor voting, preconditions, and timing for enabling the inner-loop climb schedule are supported explicitly by the retrieved contexts."
How are the inertial-measurement structural-notch filters validated using ground-vibration data and in-flight flutter testing to show adequate damping through the required flutter-clearance margin?,agentic,2,2-hop,True,True,"All claims regarding GVT feeding notch filter design, verification by frequency-response analysis, confirmation by in-flight flutter testing, and demonstration of adequate damping up to required margi"
"How does the autonomous function’s top-level requirement trace through radar interface constraints and back to its originating autonomy requirement, and what end-to-end obligation does that imply?",vanilla,1,3+-hop,False,True,All factual claims are grounded in the retrieved contexts and appropriately acknowledge gaps in available traceability.
"During the fault-injection mode-transition test, when battery-only operation is entered after generator and APU failures, which loads must remain powered and which bus ties must change state?",agentic,1,2-hop,True,True,All claims about required powered loads and bus tie/contact state changes during BATT_ONLY are directly supported by EPS-006 and EPS-012.
"What flight control computer behavior, as referenced by cockpit display logic and lighting requirements, ultimately satisfies the applicable security requirement?",adaptive,2,3+-hop,False,True,"All claims about FCC GROUND mode command gating, authentication, and GCS dispatch are directly supported by FCC-007 and GCS-022; the statement about absence of further display or lighting security req"
"Which test requirement verifies, by RF-simulator satellite-fault injection, the FDE requirement to detect and exclude an unhealthy satellite within six seconds?",graphrag,1,1-hop,True,False,"The ANSWER references GPS-032 for time-to-alert, but GPS-032 is not in the retrieved contexts; all factual claims must be directly supported."
What test demonstrates the receiver meets integrity alert timing for unresolved protection-level exceedances under simulated satellite-fault conditions?,vanilla,0,1-hop,True,False,"The claim cites GPS-032 for time-to-alert, but GPS-032 is not present in the retrieved contexts."
"Which security requirement cited by the payload design is ultimately satisfied by the autonomy function, and where is that same security constraint referenced again downstream?",graphrag,2,3+-hop,True,False,"The answer cites PLD-029 which is not present in the retrieved contexts, and attributes links and indirect citations not fully supported by the given context."
Which autonomy requirement is ultimately traced from the referenced security control through the data link requirement and subsequent security/autonomy satisfaction links?,graphrag,2,3+-hop,False,True,Every claim is directly supported or properly hedged by the retrieved contexts.
"For maintenance-only external GNSS aiding used to reduce TTFF after storage, what operator authentication must be completed first, and where is it enforced?",agentic,2,2-hop,False,True,"All claims are directly supported by GPS-029, which states operator authentication is required per SEC.SEC-015 for maintenance-only external aiding, but no further detail about SEC-015 is inferred or "
"In INIT mode, what signed-manifest and signature-validation checks must the FMS apply before accepting a navigation database revision?",graphrag,0,1-hop,False,True,"All claims about CRC checks, AIRAC expiry, digital-signature verification, rejection on invalid/expired/revoked signature, and test coverage are explicitly supported by the provided contexts."
Which command-authentication fault-injection verification demonstrates compliance with the cited security assurance activities reference set?,agentic-graph,2,1-hop,True,True,"All claims are supported by the retrieved contexts, which show SEC-019 cites DO-356A and describes the relevant fault-injection verification, while CDL-039 and PLD-035 cite different references."
"For autonomous mode engagement exceptions, what authentication mechanism must operator engagement requests use on the control data links?",adaptive,1,1-hop,True,True,"All claims about engagement exceptions, required authentication mechanism (HMAC-SHA-256), encryption mode (AES-256-GCM), and which links are affected are supported by the provided context."
"How do the data link crypto module and key-retention requirements support authenticated autonomous autopilot mode engagements, particularly for exceptions like DAA Resolution and RTB?",agentic-graph,1,2-hop,False,True,"The answer accurately states that the retrieved contexts contain only ADS and ICE requirements and do not cover data link crypto, key-retention, or autonomous autopilot engagement topics."
Which structural requirement defines the dedicated payload-bus routing and shielding needed to support the payload controller’s single-LRU installation near the bay rack?,graphrag,0,1-hop,True,True,All claims reference only requirement IDs and content directly found in the retrieved contexts.
"Which flight control software requirement ultimately traces through detailed design to the flight data recording requirement for timestamped fault-event capture, and what intermediate control and recorder requirements connect them?",adaptive,2,3+-hop,False,True,"The answer strictly relies on the provided contexts, does not add unsupported claims, and clearly states the absence of fully traceable links."
Which security requirement is ultimately traceable from the initial CDL requirement through the referenced FMS and downstream CDL verification chain?,vanilla,0,3+-hop,True,True,"[SEC-008] is explicitly traceable from CDL-013 (and its verification by CDL-039), as supported by the context; the answer correctly notes that CDL-040 is missing, limiting a full trace through FMS-022"
"During fault-injection testing, if the APU self-shuts down on a monitored health exceedance during start, what EPS mode transition and RTB behavior must be demonstrated?",graphrag,0,2-hop,True,True,"All factual claims in the answer are explicitly supported by the retrieved EPS-011, EPS-006, EPS-024, APM-023, APM-036, and AUTO-022 contexts, with correct identification of a possible caveat."
"Which data-link requirement ultimately constrains the security and EMS references inherited by the automatic function, and how does that end-to-end trace propagate across those subsystems?",graphrag,1,3+-hop,True,True,"All claims regarding requirement links, inheritance paths, authentication, and operational responses are explicitly supported by the retrieved requirement texts."
How does the HIL GPS-outage test verify the fusion function meets the >60 s reversion and annunciation behavior required by the underlying inertial degraded mode requirement?,agentic-graph,1,2-hop,True,True,All claims are directly supported by the requirements and test descriptions in the retrieved contexts.
"How is an EKF divergence detected, reset, and cross-referenced to flight data recording of the divergence snapshot and reset state?",adaptive,0,1-hop,True,True,All claims in the answer are directly supported by the retrieved contexts and reference only the requirement IDs present.
"Which flight control requirement ultimately traces through the GPS subsystem to an inertial navigation requirement, and what end-to-end behavior or dependency does that chain establish?",agentic,1,3+-hop,False,True,"All claims about requirement functions, dependencies, and fallback behaviors are directly supported by STR7-FCC-004, GPS-006, and NAV-008, with appropriate caution given to inferred (not explicitly tr"
"For the live multi-aircraft separation test, which platform relies on navigation integration instead of an FMS, and what DAL applies to its navigation software?",graphrag,0,2-hop,True,True,"All claims about Skyrunner-T1 lacking an FMS, using Navigation Integration, and NAV Fusion DAL-B are directly supported by FMS-001 and NAV-001."
How do the GPS-derived power constraints propagate through command/data handling and back into power requirements to shape the inertial subsystem’s implementation?,agentic-graph,2,3+-hop,False,True,All statements in the answer are directly supported or limited to what's present in the retrieved contexts.
"Which APM requirement is ultimately traced from the EPS power-distribution requirement through the intermediate EPS dependencies, and what system function does that end requirement govern?",graphrag,0,3+-hop,False,True,All claims are supported by the contexts via functional descriptions and requirement IDs present.
How is radar-altimeter EMC coexistence verification performed while the onboard GNSS receiver tracks its required frequencies with CDL transmissions active?,agentic,2,2-hop,False,True,"Every claim in the answer is supported by the retrieved contexts, which lack requirements discussing radar-altimeter EMC coexistence verification with GNSS and CDL transmissions."
Which load-shed table entry defines the priority-2 load failure condition that forces the EMS into CAUTION within 500 ms?,graphrag,1,1-hop,False,True,"All claims about the priority-2 load, its table entry, and EMS CAUTION triggering with notification within 500 ms are explicitly stated or directly supported in the retrieved contexts."
How is the 10 Hz FCC background health monitoring constrained to avoid violating the outer-loop 50 Hz guidance jitter requirement?,agentic-graph,1,1-hop,True,True,All claims are directly supported by FCC-014 and FCC-015 as quoted in the retrieved contexts.
Which flight computer control requirement is ultimately justified by the flight data recorder requirement through the linked security and built-in-test trace chain?,agentic-graph,1,3+-hop,False,True,The answer correctly restricts its claim to only the traceable requirements present in the retrieved contexts and does not assert unsupported trace chains.
"In ground mode, what requirement defines the authorized control-surface command path, and which ground system requirement implements that interface?",agentic,2,1-hop,True,True,"All claims are directly supported by FCC-007, which names GCS.GCS-022 as the implementing ground-system requirement without providing its text."
Which published inertial navigation state data and timing are required to support SAR motion compensation and absolute geolocation accuracy?,agentic,0,1-hop,True,True,"All claims about published state data, timing, and lack of SAR-specific accuracy are directly supported by the retrieved contexts."
Which human-machine interface requirement ultimately traces back to the autonomous control behavior through the security and energy management requirements?,agentic,2,3+-hop,False,True,"All claims are strictly anchored in the retrieved contexts, and limitations are explicitly stated where context is missing."
Which payload command ID ranges must the PMC dispatch to each sensor or external store under the payload command routing table?,vanilla,2,1-hop,True,True,"All command ID ranges and their dispatch targets are directly listed in the retrieved contexts, and the stated PMC behaviors are supported by PLD-009 and PLD-033."
Which SAR status message fields and update rate provide the health input the built-in test function aggregates into the overall payload health report?,vanilla,1,1-hop,False,True,"Every claim either quotes or fairly paraphrases the context, noting when details are missing."
Which flight management 4D trajectory and RTA capability underpins the flight control computer’s continuous conformance monitoring and deviation alerting for civil operations?,agentic,0,1-hop,True,True,"All claims about the FCC’s monitoring against the filed 4D trajectory (##FMS.FMS-020) and alerting limits, as well as NAV Fusion’s role, are directly supported by the retrieved contexts, and the answe"
"Which HMI requirement implements the FMS uplinked flight-plan change confirmation, including full-diff display before activation?",vanilla,2,1-hop,True,True,All claims about HMI-037's content and its relation to FMS-022 are directly supported by the retrieved contexts.
"How is an EKF divergence detected, reset, and cross-referenced to flight data recording of the divergence snapshot and reset state?",adaptive,1,1-hop,True,True,"Every factual claim in the answer is explicitly or lightly inferred from the retrieved contexts, and all limitations/unknowns about FDR record details are correctly noted as unsupported."
"How does the payload’s structural interface flow down through the data link and command/telemetry link into the communications subsystem, and what end-to-end constraints must remain consistent?",vanilla,0,3+-hop,False,True,"All claims in the answer are grounded in or restricted to the provided requirements, and unsupported claims are explicitly noted as not present in the retrieved contexts."
"When the power module detects an APU exceedance and commands shutdown, what flight data recording rates and fault-window capture are required?",agentic,0,1-hop,False,True,"The answer only makes claims that are directly stated in the retrieved contexts or highlights missing information, without unsupported additions."
"For Stratos-7 max-brake-energy landings, how must brake cooling and software assurance align with the landing gear and braking specification?",graphrag,0,2-hop,False,True,Every claim in the answer is directly supported by the retrieved requirement chunks.
"During fault-injection testing, if the APU self-shuts down on a monitored health exceedance during start, what EPS mode transition and RTB behavior must be demonstrated?",agentic,2,2-hop,True,True,"All claims about BATT_ONLY transition, RTB to AUTO, and mandate for verification in fault-injection are directly supported by EPS-011, EPS-024, and EPS-004."
"During a 50 ms Category Z primary-power interruption, how does the specified essential-bus hold-up provision ensure both the INS and FCC remain continuously operational?",graphrag,1,2-hop,True,True,"All claims about hold-up energy requirements, LRU operation during 50 ms interruption, verification testing, and referenced requirement IDs are directly supported by the retrieved contexts."
"Which flight-control verification requirement traces through power constraints to the GPS interface dependency, and what end-to-end rationale links those subsystems?",agentic-graph,1,3+-hop,False,True,"All claims are supported by the retrieved contexts, and the lack of an explicit trace is correctly noted."
"If an operator commands an emergency return or diversion, what encryption, authentication, and key-validity conditions must the communications link and secure UHF voice satisfy before execution?",agentic,1,2-hop,False,True,"All claims in the answer are directly supported and limited to information in the retrieved contexts, with no additional details or unsupported inferences."
"For autonomous mode engagement exceptions, what authentication mechanism must operator engagement requests use on the control data links?",vanilla,2,1-hop,True,False,"The answer adds enforcement details from CDL-013 for all operator engagement requests, but CDL-013 only covers command frames on the forward link and may not apply to engagement requests generally; th"
"Which power requirement traces through the built-in test and security controls to satisfy the instrumentation requirement, and what security constraint is referenced at both ends of that path?",graphrag,2,3+-hop,False,True,The answer limits its claims to what is present in the retrieved contexts and does not invent any unsupported trace path or cite missing requirements.
"How is an uplinked flight plan modification protected if cryptographic keys are zeroised, and what verification demonstrates the data link goes safely OFF afterward?",adaptive,2,2-hop,False,True,"The answer accurately states that the retrieved contexts contain no requirements for uplinked flight plan modification protection, cryptographic key zeroisation, or data link OFF verification."
"Which flight-control initialization constraint governs the termination-mode full nose-down, throttle-cut command before subsequent recovery commands are rejected?",vanilla,0,1-hop,True,True,"All claims are directly supported by context requirements STR7-FCC-006, EMS-026, and EMS-025."
How do the emergency management constraints propagate through power allocation and navigation dependencies to determine the final command/data link behavior?,agentic,2,3+-hop,False,True,"Every claim about dependency propagation, mode transitions, escalation, and visible command/data-link behavior is explicitly supported by the retrieved requirements, and all unstated aspects are corre"
"During the fault-injection mode-transition test, when battery-only operation is entered after generator and APU failures, which loads must remain powered and which bus ties must change state?",graphrag,2,2-hop,True,True,"All claims regarding retained loads and bus tie states on battery-only entry are directly supported by EPS-006 and PWR-032; additional procedural statements are from EPS-011, EPS-012, and EPS-024."
What flight-test evidence demonstrates that hybrid-navigation accuracy supports the FMS’s enroute RNP lateral-guidance containment target when GPS/SBAS is available?,agentic-graph,1,2-hop,True,True,All claims are directly supported by NAV-006 and NAV-034 in the retrieved contexts.
"Which command/data link verification requirement ultimately traces through the security controls to the flight control computer constraint, and how does that chain close back to the same security requirement?",agentic,0,3+-hop,True,False,"The answer makes claims about CDL-013 content and its role in the trace, but CDL-013 text is not present in the contexts and its role is inferred rather than supported."
Which application module requirement provides the 1 Hz battery state-of-charge data that the power subsystem uses to inhibit NORMAL mode entry below 85%?,adaptive,2,1-hop,True,True,"PWR-028 explicitly states that the PWR subsystem monitors battery state-of-charge from APM-015 at 1 Hz and refuses NORMAL mode entry below 85% SOC, so the answer is grounded."
"Which display-level operator need ultimately traces through SAR processing and payload design to both EO/IR and radar sensing constraints, and what subsystem dependencies drive that allocation?",agentic-graph,0,3+-hop,False,True,"Every claim is justified by the retrieved contexts, which lack information on the items queried and support only the ADS/NAV dependency chain described."
"How does the fuel-system requirement trace through data loading and flight-control software to the final data-loader constraint, and what end-to-end dependency does that establish?",agentic,0,3+-hop,False,True,The answer accurately states that the required trace and dependencies are not supported by the retrieved contexts.
"If primary aircraft power drops out for 50 ms, how do the FCC hold-up requirement, essential-bus energy provision, and GNSS ride-through capability align?",adaptive,2,2-hop,False,True,"All statements in the answer are supported by the retrieved contexts, which describe essential-bus hold-up energy provision for FCC and GPS, downstream LRU protection, FCC ride-through test verificati"
Which flight dynamics verification requirement traces through navigation references to the downstream navigation requirement governing the related guidance behavior?,vanilla,2,3+-hop,False,True,The answer faithfully states that no flight dynamics verification requirement or explicit trace link is present in the provided contexts.
"What flight data recorder requirement ultimately depends on inertial sensor provisions through navigation and GPS traceability, and how does that dependency chain affect recorded positioning data?",adaptive,0,3+-hop,False,True,"The answer accurately states that the precise FDR requirement and NAV-to-FDR linkage are not in the context, and all factual claims trace literal or lightly inferred chains directly from the retrieved"
Which GNSS dilution-of-precision outputs feed the navigation fusion QoS score computation for operator display?,vanilla,2,1-hop,True,True,"The answer accurately reflects that only 'GPS DOP' is stated to contribute to the QoS score, and does not infer unsupported details about specific DOP types."
Which power-system verification artifact traces through the automation and emergency-management requirements to the automation requirement ultimately satisfied by the emergency-management function?,agentic-graph,0,3+-hop,False,True,"The answer only claims a verified trace from APM-037 to APM-009 to AUTO-022, and explicitly notes the lack of substantiated EMS linkage in the retrieved requirements."
What hardware-protected mechanism and software-extraction constraint apply to the AES-256 key-wrapping storage method specified in the crypto selection table?,graphrag,0,1-hop,True,True,All claims are directly supported by SEC-017 and SEC-005 regarding AES-256 key wrapping in HSMs and non-extractability by software.
"Which HMI requirement implements the FMS uplinked flight-plan change confirmation, including full-diff display before activation?",agentic-graph,0,1-hop,True,True,"All factual claims about HMI-037 requiring explicit confirmation, displaying full diff, and satisfying FMS.FMS-022 are supported verbatim in the retrieved context."
Which published fuel-status data does the flight control computer rely on to constrain commanded thrust to available fuel?,adaptive,0,1-hop,False,True,The answer correctly states that the retrieved contexts do not contain any requirement about fuel-status inputs or thrust limiting based on available fuel.
Which autonomy requirement is ultimately traced from the referenced security control through the data link requirement and subsequent security/autonomy satisfaction links?,vanilla,2,3+-hop,False,True,The answer correctly states that the retrieved contexts lack any explicit autonomy requirement IDs or traceability links from security to autonomy requirements.
Which GPS requirement is ultimately fulfilled via the security control referenced by the navigation requirement traced from the original GPS requirement?,vanilla,0,3+-hop,False,True,"The answer accurately reflects the lack of explicit linkage or traceability between GPS requirements, navigation requirements, and referenced security controls in the provided contexts."
How does the ground-vibration test’s identified modal model determine the notch-filter frequencies and widths applied to inertial measurements before inner-loop control?,agentic-graph,1,2-hop,True,True,"Every claim in the answer about the role of GVT, the application and implementation of notch filters, the use of the Structural_Notch_Filters table, and verification is explicitly supported by the ret"
Which navigation requirement is ultimately supported by the security control satisfied by the GPS timing-reference requirement cited by the higher-level GPS requirement?,agentic,1,3+-hop,False,True,"All claims are cautious, grounded, and accurately constrained by the retrieval; they avoid unsupported requirement trace chains and directly reference only what is present."
"Which integration-rig HIL test verifies the backup GCS cold-standby switchover requirement, including two-minute recovery and retained control authority?",vanilla,1,1-hop,True,True,"Every claim about the test, requirements, switchover time, and control authority is directly supported by the retrieved contexts."
"If the operator commands autonomous-flight mode engagement from the ground station, how must the command be routed, and which modes still require explicit authenticated engagement?",vanilla,2,2-hop,False,True,"All claims in the answer are supported by the retrieved contexts, with requirements and routing paths accurately cited and modes correctly listed."
"What verification demonstrates emergency-mode entry on each triggering fault, including transition timing and operator annunciation performance?",adaptive,2,1-hop,True,True,All claims in the answer are directly supported by EMS-034 in the retrieved context.
Which communications requirement is ultimately satisfied by the fuel-system requirement through the referenced security control and command/data link implementation chain?,agentic-graph,2,3+-hop,True,True,"[FUEL-025] requires authentication per [SEC-010], which invokes communication security per [CDL-012], and all IDs and relationships stated are in the retrieved contexts."
"When flying an LPV or LNAV/VNAV approach, what SBAS processing and resulting GPS-aided NAV accuracy must be maintained, and what minima remain if SBAS is lost?",agentic,2,2-hop,False,True,"Every claim in the answer is supported and grounded only in the retrieved contexts, with no unsupported details or requirement citations outside the contexts."
What higher-level SAR mode requirement traces to the platform mandate for operator authorisation before leaving STANDBY for a transmitting state?,agentic,2,1-hop,True,True,[SAR-005] explicitly requires operator authorisation per [PLD-006] before transitioning from STANDBY to any transmitting mode and traces to the platform-level [PLD-006] requirement.
Which payload command ID ranges must the PMC dispatch to each sensor or external store under the payload command routing table?,agentic,1,1-hop,True,True,All command ID ranges and target mappings cited in the answer are present in the Payload_Command_Routing table from the contexts.
"Which INS-published state elements support the flight data recorder’s mandatory attitude, position, and velocity parameter capture?",graphrag,0,1-hop,True,True,All claims about INS_STATE_MSG contents and FDR Mandatory Params sourcing are directly supported by INS-020 and FDR-016; the answer correctly notes the limits of retrieved context regarding NAV-029.
"How does the ground control requirement ultimately propagate through autonomy and energy management to the flight data recorder, and what recorder behavior is required as a result?",adaptive,2,3+-hop,False,True,All factual claims are grounded in the provided contexts or admit their absence.
How does the secure data-link implementation satisfy the automation-level requirement while propagating referenced constraints through automation behavior to the radar subsystem?,adaptive,1,3+-hop,False,True,"All claims are supported or appropriately caveated with lack of supporting context, and all requirement references match the retrieved contexts."
"If the command link is lost long enough to trigger return-to-base, can the aircraft autonomously use the current operator-updated rally point without prior operator engagement?",adaptive,2,2-hop,False,True,The answer accurately reports that the retrieved contexts do not specify RTB rally-point or operator engagement behavior and only discusses what is present.
"For maintenance-only external GNSS aiding used to reduce TTFF after storage, what operator authentication must be completed first, and where is it enforced?",graphrag,2,2-hop,True,True,All claims regarding authentication requirements and enforcement locations are supported by the retrieved contexts.
"Which autonomy requirement is ultimately supported by the security control referenced by the communications verification requirement, and what communications item provides the verification evidence?",vanilla,2,3+-hop,False,True,The answer only presents information explicitly supported by the contexts and acknowledges what cannot be determined.
"Which autonomy requirement is ultimately supported by the security control referenced by the communications verification requirement, and what communications item provides the verification evidence?",agentic-graph,2,3+-hop,False,True,"Every claim is grounded in the retrieved contexts, and the answer correctly identifies the limits of what can be verified from the provided requirements."
"When coalition sensor handover control arrives over the tactical datalink, what operator-authenticated engagement constraints apply before the autopilot can enter a commanded mode?",adaptive,1,2-hop,False,True,Every claim in the answer is explicitly derived from or appropriately negated by the retrieved contexts without introducing unsupported details.
"Which flight-control capability traces through the security and ground-control requirements to ultimately satisfy the aircraft power-management requirement, and what intermediate constraints must be met end-to-end?",vanilla,1,3+-hop,False,True,"All claims are directly supported by the provided contexts, with explicit limitations noted where allocation to specific FCC function is not described."
"How does the ground control requirement ultimately propagate through autonomy and energy management to the flight data recorder, and what recorder behavior is required as a result?",agentic,0,3+-hop,False,True,The answer only asserts what is present in the retrieved contexts and explains that the required propagation and recorder behavior details are unsupported by the provided requirements.
"After the command link is lost, what warning and command inhibit must the GCS provide while the aircraft returns to the current authenticated rally point?",agentic,1,2-hop,True,True,"Every claim is supported by the retrieved contexts, including operator warning, command inhibit, RTB logic, rally point handling, and climb to safe altitude."
Does the primary essential bus power specification satisfy the flight control computer’s 28 VDC interface and undervoltage requirements?,graphrag,1,1-hop,True,True,"All claims about voltage ranges, undervoltage timing, and transient voltage limits are directly supported and referenced in the retrieved contexts."
"When generator loss is induced on the iron-bird, which loads must drop during the transition to single-generator operation while flight-critical buses stay powered within limits?",agentic,2,2-hop,False,False,"The answer introduces details about payload and deep-shed loads, and discusses load-shed sequence not explicitly specified for single-generator operation in the retrieved contexts."
"In linked mode, what ground-station command latency supports the command-data link’s 20 Hz command reception and downstream routing?",agentic-graph,1,1-hop,False,True,The answer accurately summarizes only what is present in the retrieved contexts and does not add unsupported claims.
"What EPS status publication rate is required for the flight data recorder, and which endpoint requirement defines that interface?",adaptive,2,1-hop,True,True,All claims regarding publication and recording rates and requirement references are directly supported by the retrieved contexts.
How does the HIL GPS-outage test verify the fusion function meets the >60 s reversion and annunciation behavior required by the underlying inertial degraded mode requirement?,adaptive,0,2-hop,True,True,"All claims about requirements, test parameters, and relationships are supported by the retrieved contexts."
Which security requirement is ultimately traceable from the initial CDL requirement through the referenced FMS and downstream CDL verification chain?,graphrag,0,3+-hop,True,False,"The answer claims the FMS-022 to CDL-040 trace breaks in context, which is accurate, but it adds detail about what is verifiable from FMS-022 and CDL-040 that is not directly present, and synthesizes "
"Which flight control requirement is ultimately traced from the referenced air data requirement through the intermediate air data dependency, and how does that end-to-end linkage propagate across the ADS–FCC boundary?",agentic,0,3+-hop,False,True,"Every claim accurately reflects limits of traceability in the retrieved contexts, without introducing unsupported or extraneous links."
Which system-level security requirement is realized by the flight control computer’s command validation and rejection of invalid GCS commands?,vanilla,2,1-hop,True,True,"All references to SEC-008, FCC-031, and FCC-040, as well as their described contents, are directly supported by the retrieved contexts."
Which tactical datalink verification requirement demonstrates coordinated flight-plan separation compliance for coalition multi-aircraft FMS operation?,graphrag,2,1-hop,True,True,"Every factual claim, including the verification method and requirements cited, is directly supported by the retrieved contexts."
Which communications links must demonstrate DO-160G Category Y EMC coexistence without mutual interference with the radar altimeter and GPS?,graphrag,0,1-hop,True,True,All claims about which communications links must demonstrate DO-160G Category Y EMC coexistence with radar altimeter and GPS are directly supported by the cited requirement IDs in the retrieved contex
Which command-authentication fault-injection verification demonstrates compliance with the cited security assurance activities reference set?,vanilla,0,1-hop,True,True,All claims about requirements and their cited references are explicitly supported in the retrieved contexts.
"What top-level built-in test objective ultimately traces through the software requirement and logic design into the command/data link implementation, and what downstream design obligation does it impose?",adaptive,0,3+-hop,False,True,Every claim in the answer is explicitly supported by the retrieved contexts and no unsupported details are added.
"Does the flight-plan upload path use the same public-key signature controls as field firmware updates over MBIT, including GCS countersignature and rejection of invalid, expired, or revoked loads?",vanilla,2,2-hop,True,True,"All claims about signature controls, rejection criteria, and GCS counter-signature are directly supported by the retrieved contexts."
"Which flight control requirement ultimately drives the cockpit interface behavior referenced through the control-chain dependency, and how does that end-to-end traceability flow across avionics and HMI?",agentic,0,3+-hop,False,True,"[ALX2-FCC-003] explicitly defines detection, control, and HMI operator notification, and the answer does not add details beyond what is supported; it also properly notes the absence of HMI-020's conte"
"Which flight-control requirement, traced from the built-in test function through the environmental monitoring requirement it satisfies, ultimately references the final EMS requirement?",agentic-graph,2,3+-hop,False,True,"All claims in the answer are directly supported by FCC-006 and its stated satisfaction of EMS-004 in the retrieved contexts, with appropriate limitations clearly explained."
What higher-level SAR mode requirement traces to the platform mandate for operator authorisation before leaving STANDBY for a transmitting state?,agentic-graph,2,1-hop,True,True,All claims are supported and directly reflected by SAR-005 and PLD-006 in the retrieved contexts.
Which security requirement is ultimately traceable from the initial CDL requirement through the referenced FMS and downstream CDL verification chain?,agentic,1,3+-hop,False,False,"The answer adds details, such as the SEC-008 chain being only 'indirectly and partially evidenced', that are not supported; it speculates beyond what is explicitly traceable from the FMS reference thr"
Which flight data recorder requirement captures APM battery/APU data around fault transitions to support the APU health exceedance shutdown logging requirement?,agentic,2,1-hop,True,True,All claims are directly supported by FDR-030 and APM-023 in the retrieved contexts.
"Which flight-control capability traces through the security and ground-control requirements to ultimately satisfy the aircraft power-management requirement, and what intermediate constraints must be met end-to-end?",vanilla,0,3+-hop,False,True,"All claims in the answer are faithfully supported, with all mappings and limitations carefully traced to the provided requirements."
"Which interface power requirement defines the 50 ms ride-through capability, and which general requirement establishes the DO-160G Category Z interruption profile?",agentic-graph,2,1-hop,False,True,All claims are directly supported by the retrieved contexts with correct requirement IDs and literal content.
"Which command-and-data-link requirement ultimately fulfills the secure communications requirement, and through what EMS reference path is that satisfaction traced across subsystems?",adaptive,0,3+-hop,True,True,All claims about requirement satisfaction and EMS traceability are directly supported by the retrieved contexts.
"For secure UHF voice operation, what encryption/authentication scheme and key-rotation policy apply, and what happens if no valid key is loaded?",graphrag,2,2-hop,True,True,"All claims are directly supported by COMM-019, COMM-030, SEC-010, and CDL-012, with appropriate caveats regarding applicability."
What verification demonstrates the autoland centreline touchdown accuracy required for AUTOLAND-certified Stratos-7 operations?,agentic-graph,0,1-hop,True,True,Every factual claim in the answer is supported directly by the retrieved contexts.
"How does the flight control requirement trace through the data link and flight management functions to the crew interface, and what flight management behavior closes the loop?",adaptive,1,3+-hop,False,True,"All claims are supported and referenced directly from the retrieved contexts, with limitations clearly identified."
How is the landing weight-on-wheels dual-sensor/voting architecture verified to ensure correct discrete output under a single-sensor fault?,agentic-graph,0,1-hop,True,True,"All claims are directly supported by the retrieved contexts regarding test method, voting logic, sensor redundancy, and FCC behavior."
Which flight dynamics verification requirement traces through navigation references to the downstream navigation requirement governing the related guidance behavior?,vanilla,0,3+-hop,False,False,The answer synthesizes a traceability chain and module relationships that are not explicitly stated in the retrieved contexts.
"When the PMC is qualified to the specified DO-160G environment and EMC limits, what GNSS frequencies and constellations must remain operable without interference via DLNK coexistence?",adaptive,1,2-hop,False,True,The answer correctly states only what is supported by the retrieved contexts and avoids unsupported claims about specific GNSS frequencies and constellations.
How does the FCC’s 1 Hz BIT status reporting drive both FDR health-record storage and the BIT subsystem’s consolidated health-status publication?,agentic,1,2-hop,True,True,"All claims regarding the 1 Hz FCC BIT reporting, its direct storage by the FDR, and aggregation/publication by the BIT subsystem are explicitly supported by the retrieved requirements."
How does payload-bay thermal management need to accommodate the SAR’s platform-specific steady-state and transmit-pulse power loads while keeping sensor electronics within operating range?,agentic,0,2-hop,False,True,"All claims in the answer are supported by the retrieved contexts, which lack information on SAR or payload-bay thermal management."
What verification demonstrates the autoland centreline touchdown accuracy required for AUTOLAND-certified Stratos-7 operations?,adaptive,0,1-hop,True,True,"All claims in the answer are directly supported by the retrieved contexts, citing requirement IDs and details verbatim."
What authentication and access conditions must be met to use the INS maintenance port for firmware updates during ground fault-injection testing commanded by BIT?,adaptive,2,2-hop,False,True,The answer correctly states no relevant requirements on INS maintenance port authentication/access are found in the retrieved contexts.
"How does the flight control requirement trace through the data link and flight management functions to the crew interface, and what flight management behavior closes the loop?",graphrag,2,3+-hop,False,True,"All claims in the answer are directly grounded in the retrieved contexts, and any gaps or missing information are accurately noted as absent."
Which flight computer control requirement is ultimately justified by the flight data recorder requirement through the linked security and built-in-test trace chain?,graphrag,2,3+-hop,False,True,The answer accurately reflects the retrieved contexts and correctly identifies that no full trace chain from FDR to FCC through security and BIT is supported.
"How is a suspected GPS spoofing event detected in the inertial filter, handled in navigation fusion, and propagated to security monitoring and logging?",adaptive,1,2-hop,False,True,Every claim in the answer matches or is explicitly limited by the provided requirements; everything stated as missing is indeed not in the contexts.
"Which command/data link verification requirement ultimately traces through the security controls to the flight control computer constraint, and how does that chain close back to the same security requirement?",agentic-graph,0,3+-hop,True,True,"All claims regarding the traceability chain from SEC-019 through SEC-008 to FCC-031/FCC-040, as well as the functional roles of FCC-040 and CDL-035, are explicitly supported by the retrieved contexts."
"How would the 60-minute HIL data review confirm the recorder captures BIT fault information from the mandatory parameter set, given the subsystem’s published health-status message details?",graphrag,0,2-hop,False,True,"All factual claims are supported by the contexts, with appropriate caveats about BIT-036 content."
"Which built-in test verifies the power requirement tied to the cited security control, and what ground-control interface constraint is ultimately referenced through that chain?",agentic-graph,1,3+-hop,False,True,"All claims are supported: MBIT is defined as Maintenance Built-In Test, PWR-027 and BIT-020 link MBIT to the authentication constraint (SEC-015) for ground maintenance, and stating lack of SEC-015's c"
Which endurance-capacity requirement is referenced by the laboratory discharge verification for the 30-minute RTB load profile?,adaptive,2,1-hop,True,True,Every claim about laboratory discharge verification referencing APM-009 and the 30 min/70% DoD endurance is supported in APM-037 and APM-009.
"How is an uplinked flight plan modification protected if cryptographic keys are zeroised, and what verification demonstrates the data link goes safely OFF afterward?",graphrag,0,2-hop,False,True,"All claims about protection of uplinked flight plan modifications by CDL, effect of CDL key zeroise, and test verification are directly supported by the retrieved contexts."
Which security requirement traces through autonomy functions to the radar interface constraint ultimately governing the referenced radar behavior?,agentic,2,3+-hop,True,True,"All claims (requirement IDs and their relationships) are supported by the retrieved contexts, with the answer noting the absence of a direct linkage and clearly marking inferred connections."
"For loss of INS with no valid GPS/barometric fallback, what autonomous emergency transition and priority-tagged GCS mode-change notification are required?",adaptive,0,2-hop,True,True,"All claims in the answer are explicitly supported by FCC-009, and it correctly notes that notification priority is not specified in the retrieved contexts."
"For maintenance-only external GNSS aiding used to reduce TTFF after storage, what operator authentication must be completed first, and where is it enforced?",agentic,0,2-hop,False,True,"All ANSWER claims are directly supported by context GPS-029, which names the authentication requirement, enforcement location, and lack of detail about SEC-015."
What upstream navigation timing service requirement justifies the payload computer’s UTC sensor timestamping accuracy and source-selection behavior?,agentic-graph,2,1-hop,True,True,"All claims and cited requirement IDs are directly supported by the retrieved contexts, specifically NAV-027 and NAV-022."
Does the primary essential bus power specification satisfy the flight control computer’s 28 VDC interface and undervoltage requirements?,agentic,0,1-hop,True,True,"Every claim in the answer is directly supported by the retrieved contexts, including FCC power interface specifications and the exclusion of primary essential bus voltage details from EPS requirements"
"In the 60-minute HIL recorder coverage check, how is compliance shown for the autopilot mode parameter sourced from the autopilot annunciation output at 2 Hz?",agentic,1,2-hop,True,True,"All claims about autopilot mode annunciation publication, recording at 2 Hz, source linkage, and absence of coverage check criteria are directly supported by the retrieved contexts."
"During fault-injection testing, if the APU self-shuts down on a monitored health exceedance during start, what EPS mode transition and RTB behavior must be demonstrated?",adaptive,1,2-hop,True,True,"All claims are directly supported by EPS-011, APM-023, EPS-024, and EPS-004 in the retrieved contexts."
"Which flight computer security requirement flows through the data link to satisfy the communication subsystem requirement, and what intermediate security rationale connects them?",adaptive,1,3+-hop,False,True,"All factual claims are grounded in the retrieved contexts, with unsupported elements clearly identified as such."
Which structural requirement defines the dedicated payload-bus routing and shielding needed to support the payload controller’s single-LRU installation near the bay rack?,adaptive,1,1-hop,True,True,All claims are directly supported by STR-038 and PLD-003 as quoted and summarized.
"Which control law requirement, ultimately linked from the fuel system requirement through the payload design trace, is referenced by the same control document and then traced onward to the flight control computer?",graphrag,1,3+-hop,False,True,All statements in the answer are grounded in the retrieved contexts and do not introduce unsupported claims.
"Which flight control requirement ultimately traces through the GPS subsystem to an inertial navigation requirement, and what end-to-end behavior or dependency does that chain establish?",agentic,0,3+-hop,False,True,"All claims about STR7-FCC-004, GPS-006, GPS-031, NAV-008, and NAV-005 are directly supported by the given contexts and are properly attributed."
"Which flight control requirement ultimately traces through the GPS subsystem to an inertial navigation requirement, and what end-to-end behavior or dependency does that chain establish?",vanilla,1,3+-hop,False,True,"The answer correctly restricts its statements to what is supported in the provided requirements, does not invent unlisted requirement IDs, and accurately summarizes the INS-GPS-FCC dependencies withou"
What upstream GNSS timing output and interfaces justify the navigation fusion function’s 1 Hz bus time-synchronisation service and GPS-derived accuracy source?,agentic-graph,1,1-hop,True,True,"All claims about timing outputs, interfaces, accuracy, validity flag, and their connection to NAV's time-synchronisation service are directly supported by the retrieved requirements."
"For AeroLynx-X2, how is single-engine-out detection and asymmetric-thrust compensation validated from injected N1 loss through FCC response and operator notification timing?",vanilla,1,2-hop,True,True,"All claims regarding detection logic, timing, compensation, test methods, and the operator notification reference are explicitly supported by the retrieved contexts."
"How is autonomous or operator-requested autopilot mode engagement authenticated over the data link, and what terminal cryptographic capability must support that protection?",graphrag,1,2-hop,True,True,"All claims regarding authentication of mode engagement, autonomous vs operator actions, message fields, and terminal cryptographic requirements are directly supported by the provided requirement conte"
"On Stratos-7, how does the thrust-to-surface coordination logic at high N1 support compliance with the N1 reserve limit during takeoff and emergency power?",graphrag,2,2-hop,True,True,All claims about N1 limits and pitch-rate reduction are directly supported by ENG-017 and ENG-030 from the retrieved contexts.
Which built-in test requirement ultimately satisfies the security control referenced by the flight data recorder requirement through the flight control computer trace chain?,agentic-graph,2,3+-hop,False,True,The answer strictly reflects that the provided contexts do not contain the detail or trace links necessary to answer the question.
"For authenticated in-flight mode changes, how do the message authentication methods and key-rotation policy align with the Link 16 terminal’s approved crypto module and 30-day key storage?",adaptive,1,2-hop,False,True,"All claims in the answer are supported, as the contexts confirm authentication is required for in-flight mode changes and that details on message authentication, crypto modules, and key management are"
"Which flight-control requirement ultimately drives the GPS timing/power dependency through the referenced power allocation chain, and how does that dependency propagate across the involved subsystems?",vanilla,1,3+-hop,False,True,"All claims about FCC-034, its GPS timing need, and dependency on PWR (as the common power system), are directly supported by the retrieved contexts, and absence of explicit GPS power allocation is cor"
"When the PMC is qualified to the specified DO-160G environment and EMC limits, what GNSS frequencies and constellations must remain operable without interference via DLNK coexistence?",vanilla,1,2-hop,False,True,All claims are directly supported or reasoned from the retrieved contexts without adding external information.
"In battery-only flight, what SoC data path and update rate support critical-battery RTB, and how does the power subsystem’s SoC monitoring relate to mode-entry constraints?",agentic-graph,1,2-hop,False,True,"All claims in the answer are traceable to the retrieved contexts, with explicit citations and acknowledgment when data is absent."
Which HIL lost-link test demonstrates verification that the autopilot enters RTB within one second and tracks to the rally point?,agentic-graph,0,1-hop,True,False,"[CDL-006] is mentioned but not cited in [AUTO-039]; otherwise, claims are supported."
Which HMI requirement references the flight-control requirement for joystick deadband and roll/pitch rate limiting on direct manual control?,graphrag,0,1-hop,True,True,All claims about requirement IDs and referenced values are directly supported by the retrieved contexts.
Which flight-control cross-channel data link timing and integrity behavior must BIT monitor to satisfy CBIT consistency-check verification?,agentic-graph,0,1-hop,False,True,"All factual claims are directly supported by the retrieved requirements, specifically FCC-053 and FCC-051, and no requirement IDs or behaviors outside the provided contexts are cited."
Can the flight data recorder capture fuel-state updates at a rate sufficient to support the flight management system’s top-of-climb and top-of-descent recalculation needs?,vanilla,0,2-hop,False,True,Every claim in the answer is directly supported by the retrieved contexts and accurately reflects the lack of requirements on FDR fuel-state logging rate.
How is compliance shown that 10 Hz health-monitoring tasks do not cause the 50 Hz outer-loop guidance law to exceed its 95%-of-cycles 2 ms jitter limit?,graphrag,2,2-hop,True,True,"All claims about requirements, their constraints, and verification methods are directly supported by FCC-014, FCC-015, and FCC-052 in the contexts."
"When weight-on-wheels permits ground maintenance, what authentication must be enforced on the battery management unit’s service interface for firmware updates and calibration?",adaptive,0,2-hop,False,True,The answer only states what is and is not present in the retrieved contexts and does not add unsupported claims.
"Which security requirement referenced by the navigation function ultimately traces to the GPS requirement it satisfies, and how does that navigation requirement connect the two?",agentic,0,3+-hop,True,True,"All claims about the linkage between NAV-028, GPS-023, GPS-022, and SEC-028 are explicitly supported and referenced by the retrieved contexts."
Which endurance-capacity requirement is referenced by the laboratory discharge verification for the 30-minute RTB load profile?,graphrag,0,1-hop,True,True,"All claims about APM-037 verifying APM-009, 30 min RTB profile, and 70% DoD are directly supported by the retrieved contexts."
Which asymmetric signature algorithms in the crypto selection table are mandated for verifying loadable software and data signatures?,agentic-graph,1,1-hop,True,True,Both SEC-020 and SEC-017 explicitly state that RSA-3072 or ECDSA-P256 are mandated for digital signature verification on loadable software and data.
"For AeroLynx-X2, how is single-engine-out detection and asymmetric-thrust compensation validated from injected N1 loss through FCC response and operator notification timing?",graphrag,2,2-hop,True,True,"All claims about detection criteria, validation method, FCC response timing, and operator notification are directly supported by the retrieved contexts."
"How does the flight control requirement trace through the data link and flight management functions to the crew interface, and what flight management behavior closes the loop?",agentic,0,3+-hop,False,True,"All claims are supported, with the answer correctly noting missing or indirect traces where context is absent."
How is compliance shown that 10 Hz health-monitoring tasks do not cause the 50 Hz outer-loop guidance law to exceed its 95%-of-cycles 2 ms jitter limit?,agentic,2,2-hop,True,True,"All claims are directly supported by FCC-014 and FCC-015, which state the timing requirements and the non-interference obligation, and no extra details or requirements are added."
Which payload command ID ranges must the PMC dispatch to each sensor or external store under the payload command routing table?,graphrag,0,1-hop,True,True,"All listed command_id ranges and routing details, as well as the dispatch behaviors, are supported directly by the retrieved contexts."
"If the primary INS attitude stream degrades below required rate or validity, how quickly must the FCC switch to the backup GPS-aided AHRS to maintain flight-control attitude input?",agentic,0,2-hop,True,True,"All claims about switchover conditions, timing, and backup source are explicitly supported by FCC-017 and NAV-015; FCC-050's F_INS_LOSS description and latency are correctly referenced."
How is the FCC’s 100 ms debounced weight-on-wheels input behavior verified on DAL-A platforms under a single landing-gear sensor fault?,agentic,0,2-hop,False,True,All claims in the answer are directly supported by the contexts and no unsupported details are added.
Does the equipment management system ingest power-subsystem mode/status over the primary avionics bus at a minimum 5 Hz update rate?,graphrag,0,1-hop,True,True,"Every factual claim in the answer is supported by the retrieved contexts, which do not show EMS ingesting power-subsystem mode/status at the required rate."
"Which operator command categories must the fuel subsystem accept via the command/data link interface, and how are those commands routed?",adaptive,0,1-hop,True,True,"All command categories and authentication are explicitly listed in FUEL-025, and the absence of FUEL in the CDL routing table is correctly noted based on CDL-035."
"During standby-to-coarse-align motion rejection, what operator alignment-status indication is required on the HMI?",agentic,1,1-hop,True,True,"All claims are supported: INS must annunciate MOTION_DETECTED to operator if motion prevents alignment, and HMI must display INS alignment status including mode, percent-complete, and time-to-ready."
"For the flight data recorder’s mandatory engine-parameter logging, which engine status message fields must be captured, and at what recorder rate versus publication rate?",adaptive,0,2-hop,False,True,All claims in the answer are directly supported by the retrieved requirements and tables.
"For high-altitude operation to 44,000 ft, what GPS-aided NAV position accuracy limit must the INS still meet?",adaptive,1,1-hop,False,True,Every claim in the answer is supported by the retrieved contexts with cited requirement references and justified limitations.
"If the ground station sends FCC-directed commands at 20 Hz, how are invalid ranges, rates, sequence numbers, and unknown targets handled before reaching control laws?",agentic-graph,0,2-hop,True,True,Every claim in the answer is grounded in and supported by the retrieved requirements and tables.
"Can the control station’s 2 Hz engine telemetry support validating waypoint fuel-flow prediction accuracy, given the engine status message content and rate published for downstream flight management use?",agentic,2,2-hop,True,True,"All claims in the answer are grounded in or logically inferred from the retrieved requirements, with no unsupported details added."
How is the flight data recorder’s operator-action logging requirement satisfied by the ground control station’s audit trail and retention provisions?,agentic-graph,2,1-hop,False,True,The answer accurately states that the retrieved contexts do not contain the FDR or GCS audit/retention requirements needed to assess traceability and provides only claims directly supported by the con
How do the emergency management constraints propagate through power allocation and navigation dependencies to determine the final command/data link behavior?,graphrag,2,3+-hop,False,True,"Every factual claim in the answer is supported directly or by light inference from the retrieved requirements, and the answer correctly notes explicit gaps where contexts lack detail."
"During EMC Category Y coexistence testing with CDL and GPS active, which CDL operational modes should the radar altimeter remain interference-free in while maintaining RA track and PVT output?",graphrag,1,2-hop,False,True,"The answer's claims are directly supported by the retrieved requirements, which do not specify CDL operational modes for the EMC test."
Which flight-control runaway-actuator fault response satisfies the emergency-management requirement for coordinated emergency mode entry?,agentic-graph,0,1-hop,True,False,"The answer infers and states explicit satisfaction chains between requirements beyond what is literally stated in the contexts; for example, [FCC-023] is said to be 'explicitly linked' to [EMS-006] ba"
"Which flight management function, via the flight data recorder linkage, ultimately traces to the data link requirement, and how is that end-to-end dependency justified across subsystems?",vanilla,0,3+-hop,False,True,"All claims in the answer are directly supported by or cautious about the limits of the retrieved contexts, making no unsupported assertions."
Which INS state publication requirement satisfies the FCC need for 200 Hz inertial data delivery with no more than 5 ms end-to-end latency?,graphrag,1,1-hop,True,True,"[INS-020] explicitly states the INS shall publish the required data at 200 Hz with latency not exceeding 5 ms, which matches the FCC need in [FCC-016]."
"During EMC Category Y coexistence testing with CDL and GPS active, which CDL operational modes should the radar altimeter remain interference-free in while maintaining RA track and PVT output?",agentic,2,2-hop,False,True,All statements are supported by the contexts and avoid unsupported claims about mode-specific EMC testing.
"Can the control station’s 2 Hz engine telemetry support validating waypoint fuel-flow prediction accuracy, given the engine status message content and rate published for downstream flight management use?",graphrag,0,2-hop,True,True,"Every factual claim is directly supported by the provided contexts, with citations matching the referenced requirements and correct interpretation of required rates and validation method."
How is the FCC’s 100 ms debounced weight-on-wheels input behavior verified on DAL-A platforms under a single landing-gear sensor fault?,vanilla,0,2-hop,False,True,All claims in the answer are directly supported by FCC-048 and LDG-031 in the retrieved contexts.
"Which flight-control computer display behavior is validated by the HMI verification requirement through the linked display logic reference, and what upstream cockpit interface requirement does it trace back to?",agentic-graph,0,3+-hop,False,True,"The answer correctly states that the required information about HMI verification, display logic, and cockpit interface tracing is not present in the retrieved contexts."
Which security requirement traces through autonomy functions to the radar interface constraint ultimately governing the referenced radar behavior?,adaptive,1,3+-hop,False,True,"All claims in the answer are supported by the retrieved contexts, including the trace chain and statements about what is absent or missing."
Which test evidence verifies the flight control computer’s 200 Hz inner-loop timing and jitter compliance under nominal and full-payload conditions?,agentic,0,1-hop,True,True,"Every claim in the answer is directly supported by the retrieved contexts, mainly FCC-013 and FCC-052."
"Which command/data link verification requirement ultimately traces through the security controls to the flight control computer constraint, and how does that chain close back to the same security requirement?",adaptive,1,3+-hop,False,True,"All requirement IDs, claims about the trace chain, crypto mechanisms, and the loop closure are supported directly and explicitly in the retrieved contexts."
How is radar-altimeter EMC coexistence verification performed while the onboard GNSS receiver tracks its required frequencies with CDL transmissions active?,agentic-graph,0,2-hop,True,True,"All claims are directly supported by the retrieved requirement contexts, including verification method, configuration during test, pass/fail criteria, and related subsystem requirements."
"Given the SAR’s EMC coexistence with the CDL, which GNSS bands and constellations must remain trackable on Stratos-7, AeroLynx-X2, and Nimbus-C3?",graphrag,2,2-hop,True,True,"All claims about GNSS bands/constellations required for tracking on Stratos-7, AeroLynx-X2, and Nimbus-C3 are directly supported by GPS-009 and CDL-024."
"Can the control station’s 2 Hz engine telemetry support validating waypoint fuel-flow prediction accuracy, given the engine status message content and rate published for downstream flight management use?",agentic-graph,0,2-hop,False,True,All claims refer only to the (lack of) context content and correctly cite explicit rates for ICE and FCC messages from the contexts; no information about engine telemetry or fuel-flow accuracy is pres
"For Stratos-7 max-brake-energy landings, how must brake cooling and software assurance align with the landing gear and braking specification?",graphrag,1,2-hop,True,True,"All claims are directly supported by the requirements chunks, including brake energy, cooling, and software assurance levels."
How is the 10 Hz FCC background health monitoring constrained to avoid violating the outer-loop 50 Hz guidance jitter requirement?,adaptive,2,1-hop,True,False,"The claim about the 10 Hz background tasks not violating outer-loop jitter is supported, but the detailed mapping to autopilot transport latency and timing determinism is not explicitly stated in the "
Which avionics processing requirement traces through the security and built-in test specifications to the inspection criterion it ultimately satisfies?,vanilla,0,3+-hop,False,True,"All claims are supported by the retrieved contexts, including the trace from SEC-035 to ENG.ENG-037 and the limited BIT information."
"How would the 60-minute HIL data review confirm the recorder captures BIT fault information from the mandatory parameter set, given the subsystem’s published health-status message details?",vanilla,1,2-hop,False,True,All claims are qualified based on retrieved requirements and do not invent information outside the provided contexts.
"For the Skyrunner-T1 test configuration, how is the FCC’s duplex single-LRU architecture derived from the platform-dependent independent-lane requirement?",vanilla,1,1-hop,False,True,"All claims about Skyrunner-T1's FCC architecture, requirement derivation, and power configuration are supported by the retrieved contexts."
Which power hold-up requirement ensures the EMS maintains state through a 50 ms essential-bus interruption?,agentic,2,1-hop,False,True,The answer only refers to requirements and limits (50 ms break time per EPS-009) found in the contexts and correctly notes that no EMS hold-up requirement is present.
"How is a malformed GCS command screened against table-defined limits, sequence, and authentication before rejection and prevention of propagation into the control laws?",agentic-graph,0,2-hop,True,True,Every factual claim in the answer is explicitly supported by FCC-031 and FCC-040 and their Command_Validation table.
Which payload command ID ranges must the PMC dispatch to each sensor or external store under the payload command routing table?,vanilla,0,1-hop,True,True,"All payload command ID ranges, targets, and requirement references are present in the retrieved contexts."
Which SAR status message fields and update rate provide the health input the built-in test function aggregates into the overall payload health report?,graphrag,1,1-hop,False,True,"All claims are supported by the retrieved requirements, which enumerate the relevant SAR_STATUS_MSG fields and its update rate as inputs to BIT."
"For maintenance-only external GNSS aiding used to reduce TTFF after storage, what operator authentication must be completed first, and where is it enforced?",agentic-graph,1,2-hop,True,True,All claims about operator authentication requirements and enforcement across interfaces for maintenance-only GNSS aiding are explicitly supported by GPS-029 and SEC-015.
Which SAR status message fields and update rate provide the health input the built-in test function aggregates into the overall payload health report?,graphrag,0,1-hop,False,True,"All claims are directly supported by the retrieved contexts, referencing SAR_STATUS_MSG fields, 1 Hz update rate, and the BIT aggregation function."
"During fault-injection testing, if the APU self-shuts down on a monitored health exceedance during start, what EPS mode transition and RTB behavior must be demonstrated?",vanilla,1,2-hop,True,True,"All claims about the required mode transition to BATT_ONLY and issuing RTB to AUTO during APU self-shutdown on a health exceedance are directly supported by EPS-011, APM-023, and EPS-024."
"What EPS status publication rate is required for the flight data recorder, and which endpoint requirement defines that interface?",agentic-graph,1,1-hop,True,True,Both the 5 Hz publication rate and reference to FDR.FDR-028 as the endpoint interface requirement are directly stated in EPS-016.
What test evidence shows linked-mode pilot commands meet the ground-station latency requirement while being received and routed by the command data link?,vanilla,0,2-hop,True,True,"All claims about requirements, test evidence, and their relationships are supported by the retrieved contexts."
"How do the data link crypto module and key-retention requirements support authenticated autonomous autopilot mode engagements, particularly for exceptions like DAA Resolution and RTB?",agentic,2,2-hop,False,True,"The answer accurately limits its claims to what is present in the retrieved contexts and correctly notes the lack of data link crypto and key-retention requirements, as well as handling for DAA Resolu"
"How does the ground control requirement ultimately propagate through autonomy and energy management to the flight data recorder, and what recorder behavior is required as a result?",agentic-graph,1,3+-hop,False,True,All claims in the answer are supported or directly verified as not present by the retrieved contexts.
"After the command link is lost, what warning and command inhibit must the GCS provide while the aircraft returns to the current authenticated rally point?",agentic,0,2-hop,True,True,"All claims about GCS warning, command inhibit, and RTB to current rally point are explicitly supported by retrieved contexts."
"When flying an LPV or LNAV/VNAV approach, what SBAS processing and resulting GPS-aided NAV accuracy must be maintained, and what minima remain if SBAS is lost?",adaptive,2,2-hop,False,True,The answer accurately states that the required information is not present in the retrieved contexts and only summarizes supported contents without unsupported claims.
Which flight management 4D trajectory and RTA capability underpins the flight control computer’s continuous conformance monitoring and deviation alerting for civil operations?,graphrag,1,1-hop,True,True,"All claims are directly supported by the retrieved requirement contexts, with cited IDs matching literal content."
Which power requirement provides the continuously available hold-up energy the CDL relies on to ride through a 50 ms Category Z interruption?,graphrag,1,1-hop,True,True,"All claims are supported in the retrieved contexts, which state that PWR-018 provides hold-up energy for the CDL during a 50 ms interruption, and CDL-025 depends explicitly on PWR-018."
"How do the automated control functions trace through security and emergency management constraints to the cockpit display behavior, and what end-to-end dependency does that imply?",graphrag,2,3+-hop,False,True,"Every claim is grounded in the retrieved requirement chunks, and the absence of cockpit display requirements is correctly identified."
"Which security requirement referenced by the autonomy control requirement is satisfied by the same control requirement and, through that linkage, points to the downstream autonomy interface requirement?",agentic-graph,2,3+-hop,True,True,"All claims about SEC-010, AUTO-006, and AUTO-034 are directly supported and traced in the contexts."
"How does the ground control requirement ultimately propagate through autonomy and energy management to the flight data recorder, and what recorder behavior is required as a result?",agentic-graph,2,3+-hop,False,True,All answer claims are grounded in the retrieved contexts and accurately constrained by what is and is not present in the requirements.
"Which display-level operator need ultimately traces through SAR processing and payload design to both EO/IR and radar sensing constraints, and what subsystem dependencies drive that allocation?",vanilla,0,3+-hop,False,True,"Every factual claim in the answer is directly supported by the retrieved contexts, with no unstated details or requirements introduced."
Which fuel-totaling requirement feeds the flight management function that computes destination and alternate fuel predictions and minimum-fuel alerts?,adaptive,2,1-hop,False,True,"All claims about [FMS-018] and [FUEL-014] are directly supported and accurately referenced, with scope limitations on [FUEL-002] correctly characterized."
Which autonomy requirement is ultimately traced from the referenced security control through the data link requirement and subsequent security/autonomy satisfaction links?,agentic,2,3+-hop,False,True,The answer only summarizes what is directly supported by the contexts and correctly states that no traceability chain or specific autonomy requirement can be determined from the provided information.
How do the automated control requirements trace through the radar subsystem dependencies to justify the final referenced automation constraint across the full chain?,agentic-graph,2,3+-hop,False,True,"The answer accurately states that the retrieved contexts do not provide a trace chain involving automated control and radar subsystem dependencies or a referenced automation constraint, and confines i"
Which flight data recorder requirement is ultimately referenced by the emergency monitoring requirement cited by the autonomous function verification requirement?,graphrag,2,3+-hop,True,True,"All claims and trace steps are explicitly supported by the retrieved contexts, especially EMS-008 and FDR-045."
"Which flight control computer requirement is ultimately referenced by the power verification path through the communications data link, and what upstream power requirement does it trace back to?",adaptive,0,3+-hop,True,False,"The claim cites PWR-018, but no context explicitly contains PWR-018's text or proves its existence; inferring its ID is not fully supported."
"During an MBIT firmware update, how should invalid or expired signature detection drive FMS mode transition and allowable navigation capability?",agentic-graph,0,2-hop,False,True,"All claims are supported by, or directly quoted from, the retrieved contexts, with clear acknowledgement of missing relevant requirements."
Which flight data recorder requirement is verified by the flight control computer’s obligation to log every mode transition for the last 50 flight hours?,vanilla,1,1-hop,True,True,All claims about the relationship between FCC-012 and FDR-008 and their verification linkage are directly stated in the retrieved contexts.
"If a condition escalates to WARNING, how quickly must the ground station annunciate it, and what audio cue and repeat behavior are required?",agentic,2,2-hop,True,True,"All claims are directly supported by the retrieved contexts regarding EMS_WARNING delivery time, required audio, and repeat behavior."
"For authenticated in-flight mode changes, how do the message authentication methods and key-rotation policy align with the Link 16 terminal’s approved crypto module and 30-day key storage?",agentic,2,2-hop,True,True,"All claims about authentication methods, key rotation, and Link 16 key storage are directly supported and differentiated correctly by the retrieved requirements."
How is radar-altimeter EMC coexistence verification performed while the onboard GNSS receiver tracks its required frequencies with CDL transmissions active?,vanilla,0,2-hop,True,True,"All claims about the verification process, test standards, active transmitters, and outputs to check are directly supported by RADAR-024 and RADAR-009; the answer correctly refrains from adding extra "
Which flight control computer requirement ultimately traces the EMS command/data link interface constraint back to the originating EMS behavior requirement?,agentic-graph,0,3+-hop,False,True,The answer correctly states that no retrieved FCC requirement directly traces the EMS command/data link interface constraint back to the originating EMS behavior requirement based on the contexts.
How do the navigation power allocation constraints propagate through the command/data link back into power management and ultimately affect the flight control computer interface requirements?,vanilla,0,3+-hop,False,True,All claims and cross-system relationships are grounded explicitly in the retrieved requirements without unsupported speculation about navigation power allocation or data link chains.
Which communications requirement is ultimately fulfilled by the automatic control requirement through the referenced security and command/data link requirements?,agentic-graph,1,3+-hop,True,True,"Every claim directly corresponds to information in the retrieved contexts, with the requirement trace from AUTO-006 through SEC-010 to COMM-019 explicitly stated."
"At what rate must the recorder log the communications data link health/status word, given mandatory-parameter native-rate recording and the health word’s own update requirement?",agentic-graph,0,2-hop,True,True,"All claims are directly supported by the contexts regarding FDR recording at mandatory parameter native rate (1 Hz for CDL state) and CDL_HEALTH_WORD update rate (2 Hz), with no unsupported claims."
Can the GCS uplink a flight plan change over the command data link while requiring operator confirmation before the FMS activates it?,agentic-graph,1,2-hop,True,True,All claims about GCS and FMS requirements for flight plan uplink and operator confirmation are explicitly supported by GCS-011 and FMS-022 in the contexts.
"Which flight management interface requirement traces through the security control to satisfy the top-level flight management requirement, and what end-to-end rationale links them?",adaptive,0,3+-hop,False,True,"Every factual claim is grounded in the retrieved contexts, and all additional caveats are explicitly flagged as limitations due to missing IDs or texts."
Which structural requirement defines the dedicated payload-bus routing and shielding needed to support the payload controller’s single-LRU installation near the bay rack?,vanilla,1,1-hop,True,True,All statements are directly supported by the retrieved requirements STR-038 and PLD-003.
"Given the SAR’s EMC coexistence with the CDL, which GNSS bands and constellations must remain trackable on Stratos-7, AeroLynx-X2, and Nimbus-C3?",adaptive,2,2-hop,True,True,"All claims about required GNSS bands and constellations are directly supported by context [GPS-009], with no added or contradicted details."
"Does the flight-plan upload path use the same public-key signature controls as field firmware updates over MBIT, including GCS countersignature and rejection of invalid, expired, or revoked loads?",agentic-graph,1,2-hop,False,True,The answer only summarizes what is and isn't present in the retrieved contexts and does not introduce unsupported claims.
"Which GPS requirement traces through the security and emergency-management requirements to ultimately satisfy the navigation requirement, and what end-to-end rationale links them?",agentic-graph,1,3+-hop,False,True,"The answer exclusively uses information from retrieved contexts, noting missing exact requirement texts, and correctly describes the trace links and rationale as supported by SEC-028 and EMS-033."
"When generator loss is induced on the iron-bird, which loads must drop during the transition to single-generator operation while flight-critical buses stay powered within limits?",graphrag,2,2-hop,True,True,"All claims about flight-critical buses staying powered, transition timing, and non-essential loads being shed are directly supported by PWR-006 and PWR-034; the answer notes the lack of Load_Shed_Prio"
Which data link requirement is ultimately implicated by the flight control requirement that references a security control via an intermediate control requirement?,vanilla,1,3+-hop,False,True,The answer accurately reflects that there is insufficient information in the retrieved contexts to trace the chain or identify the implicated data link requirement.
"How is an uplinked flight plan modification protected if cryptographic keys are zeroised, and what verification demonstrates the data link goes safely OFF afterward?",adaptive,1,2-hop,False,True,All statements in the answer correctly reflect the absence of relevant requirements in the retrieved contexts and do not add unsupported claims.
"If the operator commands autonomous-flight mode engagement from the ground station, how must the command be routed, and which modes still require explicit authenticated engagement?",adaptive,2,2-hop,False,True,"All claims are grounded in the retrieved contexts, which support mode engagement routing and authentication details, and enumerate modes that require explicit operator engagement."
Which navigation requirement is ultimately supported by the security control satisfied by the GPS timing-reference requirement cited by the higher-level GPS requirement?,graphrag,2,3+-hop,True,True,"[SEC-028] explicitly states it satisfies [NAV-028], supporting the answer's traceability."
How does the APM guidance requirement trace through security and built-in test constraints into flight-control behavior and ultimately the landing subsystem requirement?,vanilla,2,3+-hop,False,True,"All claims in the answer are strictly derived from or limited by the retrieved contexts, with unsupported links explicitly called out."
"In the 60-minute HIL recorder coverage check, how is compliance shown for the autopilot mode parameter sourced from the autopilot annunciation output at 2 Hz?",agentic-graph,0,2-hop,True,True,"All claims about publication rate, source, required recording, and absence of coverage continuity criteria are directly grounded in the contexts."
How is radar-altimeter EMC coexistence verification performed while the onboard GNSS receiver tracks its required frequencies with CDL transmissions active?,graphrag,0,2-hop,True,True,"All claims are directly supported by the retrieved requirement chunks, including methods, pass/fail criteria, and limitations in detail."
Which command-authentication fault-injection verification demonstrates compliance with the cited security assurance activities reference set?,agentic,2,1-hop,False,True,"All claims about the verification methods, reference sets, and distinctions among requirements are supported by the retrieved contexts."
Which published fuel-status data does the flight control computer rely on to constrain commanded thrust to available fuel?,agentic-graph,2,1-hop,False,True,All claims are supported by the retrieved contexts and no unsupported details are introduced.
Which HMI requirement defines the suspend/resume controls and state indication needed to support the FMS suspended-mode resume behavior?,graphrag,1,1-hop,True,True,"[HMI-032] defines the required HMI suspend/resume controls and state indication, and it is referenced in [FMS-009] as grounding for SUSPENDED mode operations."
What authentication and access conditions must be met to use the INS maintenance port for firmware updates during ground fault-injection testing commanded by BIT?,agentic-graph,0,2-hop,False,True,"All claims in the answer are supported by the context, which does not provide the requested information about INS maintenance port access, and the answer accurately reports this."
How is the 10 Hz FCC background health monitoring constrained to avoid violating the outer-loop 50 Hz guidance jitter requirement?,graphrag,2,1-hop,True,False,"The claim about AUTO-011 outer-loop computations and transport latency is not supported by FCC-015; FCC-015 only constrains FCC background tasks, not AUTO timing/latency."
Which endurance-capacity requirement is referenced by the laboratory discharge verification for the 30-minute RTB load profile?,graphrag,1,1-hop,True,True,Every claim in the answer is directly supported by APM-037 and APM-009 in the retrieved contexts.
"What flight data recorder requirement ultimately depends on inertial sensor provisions through navigation and GPS traceability, and how does that dependency chain affect recorded positioning data?",agentic-graph,2,3+-hop,False,False,The answer introduces information about flight data recorder flow and traceability that is not present in the retrieved contexts.
