query,stratum,seeds_match_aura,seeds_match_ppr,n_local,n_aura,n_ppr,ctxP_local,ctxP_aura,ctxP_ppr,retR_local,retR_aura,retR_ppr,jaccard_local_aura,local_ids
"When the power module detects an APU exceedance and commands shutdown, what flight data recording rates and fault-window capture are required?",1-hop,True,True,15,15,15,0.13333333333333333,0.13333333333333333,0.13333333333333333,1.0,1.0,1.0,0.7647058823529411,FDR-030;APM-023;APM-008;FMS-010;ENG-009;ENG-036;APM-007;EPS-011;APM-030;AUTO-022;BIT-025;ENG-043;EPS-024;FMS-042;HMI-033
"In INIT mode, what signed-manifest and signature-validation checks must the FMS apply before accepting a navigation database revision?",1-hop,True,True,15,15,15,0.13333333333333333,0.13333333333333333,0.13333333333333333,1.0,1.0,1.0,0.7647058823529411,FMS-006;SEC-020;FMS-010;SEC-022;HMI-037;NBC3-NAV-001;FMS-042;FMS-022;BIT-033;CDL-030;CDL-040;FDR-012;FMS-020;FMS-035;GCS-011
Which fuel-totaling requirement feeds the flight management function that computes destination and alternate fuel predictions and minimum-fuel alerts?,1-hop,True,True,13,15,15,0.15384615384615385,0.13333333333333333,0.13333333333333333,1.0,1.0,1.0,0.75,FMS-018;FUEL-015;FUEL-011;FMS-017;FUEL-014;FMS-043;ENG-025;FUEL-012;EMS-017;ENG-020;FDR-016;GCS-013;STR7-FCC-003
How is the landing weight-on-wheels dual-sensor/voting architecture verified to ensure correct discrete output under a single-sensor fault?,1-hop,True,True,15,15,15,0.13333333333333333,0.13333333333333333,0.13333333333333333,1.0,1.0,1.0,0.7647058823529411,LDG-031;LDG-015;FCC-048;INS-015;NAV-013;FCC-033;ALX2-INS-001;INS-054;BIT-010;FCC-008;FDR-018;INS-021;INS-032;INS-034;LGT-007
What hardware-protected mechanism and software-extraction constraint apply to the AES-256 key-wrapping storage method specified in the crypto selection table?,1-hop,True,True,15,15,15,0.13333333333333333,0.13333333333333333,0.13333333333333333,1.0,1.0,1.0,1.0,SEC-005;SEC-017;SEC-010;CDL-012;COMM-019;SEC-023;PLD-012;CDL-021;APM-033;AUTO-006;AUTO-034;CDL-040;COMM-030;DLNK-013;EMS-009
Which published inertial navigation state data and timing are required to support SAR motion compensation and absolute geolocation accuracy?,1-hop,True,True,15,15,15,0.13333333333333333,0.13333333333333333,0.13333333333333333,1.0,1.0,1.0,1.0,SAR-009;SAR-013;INS-019;GPS-012;GPS-004;INS-022;NAV-011;PLD-019;AUTO-014;FCC-043;GPS-010;GPS-011;GPS-015;INS-009;INS-020
Which flight-control runaway-actuator fault response satisfies the emergency-management requirement for coordinated emergency mode entry?,1-hop,True,True,15,15,15,0.13333333333333333,0.13333333333333333,0.13333333333333333,1.0,1.0,1.0,0.7647058823529411,AUTO-009;FCC-010;FCC-023;EMS-002;FMS-010;AUTO-010;EMS-004;FCC-009;BIT-024;EMS-001;EMS-006;EMS-020;EPS-001;FCC-006;FCC-032
"What verification demonstrates emergency-mode entry on each triggering fault, including transition timing and operator annunciation performance?",1-hop,True,True,15,15,15,0.13333333333333333,0.13333333333333333,0.13333333333333333,1.0,1.0,1.0,0.875,EMS-034;EPS-024;HMI-120;ENG-008;EMS-005;EMS-009;EMS-035;HMI-210;COMM-021;EMS-006;EMS-023;EPS-005;EPS-006;EPS-011;HMI-037
What structural limit-load envelope exceedance drives the EMS to reduce manoeuvre rate and assert the structural exceedance flag?,1-hop,True,True,14,15,15,0.14285714285714285,0.13333333333333333,0.13333333333333333,1.0,1.0,1.0,0.6111111111111112,EMS-020;FMS-031;FCC-030;HMI-045;FCC-021;STR-002;EMS-007;FMS-038;FCC-010;STR-008;EMS-006;FCC-009;FCC-049;STR-024
How is the flight data recorder’s operator-action logging requirement satisfied by the ground control station’s audit trail and retention provisions?,1-hop,True,True,15,15,15,0.13333333333333333,0.13333333333333333,0.13333333333333333,1.0,1.0,1.0,0.875,GCS-010;FDR-012;FDR-002;FDR-015;GCS-018;FDR-035;FDR-022;FCC-012;AUTO-010;FDR-008;FDR-045;FMS-022;LDG-026;NBC3-GPS-002;CDL-030
Which HMI requirement implements the flight control single-engine-out detection and automatic rudder-trim alerting behavior for operator notification?,1-hop,True,True,15,15,15,0.13333333333333333,0.13333333333333333,0.13333333333333333,1.0,1.0,1.0,0.5789473684210527,HMI-020;ALX2-FCC-003;HMI-050;HMI-090;HMI-009;HMI-060;HMI-010;HMI-045;ADS-014;AUTO-010;AUTO-031;FCC-017;FMS-038;ADS-026;FCC-016
"For the Nimbus-C3 external cargo pod interface, what FCC lane architecture is the PMC’s MIL-STD-1760 umbilical implementation referencing?",1-hop,True,True,14,15,15,0.07142857142857142,0.13333333333333333,0.06666666666666667,0.5,1.0,0.5,0.7058823529411765,PLD-026;PLD-030;ENG-033;NBC3-FCC-003;PLD-031;PLD-001;PLD-023;NBC3-CDL-001;EOIR-002;EOIR-025;HMI-155;SAR-021;HMI-210;PLD-013
"How is command traffic from the ground station routed to the flight control computer, and what validation must occur before use?",1-hop,True,True,15,15,15,0.13333333333333333,0.13333333333333333,0.13333333333333333,1.0,1.0,1.0,1.0,FCC-031;FCC-040;FCC-007;GCS-011;CDL-030;FMS-022;SEC-008;SEC-003_1;AUTO-001;AUTO-006;AUTO-033;CDL-013;CDL-035;CDL-040;COMM-023
Which payload-bus implementation and platform-specific bandwidths support the EOIR’s STANAG 4586 control/status and RTP/RTSP video interface to the mission computer?,1-hop,True,True,15,15,15,0.13333333333333333,0.13333333333333333,0.13333333333333333,1.0,1.0,1.0,0.875,EOIR-025;PLD-031;EOIR-017;SAR-021;CDL-010;PLD-013;ALX2-PLD-001;EOIR-015;EOIR-002;HMI-006;PLD-011;RADAR-002;RADAR-017;SAR-001;SAR-002
"Which operational modes are defined for the INS, and what preconditions and timing govern transitions between them?",1-hop,True,True,15,15,15,0.13333333333333333,0.13333333333333333,0.13333333333333333,1.0,1.0,1.0,0.7647058823529411,INS-005;INS-040;INS-036;INS-013;FMS-005;INS-033;FCC-005;NAV-005;AUTO-002;EMS-005;FCC-007;FCC-032;HMI-070;INS-014;NAV-007
"How does navigation fusion respond to inertial/GPS spoof indications, and which INS spoof-detection criteria drive rejection of suspect GPS updates?",1-hop,True,True,15,15,15,0.13333333333333333,0.13333333333333333,0.13333333333333333,1.0,1.0,1.0,0.875,NAV-028;INS-028;INS-029;SEC-025;INS-052;NAV-008;NAV-015;NAV-011;FCC-017;GPS-022;INS-019;SEC-028;EMS-021;FCC-016;GPS-023
Which actuator-command saturation limits and rates must the anti-windup logic use to prevent integrator growth when surface commands are clamped?,1-hop,True,True,15,15,15,0.13333333333333333,0.13333333333333333,0.13333333333333333,1.0,1.0,1.0,0.6666666666666666,FCC-028;FCC-023;FCC-026;FCC-030;FCC-038;AUTO-015;AUTO-011;AUTO-027;AUTO-023;AUTO-025;AUTO-028;BIT-024;EMS-006;EMS-007;ENG-021
"For autonomous mode engagement exceptions, what authentication mechanism must operator engagement requests use on the control data links?",1-hop,True,True,15,15,15,0.06666666666666667,0.06666666666666667,0.13333333333333333,0.5,0.5,1.0,0.7647058823529411,AUTO-006;GCS-008;ICE-019;EMS-024;FCC-011;SEC-015;HMI-050;EPS-018;APM-029;AUTO-010;BIT-020;BIT-031;CDL-030;DLNK-009;EMS-030
Which system-level security requirement is realized by the flight control computer’s command validation and rejection of invalid GCS commands?,1-hop,True,True,15,15,15,0.13333333333333333,0.13333333333333333,0.13333333333333333,1.0,1.0,1.0,1.0,FCC-031;FCC-040;SEC-008;SEC-014;FCC-007;SEC-003_1;EMS-025;GCS-011;AUTO-001;CDL-013;CDL-030;CDL-035;FCC-005;FCC-011;FMS-022
Which HMI requirement references the flight-control requirement for joystick deadband and roll/pitch rate limiting on direct manual control?,1-hop,True,True,15,15,15,0.13333333333333333,0.13333333333333333,0.13333333333333333,1.0,1.0,1.0,0.875,HMI-025;HMI-009;HMI-050;HMI-004;HMI-015;SKT1-FCC-003;HMI-090;HMI-055;ADS-014;AUTO-010;AUTO-023;FCC-029;HMI-220;ADS-026;AUTO-027
Which endurance-capacity requirement is referenced by the laboratory discharge verification for the 30-minute RTB load profile?,1-hop,True,True,15,15,15,0.13333333333333333,0.13333333333333333,0.13333333333333333,1.0,1.0,1.0,1.0,APM-037;APM-009;CDL-025;DLNK-016;PWR-035;PWR-018;FCC-055;COMM-016;AUTO-022;EMS-029;FCC-036;GPS-026;INS-035;NAV-026;PLD-028
What upstream navigation-state interface and update rate support the ground station’s real-time aircraft state display requirement?,1-hop,True,True,15,15,15,0.13333333333333333,0.13333333333333333,0.13333333333333333,1.0,1.0,1.0,1.0,GCS-012;FMS-034;NAV-010;NAV-029;HMI-005;NAV-030;GPS-013;INS-038;ADS-002;ADS-020;AUTO-020;CDL-031;DLNK-006;FDR-016;FMS-007
"Which command-frame definition governs the GCS operator command interface, and what fields must that message include?",1-hop,True,True,15,15,15,0.13333333333333333,0.13333333333333333,0.13333333333333333,1.0,1.0,1.0,0.875,GCS-034;CDL-033;CDL-030;FCC-040;FCC-031;ICE-019;GCS-033;GCS-022;AUTO-006;AUTO-033;CDL-034;CDL-035;COMM-023;ENG-021;FCC-007
How is the SAR status telemetry publication to the mission computer aligned with the payload telemetry aggregation and downlink path?,1-hop,True,True,15,15,15,0.13333333333333333,0.13333333333333333,0.13333333333333333,1.0,1.0,1.0,1.0,PLD-011;SAR-019;SAR-010;SAR-021;GCS-018;SAR-013;SAR-009;SAR-018;BIT-026;CDL-031;EOIR-015;FDR-002;GPS-011;HMI-006;INS-020
Which payload command ID ranges must the PMC dispatch to each sensor or external store under the payload command routing table?,1-hop,True,True,15,15,15,0.13333333333333333,0.13333333333333333,0.13333333333333333,1.0,1.0,1.0,0.875,PLD-009;PLD-033;PLD-021;PLD-003;PLD-016;PLD-017;PLD-031;PLD-034;BIT-030;CDL-030;CDL-033;EOIR-025;SAR-015;SAR-021;STR-038
Which SAR status message fields and update rate provide the health input the built-in test function aggregates into the overall payload health report?,1-hop,True,True,15,15,15,0.13333333333333333,0.13333333333333333,0.13333333333333333,1.0,1.0,1.0,1.0,BIT-026;SAR-019;COMM-020;FCC-051;APM-026;CDL-029;INS-020;BIT-027;AUTO-032;BIT-028;CDL-031;EOIR-024;FCC-016;FDR-016;GCS-005
Which sensor safety interlocks must the SAR mode logic enforce before allowing transition from standby into any transmitting mode?,1-hop,True,True,15,14,15,0.13333333333333333,0.14285714285714285,0.13333333333333333,1.0,1.0,1.0,0.9333333333333333,SAR-015;SAR-005;SAR-025;PLD-006;SAR-016;PLD-007;PLD-018;SAR-004;EOIR-006;PLD-034;PLD-036;STR-042;EOIR-030;HMI-160;SAR-002
"Which test requirement verifies, by RF-simulator satellite-fault injection, the FDE requirement to detect and exclude an unhealthy satellite within six seconds?",1-hop,True,True,15,15,15,0.13333333333333333,0.13333333333333333,0.13333333333333333,1.0,1.0,1.0,1.0,GPS-034;GPS-014;FMS-044;FDR-070;ENG-042;FCC-055;ENG-043;FCC-052;ENG-036;ENG-039;FCC-013;FCC-014;FCC-015;FCC-036;FDR-004
"Which operator command categories must the fuel subsystem accept via the command/data link interface, and how are those commands routed?",1-hop,True,True,15,15,15,0.13333333333333333,0.13333333333333333,0.13333333333333333,1.0,1.0,1.0,1.0,FUEL-025;CDL-035;GCS-034;CDL-030;FUEL-026;CDL-031;ICE-019;FUEL-024;AUTO-006;AUTO-033;CDL-033;CDL-034;COMM-023;EMS-010;ENG-014
Which flight-control cross-channel data link timing and integrity behavior must BIT monitor to satisfy CBIT consistency-check verification?,1-hop,True,True,15,15,15,0.13333333333333333,0.13333333333333333,0.13333333333333333,1.0,1.0,1.0,1.0,BIT-023;BIT-016;BIT-007;BIT-012;BIT-040;BIT-036;BIT-010;FCC-047;BIT-006;BIT-008;BIT-039;EMS-019;EMS-032;FCC-019;FCC-046
"Which integration-rig HIL test verifies the backup GCS cold-standby switchover requirement, including two-minute recovery and retained control authority?",1-hop,True,True,15,15,15,0.13333333333333333,0.13333333333333333,0.13333333333333333,1.0,1.0,1.0,1.0,GCS-040;GCS-025;GCS-038;NAV-035;PWR-034;PWR-035;TCS-020;EMS-034;EMS-006;FMS-021;GCS-021;NAV-007;PWR-006;PWR-018;AUTO-009
"Which flight-control initialization constraint governs the termination-mode full nose-down, throttle-cut command before subsequent recovery commands are rejected?",1-hop,True,True,15,15,15,0.06666666666666667,0.06666666666666667,0.06666666666666667,0.5,0.5,0.5,0.6666666666666666,EMS-026;STR7-FCC-006;EMS-025;FCC-007;ENG-005;AUTO-021;ENG-018;ENG-036;AUTO-001;EMS-030;ENG-043;ENG-044;FCC-005;GCS-022;FCC-011
"For the Skyrunner-T1 test configuration, how is the FCC’s duplex single-LRU architecture derived from the platform-dependent independent-lane requirement?",1-hop,True,True,15,15,15,0.13333333333333333,0.13333333333333333,0.13333333333333333,1.0,1.0,1.0,1.0,SKT1-FCC-001;SKT1-CDL-001;ALX2-FCC-001;STR7-FCC-001;PWR-020;SKT1-FCC-002;INS-003;SKT1-LDG-001;CDL-010;FCC-003;LDG-004;PWR-012;PWR-025;SKT1-INS-001;STR7-INS-001
"In linked mode, what ground-station command latency supports the command-data link’s 20 Hz command reception and downstream routing?",1-hop,True,True,15,15,15,0.13333333333333333,0.13333333333333333,0.13333333333333333,1.0,1.0,1.0,0.875,CDL-011;GCS-006;CDL-009;CDL-038;CDL-027;CDL-030;DLNK-015;DLNK-004;AUTO-006;AUTO-033;COMM-006;COMM-023;ENG-021;FCC-031;FMS-022
What maintenance Ethernet port constraints and authentication conditions govern the FMS flight-plan upload/download interface?,1-hop,True,True,15,15,15,0.13333333333333333,0.13333333333333333,0.13333333333333333,1.0,1.0,1.0,1.0,FMS-035;FDR-055;SEC-015;FCC-044;SEC-022;FMS-022;GCS-011;HMI-037;APM-029;BIT-020;BIT-031;CDL-030;CDL-040;FDR-012;GCS-008
"Which interface power requirement defines the 50 ms ride-through capability, and which general requirement establishes the DO-160G Category Z interruption profile?",1-hop,True,True,15,15,15,0.06666666666666667,0.13333333333333333,0.06666666666666667,0.5,1.0,0.5,0.875,FCC-055;INS-035;COMM-016;ICE-018;CDL-025;TCS-020;DLNK-016;COMM-025;FCC-036;PWR-018;EMS-029;GPS-026;NAV-026;PLD-028;PWR-013
Which published fuel-status data does the flight control computer rely on to constrain commanded thrust to available fuel?,1-hop,True,True,15,15,15,0.13333333333333333,0.13333333333333333,0.13333333333333333,1.0,1.0,1.0,1.0,ENG-014;FUEL-015;ENG-010;ENG-015;ENG-011;FUEL-007;ENG-025;FUEL-016;ENG-041;FCC-002;FMS-017;FUEL-010;FUEL-026;ENG-020;FDR-016
What GNSS timing output and validity conditions support the data link terminal’s 1 µs network time alignment requirement?,1-hop,True,True,15,15,15,0.13333333333333333,0.13333333333333333,0.13333333333333333,1.0,1.0,1.0,1.0,DLNK-007;GPS-010;DLNK-022;INS-037;FCC-034;GPS-029;CDL-011;DLNK-004;CDL-038;COMM-006;GCS-020;GPS-028;NAV-027;PLD-019;SEC-015
"Which INS-published state elements support the flight data recorder’s mandatory attitude, position, and velocity parameter capture?",1-hop,True,True,15,15,15,0.13333333333333333,0.13333333333333333,0.13333333333333333,1.0,1.0,1.0,0.875,INS-020;INS-019;FCC-016;INS-039;FDR-020;INS-042;FDR-018;INS-012;AUTO-032;FCC-017;FDR-016;INS-015;INS-053;NAV-002;NAV-010
Which load-shed table entry defines the priority-2 load failure condition that forces the EMS into CAUTION within 500 ms?,1-hop,True,True,15,15,15,0.13333333333333333,0.13333333333333333,0.13333333333333333,1.0,1.0,1.0,1.0,EMS-005;PWR-032;EMS-020;EMS-033;EMS-012;EMS-010;EMS-004;FCC-009;APM-009;AUTO-009;CDL-031;COMM-021;EMS-001;EMS-006;EPS-006
"Which radar altimeter mode requirement supports terrain-avoidance advisory coupling, and which autopilot requirement governs autonomous DAA resolution engagement?",1-hop,True,True,15,15,15,0.13333333333333333,0.13333333333333333,0.13333333333333333,1.0,1.0,1.0,0.6666666666666666,RADAR-017;AUTO-020;AUTO-006;RADAR-025;RADAR-005;RADAR-009;STR-015;RADAR-007;AUTO-038;CDL-005;CDL-024;CDL-030;COMM-018;DLNK-009;DLNK-017
Which ADS test requirement verifies support for the flight management system’s ±10 s RTA accuracy requirement under higher cruise wind profiles?,1-hop,True,True,13,15,14,0.15384615384615385,0.13333333333333333,0.14285714285714285,1.0,1.0,1.0,0.8666666666666667,NBC3-ADS-001;STR7-ADS-001;NBC3-AUTO-001;ADS-010;ADS-025;SKT1-ADS-001;ADS-008;ADS-006;ADS-012;FMS-020;FCC-022;NBC3-FCC-004;NBC3-NAV-001
"What EPS status publication rate is required for the flight data recorder, and which endpoint requirement defines that interface?",1-hop,True,True,15,15,15,0.13333333333333333,0.13333333333333333,0.13333333333333333,1.0,1.0,1.0,1.0,FDR-001;EPS-020;EPS-016;FDR-055;FDR-028;FDR-005;EMS-030;FDR-022;BIT-002;FCC-011;FCC-044;FCC-047;NBC3-GPS-002;PWR-015;SEC-015
What navigation time-synchronization service must the flight data recorder use to timestamp mandatory parameters in UTC at native sampling rates?,1-hop,True,True,15,15,15,0.13333333333333333,0.13333333333333333,0.13333333333333333,1.0,1.0,1.0,0.875,FDR-004;GCS-020;PLD-019;NAV-027;FDR-022;GPS-010;INS-037;INS-039;DLNK-007;FCC-029;FCC-034;FDR-020;FDR-070;GPS-028;NBC3-GPS-002
Which flight control computer BIT status interface requirement satisfies the BIT aggregation requirement for 1 Hz health reporting to the GCS and FDR?,1-hop,True,True,15,15,15,0.13333333333333333,0.13333333333333333,0.13333333333333333,1.0,1.0,1.0,1.0,BIT-008;BIT-027;FCC-047;BIT-036;BIT-010;FDR-005;BIT-028;BIT-013;APM-026;FDR-016;GCS-005;INS-015;ADS-020;AUTO-031;CDL-029
Which flight management 4D trajectory and RTA capability underpins the flight control computer’s continuous conformance monitoring and deviation alerting for civil operations?,1-hop,True,True,15,15,15,0.13333333333333333,0.13333333333333333,0.13333333333333333,1.0,1.0,1.0,0.5789473684210527,FMS-020;NBC3-FCC-004;NBC3-NAV-001;NBC3-AUTO-001;RADAR-017;AUTO-004;FCC-024;AUTO-020;AUTO-038;EOIR-015;EOIR-018;FCC-054;FMS-008;GCS-017;HMI-005
Which command-authentication fault-injection verification demonstrates compliance with the cited security assurance activities reference set?,1-hop,True,True,15,15,15,0.13333333333333333,0.13333333333333333,0.06666666666666667,1.0,1.0,0.5,1.0,SEC-019;PLD-035;CDL-039;SEC-016;EMS-035;SEC-002;SEC-021;GCS-039;CDL-013;EMS-023;GCS-009;PLD-029;SEC-003;SEC-004;SEC-008
"Which transceiver fault condition forces EMS into CAUTION, and what communication subsystem response and operator notification are required?",1-hop,True,True,15,15,15,0.13333333333333333,0.13333333333333333,0.13333333333333333,1.0,1.0,1.0,0.875,EMS-005;COMM-021;FCC-009;EMS-006;EMS-004;EMS-010;COMM-015;EMS-012;AUTO-009;CDL-031;EMS-001;EMS-034;FCC-006;FCC-010;FCC-023
"When emergency inner-loop conditions assert, how must the autopilot mode logic support the EMS emergency transition and FCC coordination?",1-hop,True,True,15,15,15,0.13333333333333333,0.13333333333333333,0.13333333333333333,1.0,1.0,1.0,0.7647058823529411,AUTO-009;EMS-006;FCC-009;FCC-010;EMS-004;EMS-002;EMS-030;FCC-030;EMS-001;EMS-007;EMS-020;EMS-034;EPS-001;FCC-006;FCC-011
"How is an EKF divergence detected, reset, and cross-referenced to flight data recording of the divergence snapshot and reset state?",1-hop,True,True,11,12,11,0.18181818181818182,0.16666666666666666,0.18181818181818182,1.0,1.0,1.0,0.9166666666666666,FDR-024;NAV-024;NAV-036;INS-039;INS-019;NAV-011;NAV-016;FDR-018;FDR-020;INS-015;BIT-010
Which HIL lost-link test demonstrates verification that the autopilot enters RTB within one second and tracks to the rally point?,1-hop,True,True,15,15,15,0.13333333333333333,0.13333333333333333,0.13333333333333333,1.0,1.0,1.0,0.875,AUTO-039;AUTO-022;EMS-011;AUTO-038;CDL-006;AUTO-037;EMS-015;NAV-035;APM-009;AUTO-012;AUTO-020;EPS-011;FDR-050;GCS-007;NAV-007
Which INS state publication requirement satisfies the FCC need for 200 Hz inertial data delivery with no more than 5 ms end-to-end latency?,1-hop,True,True,15,15,15,0.13333333333333333,0.13333333333333333,0.13333333333333333,1.0,1.0,1.0,0.875,INS-020;FCC-016;FCC-043;FDR-020;INS-012;NAV-010;INS-053;BIT-010;ADS-002;AUTO-032;FCC-017;FDR-016;FMS-007;GPS-002;INS-015
"Which HMI requirement implements the FMS uplinked flight-plan change confirmation, including full-diff display before activation?",1-hop,True,True,15,15,15,0.13333333333333333,0.13333333333333333,0.13333333333333333,1.0,1.0,1.0,1.0,HMI-037;HMI-009;HMI-030;FMS-022;HMI-040;HMI-032;HMI-005;HMI-004;AUTO-020;CDL-030;CDL-040;FDR-012;FMS-003;FMS-009;FMS-030
What verification demonstrates authenticated-command or tamper-triggered cryptographic zeroise completes within 200 ms on all key-bearing LRUs?,1-hop,True,True,15,15,15,0.13333333333333333,0.13333333333333333,0.13333333333333333,1.0,1.0,1.0,0.875,SEC-023;SEC-032;DLNK-024;CDL-021;DLNK-014;CDL-040;SEC-019;COMM-030;CDL-013;COMM-019;FMS-022;SEC-003;SEC-008;CDL-030;CDL-039
What HMI controls and indications must support authorising entry into EOIR designate mode for laser operation?,1-hop,True,True,15,15,15,0.13333333333333333,0.13333333333333333,0.13333333333333333,1.0,1.0,1.0,1.0,HMI-160;EOIR-006;EOIR-030;EOIR-004;PLD-006;EOIR-018;HMI-120;EOIR-027;EMS-009;ENG-008;HMI-210;PLD-018;RADAR-017;SAR-005;AUTO-020
Which HMI requirement defines the suspend/resume controls and state indication needed to support the FMS suspended-mode resume behavior?,1-hop,True,True,15,15,15,0.13333333333333333,0.13333333333333333,0.13333333333333333,1.0,1.0,1.0,0.875,HMI-032;FMS-009;FMS-005;HMI-009;HMI-040;HMI-120;PLD-006;HMI-060;AUTO-002;AUTO-031;EMS-009;ENG-008;FMS-030;SAR-005;FCC-013
Which power hold-up requirement ensures the EMS maintains state through a 50 ms essential-bus interruption?,1-hop,True,True,12,13,12,0.16666666666666666,0.15384615384615385,0.16666666666666666,1.0,1.0,1.0,0.9230769230769231,FCC-036;EMS-029;PWR-013;PWR-018;PLD-028;PWR-035;CDL-025;TCS-020;FCC-055;GPS-026;INS-035;NAV-026
Which power requirement provides the continuously available hold-up energy the CDL relies on to ride through a 50 ms Category Z interruption?,1-hop,True,True,13,14,13,0.15384615384615385,0.14285714285714285,0.15384615384615385,1.0,1.0,1.0,0.9285714285714286,CDL-025;PWR-018;FCC-036;PWR-013;TCS-020;PLD-028;ICE-018;INS-035;EMS-029;FCC-055;GPS-026;NAV-026;PWR-035
"In approach mode, what guidance source must the flight control computer accept, and what deviation data must the FMS provide to support it?",1-hop,True,True,15,15,15,0.13333333333333333,0.13333333333333333,0.13333333333333333,1.0,1.0,1.0,1.0,FMS-030;FCC-032;HMI-040;AUTO-019;FCC-007;FMS-013;FMS-012;FMS-029;ALX2-FMS-001;AUTO-001;AUTO-010;AUTO-017;AUTO-025;AUTO-040;FCC-005
"During standby-to-coarse-align motion rejection, what operator alignment-status indication is required on the HMI?",1-hop,True,True,15,15,15,0.13333333333333333,0.13333333333333333,0.13333333333333333,1.0,1.0,1.0,1.0,INS-006;HMI-070;HMI-120;GCS-007;PLD-006;HMI-050;HMI-060;EPS-013;AUTO-010;AUTO-022;AUTO-031;EMS-009;ENG-008;INS-005;SAR-005
Which asymmetric signature algorithms in the crypto selection table are mandated for verifying loadable software and data signatures?,1-hop,True,True,15,15,15,0.13333333333333333,0.13333333333333333,0.13333333333333333,1.0,1.0,1.0,1.0,SEC-020;SEC-017;SEC-010;SEC-004;SEC-032;SEC-005;SEC-021;SEC-007;APM-033;AUTO-006;AUTO-034;BIT-033;CDL-012;CDL-021;COMM-019
What upstream navigation timing service requirement justifies the payload computer’s UTC sensor timestamping accuracy and source-selection behavior?,1-hop,True,True,13,14,15,0.15384615384615385,0.14285714285714285,0.13333333333333333,1.0,1.0,1.0,0.9285714285714286,PLD-019;GPS-010;INS-037;GCS-020;FCC-034;NAV-027;SEC-013;DLNK-007;DLNK-022;FDR-004;GPS-028;FCC-029;FDR-070
Which airframe general requirement references the FCC cross-channel data link timing and integrity requirement to justify dissimilar-redundant routing separation?,1-hop,True,True,15,15,15,0.13333333333333333,0.13333333333333333,0.13333333333333333,1.0,1.0,1.0,1.0,STR-021;COMM-016;COMM-004;ALX2-FCC-001;COMM-007;STR7-FCC-001;FDR-008;FCC-018;FCC-003;FCC-012;FCC-019;FCC-041;FCC-046;PWR-012;PWR-025
Which flight data recorder requirement is verified by the flight control computer’s obligation to log every mode transition for the last 50 flight hours?,1-hop,True,True,15,15,15,0.13333333333333333,0.13333333333333333,0.13333333333333333,1.0,1.0,1.0,0.7647058823529411,FCC-012;FDR-008;FDR-015;FMS-010;FMS-006;FDR-001;FDR-012;FDR-005;AUTO-010;BIT-002;FCC-047;FMS-022;FMS-042;HMI-033;NAV-002
Which structural requirement defines the dedicated payload-bus routing and shielding needed to support the payload controller’s single-LRU installation near the bay rack?,1-hop,True,True,15,15,15,0.13333333333333333,0.13333333333333333,0.13333333333333333,1.0,1.0,1.0,0.875,STR-038;PLD-003;STR-021;SEC-014;STR-004;PWR-012;FCC-044;CDL-032;ADS-003;ALX2-FCC-001;BIT-031;CDL-024;DLNK-017;FCC-003;FCC-041
"In NAV mode, does the inertial unit’s 200 Hz output to the flight control computer satisfy the computer’s inertial data input rate and latency requirement?",1-hop,True,True,15,15,15,0.13333333333333333,0.13333333333333333,0.13333333333333333,1.0,1.0,1.0,0.875,INS-012;NAV-010;NAV-030;NAV-019;FCC-016;NAV-027;NAV-011;NAV-018;ADS-002;ADS-020;FCC-017;FDR-004;FMS-007;GCS-020;GPS-002
Which communications links must demonstrate DO-160G Category Y EMC coexistence without mutual interference with the radar altimeter and GPS?,1-hop,True,True,15,15,15,0.13333333333333333,0.13333333333333333,0.13333333333333333,1.0,1.0,1.0,1.0,RADAR-009;COMM-018;CDL-024;RADAR-024;COMM-029;DLNK-017;SAR-017;RADAR-020;AUTO-002;CDL-005;COMM-005;GPS-009;PLD-027;STR-038;EMS-032
What higher-level SAR mode requirement traces to the platform mandate for operator authorisation before leaving STANDBY for a transmitting state?,1-hop,True,True,15,15,15,0.13333333333333333,0.13333333333333333,0.13333333333333333,1.0,1.0,1.0,1.0,SAR-005;PLD-006;SAR-004;FCC-011;SEC-015;COMM-008;PLD-025;SAR-017;APM-029;BIT-020;BIT-031;CDL-024;EMS-030;FCC-044;FDR-055
Does the ice-protection power budget and 0.5 Hz zone reporting comply with the electrical subsystem’s continuous essential-bus generator load limit?,1-hop,True,True,15,15,15,0.13333333333333333,0.13333333333333333,0.13333333333333333,1.0,1.0,1.0,1.0,ICE-014;ICE-015;ICE-018;PWR-017;PWR-018;PWR-015;ICE-016;CDL-025;EMS-029;FCC-036;FDR-028;GCS-015;GPS-026;INS-035;NAV-026
What test demonstrates the receiver meets integrity alert timing for unresolved protection-level exceedances under simulated satellite-fault conditions?,1-hop,True,True,15,15,15,0.13333333333333333,0.13333333333333333,0.13333333333333333,1.0,1.0,1.0,0.7647058823529411,GPS-034;SAR-025;FMS-044;GPS-017;GPS-014;COMM-029;RADAR-024;SEC-028;COMM-018;EMS-021;FMS-029;GPS-022;GPS-023;INS-029;NAV-028
Which flight-control requirement provides the engine-out detection and automatic rudder-trim behavior referenced by the autopilot single-engine-out altitude-hold test?,1-hop,True,True,11,15,15,0.18181818181818182,0.13333333333333333,0.13333333333333333,1.0,1.0,1.0,0.625,ALX2-FCC-003;ALX2-AUTO-003;HMI-020;ENG-044;ALX2-AUTO-001;ENG-018;AUTO-037;STR7-FCC-002;ALX2-FCC-002;AUTO-012;ENG-040
Which landing-gear weight-on-wheels discretes must the inertial system rely on to enable ZUPT while stationary on the ground?,1-hop,True,True,13,14,13,0.15384615384615385,0.14285714285714285,0.15384615384615385,1.0,1.0,1.0,0.9285714285714286,INS-032;STR-035;STR-040;LDG-002;LDG-022;NBC3-LDG-001;STR7-LDG-001;FCC-048;LDG-015;TCS-018;FCC-008;LDG-031;LGT-007
"Which flight-test verification demonstrates that EO/IR geolocation from line-of-sight, navigation, and ranging meets 10 m CEP out to 15 km?",1-hop,True,True,15,15,15,0.13333333333333333,0.13333333333333333,0.13333333333333333,1.0,1.0,1.0,1.0,EOIR-029;SAR-024;EOIR-014;EOIR-013;NAV-034;RADAR-024;RADAR-023;EOIR-028;EOIR-010;NAV-006;NAV-020;RADAR-005;RADAR-009;SAR-009;CDL-005
"Which communications capability document is explicitly excluded from the tactical Link‑16 terminal scope, and what assurance levels govern it?",1-hop,True,True,15,15,15,0.13333333333333333,0.13333333333333333,0.13333333333333333,1.0,1.0,1.0,1.0,DLNK-002;DLNK-003;DLNK-004;CDL-003;CDL-028;DLNK-015;TCS-008;BIT-035;CDL-001;COMM-001;DLNK-020;FCC-004;GCS-032;STR7-CDL-002;CDL-002
Which application module requirement provides the 1 Hz battery state-of-charge data that the power subsystem uses to inhibit NORMAL mode entry below 85%?,1-hop,True,True,15,15,15,0.13333333333333333,0.13333333333333333,0.13333333333333333,1.0,1.0,1.0,1.0,PWR-028;APM-015;EPS-007;APM-002;APM-006;GCS-015;APM-008;APM-026;BIT-025;BIT-028;EMS-016;EPS-001;PWR-002;PWR-015;TCS-012
Which GNSS dilution-of-precision outputs feed the navigation fusion QoS score computation for operator display?,1-hop,True,True,15,15,15,0.06666666666666667,0.06666666666666667,0.13333333333333333,0.5,0.5,1.0,1.0,NAV-021;INS-038;NAV-020;NAV-019;NAV-011;NAV-028;NAV-002;NAV-027;ADS-020;EOIR-014;FDR-004;FMS-006;FMS-034;GCS-020;GPS-010
"In ground mode, what requirement defines the authorized control-surface command path, and which ground system requirement implements that interface?",1-hop,True,True,15,15,15,0.13333333333333333,0.13333333333333333,0.13333333333333333,1.0,1.0,1.0,1.0,FCC-007;GCS-022;COMM-018;GCS-001;GCS-006;FCC-006;SEC-014;COMM-017;AUTO-001;BIT-005;CDL-002;CDL-024;CDL-030;COMM-029;EMS-004
What INS 1-sigma attitude accuracy values define the navigation fusion residual threshold for dual-INS arbitration in GPS-aided cruise and turning?,1-hop,True,True,15,15,15,0.13333333333333333,0.13333333333333333,0.13333333333333333,1.0,1.0,1.0,0.5789473684210527,INS-021;NAV-013;INS-033;FCC-017;NBC3-INS-001;FCC-016;NAV-015;SKT1-NAV-001;HMI-010;INS-012;INS-020;NAV-006;AUTO-032;FDR-016;FMS-012
What upstream GNSS timing output and interfaces justify the navigation fusion function’s 1 Hz bus time-synchronisation service and GPS-derived accuracy source?,1-hop,True,True,15,15,15,0.13333333333333333,0.13333333333333333,0.13333333333333333,1.0,1.0,1.0,1.0,NAV-027;GPS-010;NAV-022;INS-037;FCC-034;PLD-019;NAV-011;NAV-021;DLNK-007;FDR-004;GCS-020;GPS-020;GPS-028;INS-019;INS-038
Does the equipment management system ingest power-subsystem mode/status over the primary avionics bus at a minimum 5 Hz update rate?,1-hop,True,True,15,15,15,0.06666666666666667,0.06666666666666667,0.06666666666666667,0.5,0.5,0.5,0.875,EMS-032;APM-032;EMS-031;PWR-015;BIT-036;NAV-010;COMM-024;PWR-026;ADS-002;APM-004;BIT-040;CDL-005;ENG-040;FCC-050;FDR-016
Which power requirement provides the FCC’s hold-up energy basis for maintaining uninterrupted inner-loop operation through a 50 ms primary power interruption?,1-hop,True,True,13,14,13,0.15384615384615385,0.14285714285714285,0.15384615384615385,1.0,1.0,1.0,0.9285714285714286,FCC-036;PWR-013;PWR-018;CDL-025;INS-035;PLD-028;FCC-045;NAV-026;EMS-029;FCC-055;GPS-026;PWR-008;PWR-035
Which tactical datalink verification requirement demonstrates coordinated flight-plan separation compliance for coalition multi-aircraft FMS operation?,1-hop,True,True,15,15,15,0.13333333333333333,0.13333333333333333,0.13333333333333333,1.0,1.0,1.0,0.875,ALX2-FMS-001;DLNK-025;FMS-022;SEC-022;FDR-012;HMI-037;PLD-015;GCS-011;CDL-030;CDL-040;DLNK-009;FMS-012;FMS-035;HMI-210;PLD-037
"What message definition table governs the 1 Hz primary-bus APM status broadcast, and what fields must that status message contain?",1-hop,True,True,15,15,15,0.13333333333333333,0.13333333333333333,0.13333333333333333,1.0,1.0,1.0,1.0,APM-032;APM-034;EPS-020;PLD-032;FUEL-024;TCS-023;ENG-038;EMS-031;FDR-016;ADS-020;AUTO-031;BIT-036;CDL-029;ENG-020;FCC-038
What verification evidence demonstrates the navigation solution’s 5 ms end-to-end publish-latency requirement at 200 Hz is met?,1-hop,True,True,15,15,15,0.06666666666666667,0.06666666666666667,0.13333333333333333,0.5,0.5,1.0,1.0,INS-053;ENG-041;NAV-010;GCS-037;CDL-038;AUTO-011;CDL-011;FMS-041;ADS-002;COMM-006;ENG-010;FCC-014;FMS-007;FMS-012;GCS-006
"For high-altitude operation to 44,000 ft, what GPS-aided NAV position accuracy limit must the INS still meet?",1-hop,True,True,15,15,15,0.13333333333333333,0.13333333333333333,0.13333333333333333,1.0,1.0,1.0,0.6666666666666666,INS-022;STR7-INS-002;INS-021;INS-009;NBC3-INS-001;INS-011;GPS-011;SKT1-NAV-001;FCC-043;GPS-012;GPS-013;GPS-015;NAV-006;NAV-013;SAR-009
Which flight data recorder requirement traces to the power subsystem’s 10 Hz real-time power-status telemetry publication to the recorder?,1-hop,True,True,15,15,15,0.13333333333333333,0.13333333333333333,0.13333333333333333,1.0,1.0,1.0,1.0,PWR-015;FDR-001;FDR-005;FDR-028;FDR-030;PWR-026;FDR-022;FDR-008;APM-023;APM-030;BIT-002;EPS-016;FCC-012;FCC-047;FDR-016
What autopilot DAA advisory behavior must be available for presentation as traffic on the navigation display?,1-hop,True,True,15,15,15,0.13333333333333333,0.13333333333333333,0.13333333333333333,1.0,1.0,1.0,0.6666666666666666,AUTO-020;GCS-017;HMI-005;RADAR-017;NBC3-AUTO-002;AUTO-021;AUTO-006;AUTO-007;AUTO-005;AUTO-038;CDL-030;DLNK-009;EOIR-015;EOIR-018;FMS-008
How must the FCC’s 10 Hz background BIT scheduling preserve compliance with the inner-loop 200 Hz jitter requirement?,1-hop,True,True,15,15,15,0.13333333333333333,0.13333333333333333,0.13333333333333333,1.0,1.0,1.0,0.875,FCC-015;FCC-013;FCC-014;BIT-007;FCC-025;FCC-047;BIT-023;BIT-008;AUTO-002;AUTO-011;AUTO-025;FCC-019;FCC-046;FCC-052;FCC-054
What published payload status data must the flight data recorder timestamp and log for sensor and external-store events?,1-hop,True,True,13,15,15,0.15384615384615385,0.13333333333333333,0.13333333333333333,1.0,1.0,1.0,0.8666666666666667,INS-039;FDR-022;FDR-040;FCC-012;GCS-010;NBC3-GPS-002;FDR-008;FDR-020;FDR-045;PLD-020;STR7-PLD-001;CDL-031;EMS-008
Which flight data recorder requirement captures APM battery/APU data around fault transitions to support the APU health exceedance shutdown logging requirement?,1-hop,True,True,15,15,15,0.13333333333333333,0.13333333333333333,0.13333333333333333,1.0,1.0,1.0,0.875,FDR-030;APM-023;APM-008;EPS-011;APM-021;APM-022;APM-030;FUEL-020;APM-020;AUTO-022;BIT-025;EPS-024;FMS-034;APM-009;APM-039
How is the 10 Hz FCC background health monitoring constrained to avoid violating the outer-loop 50 Hz guidance jitter requirement?,1-hop,True,True,15,15,15,0.13333333333333333,0.13333333333333333,0.13333333333333333,1.0,1.0,1.0,0.7647058823529411,FCC-015;FCC-014;FCC-013;FCC-025;AUTO-011;FCC-027;FCC-036;ENG-010;AUTO-002;AUTO-025;ENG-041;FCC-002;FCC-052;FCC-054;FCC-055
Does the primary essential bus power specification satisfy the flight control computer’s 28 VDC interface and undervoltage requirements?,1-hop,True,True,15,15,15,0.13333333333333333,0.13333333333333333,0.13333333333333333,1.0,1.0,1.0,1.0,FCC-045;PWR-008;PWR-005;STR-021;COMM-025;PWR-003;PWR-002;EPS-012;APM-001;APM-002;EPS-001;FCC-041;FCC-046;PWR-012;ADS-003
What verification demonstrates the autoland centreline touchdown accuracy required for AUTOLAND-certified Stratos-7 operations?,1-hop,True,True,15,15,15,0.13333333333333333,0.13333333333333333,0.13333333333333333,1.0,1.0,1.0,1.0,AUTO-040;STR7-AUTO-002;AUTO-029;STR7-ADS-001;STR7-AUTO-001;STR7-FCC-004;STR7-INS-003;STR7-AUTO-003;AUTO-005;FMS-029;RADAR-008;AUTO-007;AUTO-008;FMS-044;NAV-030
Which INIT-mode navigation database loading requirement fulfills the security requirement for signed load authentication and rejection of invalid or expired data?,1-hop,True,True,15,15,15,0.13333333333333333,0.13333333333333333,0.13333333333333333,1.0,1.0,1.0,0.7647058823529411,FMS-006;SEC-020;FMS-010;SEC-028;INS-013;SEC-004;FMS-042;SEC-032;BIT-033;CDL-021;DLNK-014;EMS-005;EMS-021;GPS-022;GPS-023
What landing-gear weight-on-wheels discretes support the taxi-light ground-only inhibit and maintenance override behavior?,1-hop,True,True,15,15,15,0.13333333333333333,0.13333333333333333,0.13333333333333333,1.0,1.0,1.0,1.0,LGT-007;LDG-020;LDG-002;STR-035;LGT-006;STR-016;NBC3-LDG-001;FCC-048;FCC-044;LDG-011;LDG-015;BIT-031;FCC-008;FDR-055;FMS-035
Which inertial-system QoS input does navigation fusion reference when deriving the operator-displayed 2 Hz 0–100 quality score?,1-hop,True,True,15,15,15,0.13333333333333333,0.13333333333333333,0.13333333333333333,1.0,1.0,1.0,0.875,NAV-021;INS-038;NAV-010;NAV-019;NAV-011;NAV-018;NAV-030;INS-012;ADS-002;ADS-020;FCC-016;FMS-007;GPS-002;GPS-020;GPS-030
How does the Skyrunner-T1 hybrid-mode test requirement refine the higher-level navigation-mode accuracy and output requirement?,1-hop,True,True,15,15,15,0.13333333333333333,0.13333333333333333,0.13333333333333333,1.0,1.0,1.0,0.7647058823529411,SKT1-NAV-001;SKT1-AUTO-001;SKT1-GPS-001;SKT1-ADS-001;NAV-035;SKT1-INS-001;NAV-006;SKT1-INS-002;ADS-012;AUTO-005;FMS-012;GPS-009;INS-003;NAV-007;NAV-034
"Which verification requirement demonstrates, by negative UHF secure-mode testing, compliance with the no-valid-key transmit-inhibit voice-encryption requirement?",1-hop,True,True,15,15,15,0.13333333333333333,0.13333333333333333,0.13333333333333333,1.0,1.0,1.0,1.0,COMM-030;COMM-019;DLNK-023;SEC-008;SEC-032;SEC-023;DLNK-024;FCC-011;CDL-013;CDL-021;DLNK-008;DLNK-014;EMS-030;FCC-031;FCC-040
Which test evidence verifies the flight control computer’s 200 Hz inner-loop timing and jitter compliance under nominal and full-payload conditions?,1-hop,True,True,15,15,15,0.13333333333333333,0.13333333333333333,0.13333333333333333,1.0,1.0,1.0,0.875,FCC-013;ENG-041;INS-053;FCC-052;ALX2-INS-001;NBC3-FCC-002;FCC-053;CDL-038;AUTO-002;AUTO-025;CDL-011;ENG-010;FCC-014;FCC-015;FCC-019
Which flight-control test requirement verifies the payload-jettison general requirement’s preconfigured transient attitude compensation and its 100 ms execution timing?,1-hop,True,True,15,15,15,0.06666666666666667,0.06666666666666667,0.13333333333333333,0.5,0.5,1.0,0.6666666666666666,NBC3-FCC-003;ENG-041;ENG-043;ALX2-INS-001;INS-053;FCC-055;STR7-FCC-006;FCC-052;EMS-030;ENG-010;ENG-036;FCC-013;FCC-014;FCC-015;FCC-036
"Under what aircraft conditions may the FCC maintenance Ethernet port be used, and what multifactor operator authentication must be completed before any maintenance commands are accepted?",2-hop,True,True,15,15,15,0.2,0.2,0.13333333333333333,1.0,1.0,0.6666666666666666,1.0,FCC-044;SEC-015;FDR-055;FCC-011;SEC-003_1;EMS-030;FMS-035;LDG-020;APM-029;BIT-020;BIT-031;GCS-008;GPS-029;INS-045;PWR-027
"During the 60-minute HIL verification, how should you confirm the flight recorder captures the emergency management system status information at the required cadence with valid timestamps?",2-hop,True,True,15,15,15,0.13333333333333333,0.13333333333333333,0.2,0.6666666666666666,0.6666666666666666,1.0,0.7647058823529411,EMS-034;FCC-012;FCC-009;FDR-070;EMS-018;FDR-012;FDR-005;EMS-031;AUTO-009;COMM-022;EMS-001;EMS-006;FCC-010;FCC-047;FDR-004
"At what rate must the recorder log the communications data link health/status word, given mandatory-parameter native-rate recording and the health word’s own update requirement?",2-hop,True,True,15,15,15,0.2,0.2,0.2,1.0,1.0,1.0,1.0,FDR-005;COMM-020;CDL-029;FCC-051;FDR-004;FCC-047;FCC-042;FDR-028;BIT-008;CDL-031;EPS-016;FCC-029;FDR-016;FDR-070;NAV-027
"Does the selected VHF transceiver transmit power remain compliant with EMC coexistence expectations for the CDL, GPS, and radar altimeter under DO-160G Category Y?",2-hop,True,True,15,15,15,0.2,0.2,0.2,1.0,1.0,1.0,1.0,CDL-024;COMM-018;COMM-029;RADAR-024;RADAR-009;SAR-017;DLNK-017;PLD-027;CDL-005;COMM-005;GPS-009;STR-038;EMS-032;PLD-003;SKT1-GPS-001
"If the primary INS attitude stream degrades below required rate or validity, how quickly must the FCC switch to the backup GPS-aided AHRS to maintain flight-control attitude input?",2-hop,True,True,15,15,15,0.13333333333333333,0.13333333333333333,0.2,0.6666666666666666,0.6666666666666666,1.0,0.7647058823529411,FCC-017;INS-013;FCC-016;NAV-007;FCC-009;NAV-008;INS-014;INS-031;ADS-015;AUTO-009;EMS-001;EMS-005;EMS-006;FCC-010;HMI-010
"If an operator commands an emergency return or diversion, what encryption, authentication, and key-validity conditions must the communications link and secure UHF voice satisfy before execution?",2-hop,True,True,15,15,15,0.13333333333333333,0.13333333333333333,0.2,0.6666666666666666,0.6666666666666666,1.0,0.875,COMM-019;COMM-030;SEC-008;EMS-023;SEC-003_1;EMS-009;EMS-006;CDL-003;AUTO-009;CDL-013;EMS-034;EMS-035;FCC-009;FCC-010;FCC-011
"For ground-maintenance fault-injection on the power subsystem via the BIT maintenance interface, what operator authentication is required before BPCU commands are accepted?",2-hop,True,True,15,15,15,0.2,0.2,0.2,1.0,1.0,1.0,1.0,PWR-027;BIT-020;SEC-015;BIT-004;BIT-029;PWR-021;APM-033;GCS-008;APM-029;BIT-015;BIT-031;EMS-019;FCC-044;FDR-055;GPS-029
"During high-power takeoff, how does the FCC’s reserve N1 limiting affect pitch-rate reduction logic and the engine-status data published to downstream systems?",2-hop,True,True,15,15,15,0.2,0.2,0.2,1.0,1.0,1.0,0.7647058823529411,ENG-030;STR7-FCC-003;ENG-026;ENG-011;ENG-018;FCC-049;ENG-019;ENG-010;ENG-020;ENG-041;ENG-044;ENG-045;FCC-002;STR-008;EMS-020
What test evidence shows linked-mode pilot commands meet the ground-station latency requirement while being received and routed by the command data link?,2-hop,True,True,15,15,15,0.2,0.2,0.2,1.0,1.0,1.0,1.0,GCS-006;CDL-038;ENG-041;CDL-011;COMM-027;INS-053;GCS-037;DLNK-022;CDL-030;COMM-006;DLNK-007;ENG-010;INS-020;AUTO-006;AUTO-032
"If the ground station sends FCC-directed commands at 20 Hz, how are invalid ranges, rates, sequence numbers, and unknown targets handled before reaching control laws?",2-hop,True,True,15,15,15,0.13333333333333333,0.13333333333333333,0.13333333333333333,0.6666666666666666,0.6666666666666666,0.6666666666666666,0.875,FCC-031;CDL-030;SEC-008;FCC-014;FCC-015;FCC-038;FCC-020;ENG-016;AUTO-006;AUTO-011;AUTO-025;AUTO-026;AUTO-028;AUTO-033;CDL-013
How does the HIL GPS-outage test verify the fusion function meets the >60 s reversion and annunciation behavior required by the underlying inertial degraded mode requirement?,2-hop,True,True,15,15,15,0.2,0.2,0.2,1.0,1.0,1.0,0.875,NAV-035;NAV-007;INS-013;NAV-015;INS-051;NAV-008;STR7-NAV-001;FMS-044;EMS-005;FCC-017;FMS-029;INS-014;INS-023;ADS-015;AUTO-040
"When a validated DAA advisory arrives, how quickly must the GCS alert the crew, and what manoeuvre rates can the autopilot command in resolution mode?",2-hop,True,True,15,15,15,0.2,0.2,0.2,1.0,1.0,1.0,0.7647058823529411,AUTO-020;GCS-017;AUTO-035;AUTO-038;AUTO-021;RADAR-017;NBC3-AUTO-002;AUTO-027;AUTO-023;EOIR-015;EOIR-018;FMS-008;HMI-005;RADAR-025;HMI-055
"For secure UHF voice operation, what encryption/authentication scheme and key-rotation policy apply, and what happens if no valid key is loaded?",2-hop,True,True,15,15,15,0.2,0.2,0.2,1.0,1.0,1.0,1.0,COMM-019;COMM-030;SEC-010;CDL-012;SEC-009;CDL-021;FCC-011;SEC-003_1;APM-033;AUTO-006;AUTO-034;CDL-040;DLNK-013;EMS-009;EMS-030
"If the GCS sends a COMM tuning/PTT command over the datalink, what command range, bus, and maximum dispatch rate govern its routing through the CDL?",2-hop,True,True,15,15,15,0.2,0.2,0.2,1.0,1.0,1.0,1.0,CDL-030;CDL-027;GCS-006;CDL-035;COMM-023;GCS-034;GCS-031;CDL-011;AUTO-006;AUTO-033;CDL-001;CDL-033;CDL-034;CDL-037;CDL-038
How is radar-altimeter EMC coexistence verification performed while the onboard GNSS receiver tracks its required frequencies with CDL transmissions active?,2-hop,True,True,15,15,15,0.2,0.2,0.2,1.0,1.0,1.0,1.0,RADAR-024;COMM-029;RADAR-009;CDL-024;COMM-018;DLNK-017;SAR-017;RADAR-025;AUTO-020;CDL-005;COMM-005;GCS-017;GPS-009;PLD-027;RADAR-017
"If the GNSS receiver suspects jamming but can still track some satellites, how should NAV fusion treat GPS measurements and what security-monitor coordination is required?",2-hop,True,True,15,15,15,0.2,0.2,0.2,1.0,1.0,1.0,0.7647058823529411,NAV-028;GPS-023;GPS-022;NAV-015;SEC-028;GPS-014;GPS-006;NAV-011;EMS-021;FCC-017;GPS-034;INS-019;INS-028;INS-029;SEC-025
"For Stratos-7 max-brake-energy landings, how must brake cooling and software assurance align with the landing gear and braking specification?",2-hop,True,True,15,15,15,0.2,0.2,0.2,1.0,1.0,1.0,1.0,TCS-018;STR7-LDG-001;LDG-001;ICE-006;AUTO-029;STR-016;LDG-013;LDG-014;AUTO-040;LDG-011;LDG-032;RADAR-008;STR7-AUTO-002;FMS-029;NAV-030
"If a condition escalates to WARNING, how quickly must the ground station annunciate it, and what audio cue and repeat behavior are required?",2-hop,True,True,15,15,15,0.2,0.2,0.2,1.0,1.0,1.0,0.7647058823529411,EMS-012;GCS-016;HMI-010;GPS-017;EMS-005;GCS-017;FCC-009;GCS-035;AUTO-009;AUTO-020;COMM-021;EMS-001;EMS-006;FCC-010;FCC-017
How does the ground-vibration test’s identified modal model determine the notch-filter frequencies and widths applied to inertial measurements before inner-loop control?,2-hop,True,True,15,15,15,0.2,0.2,0.2,1.0,1.0,1.0,0.875,STR-020;STR-026;FCC-027;FCC-056;FCC-039;INS-054;INS-016;FCC-054;FCC-020;FCC-024;FCC-025;INS-034;STR-025;AUTO-026;NAV-012
"When flying an LPV or LNAV/VNAV approach, what SBAS processing and resulting GPS-aided NAV accuracy must be maintained, and what minima remain if SBAS is lost?",2-hop,True,True,15,15,15,0.2,0.2,0.2,1.0,1.0,1.0,0.6666666666666666,FMS-028;INS-022;GPS-007;GPS-016;GPS-015;AUTO-017;INS-021;GPS-011;FCC-043;FMS-012;FMS-033;NAV-013;SAR-009;STR-028;ALX2-FMS-001
"How does the two-aircraft live-network separation test demonstrate the coordinated-flight function is supported by guidance accuracy sufficient to meet enroute, terminal, and approach TSE limits?",2-hop,True,True,15,15,15,0.2,0.2,0.2,1.0,1.0,1.0,0.7647058823529411,DLNK-025;FMS-041;ALX2-FMS-001;FMS-012;NAV-034;ALX2-INS-001;ENG-043;NAV-012;AUTO-017;AUTO-025;ENG-036;FCC-024;NAV-006;ENG-022;FCC-013
"If spoofing is suspected, how are GPS updates and aircraft control affected, and which monitoring and incident-response actions must follow?",2-hop,True,True,10,14,10,0.3,0.21428571428571427,0.3,1.0,1.0,1.0,0.7142857142857143,INS-029;INS-028;INS-052;SEC-025;GPS-021;SEC-028;GPS-023;NAV-028;EMS-021;GPS-022
"How does in-field LRU firmware updating ensure only signed loads are accepted, and during INIT how is an expired navigation database revision rejected?",2-hop,True,True,15,15,15,0.2,0.2,0.2,1.0,1.0,1.0,0.7647058823529411,BIT-033;FMS-006;NAV-013;BIT-013;SEC-035;SEC-004;FMS-042;SEC-020;ENG-037;FMS-010;INS-021;NAV-002;SEC-021;ADS-020;GPS-030
How is the EOIR geolocation accuracy flight test tied to the navigation solution’s WGS-84 position output and synchronized MGRS display representation?,2-hop,True,True,15,15,15,0.2,0.2,0.2,1.0,1.0,1.0,0.875,EOIR-014;EOIR-029;NAV-020;SAR-024;INS-022;SAR-009;INS-026;EOIR-010;EOIR-028;FCC-043;FMS-034;GPS-011;GPS-015;INS-020;AUTO-032
How are authenticated operator mode-change commands from the ground station routed through the data link to engage autopilot modes requiring explicit operator authorization?,2-hop,True,True,15,15,15,0.13333333333333333,0.13333333333333333,0.13333333333333333,0.6666666666666666,0.6666666666666666,0.6666666666666666,0.7647058823529411,AUTO-006;AUTO-007;PLD-006;AUTO-008;AUTO-034;AUTO-005;FCC-011;FCC-007;AUTO-001;CDL-030;DLNK-009;EMS-030;FCC-005;GCS-022;SAR-005
"In battery-only flight, what SoC data path and update rate support critical-battery RTB, and how does the power subsystem’s SoC monitoring relate to mode-entry constraints?",2-hop,True,True,15,15,15,0.2,0.2,0.2,1.0,1.0,1.0,0.875,PWR-028;EMS-016;EPS-007;APM-015;APM-008;APM-026;BIT-004;BIT-024;BIT-025;BIT-028;EPS-006;FCC-023;STR-018;EMS-006;EPS-024
"During a 50 ms Category Z primary-power interruption, what essential-bus hold-up energy provision ensures both navigation output continuity and uninterrupted FCC inner-loop execution?",2-hop,True,True,12,13,12,0.25,0.23076923076923078,0.25,1.0,1.0,1.0,0.9230769230769231,FCC-036;PWR-018;CDL-025;NAV-026;PWR-013;PLD-028;ICE-018;INS-035;EMS-029;FCC-055;GPS-026;PWR-035
Do the payload-bay mounting rails and bus routing provide enough EMC shielding for coexistence with the selectable-power VHF transceiver under the CDL’s DO-160G Category Y requirement?,2-hop,True,True,15,15,15,0.2,0.2,0.2,1.0,1.0,1.0,1.0,STR-038;COMM-018;COMM-029;CDL-024;RADAR-024;PLD-027;DLNK-017;TCS-019;COMM-005;GPS-009;PLD-003;RADAR-009;SAR-017;CDL-005;SKT1-GPS-001
"How is autonomous or operator-requested autopilot mode engagement authenticated over the data link, and what terminal cryptographic capability must support that protection?",2-hop,True,True,15,15,15,0.2,0.2,0.2,1.0,1.0,1.0,0.7647058823529411,AUTO-006;FCC-011;CDL-012;DLNK-013;SEC-015;SEC-010;CDL-003;SEC-003_1;APM-029;APM-033;AUTO-034;BIT-020;BIT-031;CDL-030;COMM-019
"When weight-on-wheels permits ground maintenance, what authentication must be enforced on the battery management unit’s service interface for firmware updates and calibration?",2-hop,True,True,15,15,15,0.2,0.2,0.2,1.0,1.0,1.0,1.0,APM-029;SEC-015;INS-045;PWR-028;BIT-020;BIT-033;APM-033;APM-008;APM-015;BIT-025;BIT-031;FCC-044;FDR-055;GCS-008;GPS-029
"If the command link is lost long enough to trigger return-to-base, can the aircraft autonomously use the current operator-updated rally point without prior operator engagement?",2-hop,True,True,15,15,15,0.13333333333333333,0.2,0.13333333333333333,0.6666666666666666,1.0,0.6666666666666666,0.875,EMS-015;EMS-011;AUTO-022;GCS-007;AUTO-021;CDL-006;CDL-007;FMS-029;APM-009;AUTO-039;AUTO-040;EPS-011;FDR-050;FMS-044;HMI-100
What authentication and access conditions must be met to use the INS maintenance port for firmware updates during ground fault-injection testing commanded by BIT?,2-hop,True,True,15,15,15,0.13333333333333333,0.13333333333333333,0.13333333333333333,0.6666666666666666,0.6666666666666666,0.6666666666666666,1.0,SEC-015;BIT-020;PWR-027;BIT-040;BIT-010;APM-029;BIT-033;FCC-006;APM-033;BIT-005;BIT-006;BIT-031;BIT-039;EMS-004;EMS-019
How is the flight control computer’s 50 ms power-interruption continuity requirement shown compliant through the power hold-up provision and its Category Z verification testing?,2-hop,True,True,13,14,13,0.23076923076923078,0.21428571428571427,0.23076923076923078,1.0,1.0,1.0,0.9285714285714286,FCC-055;CDL-025;PWR-035;PWR-018;PLD-028;FCC-036;TCS-020;COMM-016;EMS-029;GPS-026;INS-035;NAV-026;PWR-013
"Can the control station’s 2 Hz engine telemetry support validating waypoint fuel-flow prediction accuracy, given the engine status message content and rate published for downstream flight management use?",2-hop,True,True,15,15,15,0.13333333333333333,0.13333333333333333,0.13333333333333333,0.6666666666666666,0.6666666666666666,0.6666666666666666,1.0,FMS-017;FMS-043;FUEL-015;FUEL-010;ENG-014;FUEL-019;FUEL-005;FUEL-024;ENG-020;ENG-025;FDR-016;FMS-015;FUEL-026;GCS-014;ADS-020
"During takeoff-to-climb transition, when may the FCC enable the inner-loop climb schedule given sustained climb rate, both main-gear WoW indications, sensor voting, and input debounce?",2-hop,True,True,15,15,15,0.2,0.13333333333333333,0.2,1.0,0.6666666666666666,1.0,0.7647058823529411,FCC-008;FCC-048;INS-006;LDG-016;FCC-037;FCC-020;ENG-023;FCC-005;AUTO-026;FCC-007;FCC-032;FCC-054;HMI-070;LDG-015;AUTO-001
"How is operator-triggered MBIT maintenance on the FCC’s ground Ethernet port authenticated, and under what ground-only conditions is that port enabled?",2-hop,True,True,15,15,15,0.2,0.2,0.2,1.0,1.0,1.0,0.7647058823529411,FCC-044;LDG-020;BIT-020;SEC-015;FCC-006;APM-029;BIT-004;BIT-031;BIT-005;EMS-004;FDR-055;FMS-035;GCS-008;GPS-029;INS-045
"When GPS is valid, can the navigation fusion timing service meet the flight control computer’s UTC alignment requirement through the GNSS time outputs?",2-hop,True,True,15,15,15,0.2,0.2,0.2,1.0,1.0,1.0,1.0,NAV-027;GCS-020;NAV-022;GPS-010;FCC-034;INS-037;PLD-019;NAV-015;DLNK-007;FCC-017;FDR-004;GPS-028;SEC-013;DLNK-022;FCC-016
"What cryptographic authentication must the APM use when accepting autopilot mode engagement requests, and which autonomous modes are exempt from explicit operator engagement?",2-hop,True,True,15,15,15,0.13333333333333333,0.13333333333333333,0.2,0.6666666666666666,0.6666666666666666,1.0,0.7647058823529411,AUTO-006;AUTO-021;AUTO-005;APM-033;AUTO-009;AUTO-010;FDR-015;FCC-011;AUTO-007;AUTO-008;CDL-030;DLNK-009;EMS-006;EMS-030;FCC-009
How does payload-bay thermal management need to accommodate the SAR’s platform-specific steady-state and transmit-pulse power loads while keeping sensor electronics within operating range?,2-hop,True,True,15,15,15,0.2,0.2,0.2,1.0,1.0,1.0,1.0,TCS-022;SAR-018;PLD-022;SAR-023;SAR-016;TCS-002;SAR-017;TCS-005;CDL-024;ENG-029;ICE-001;RADAR-009;TCS-025;CDL-005;COMM-005
"If the operator commands autonomous-flight mode engagement from the ground station, how must the command be routed, and which modes still require explicit authenticated engagement?",2-hop,True,True,15,15,15,0.13333333333333333,0.13333333333333333,0.06666666666666667,0.6666666666666666,0.6666666666666666,0.3333333333333333,0.7647058823529411,AUTO-006;FCC-011;FCC-007;AUTO-005;AUTO-009;AUTO-021;AUTO-008;GCS-005;AUTO-001;AUTO-007;BIT-027;CDL-030;DLNK-009;EMS-006;EMS-030
"When a flight-plan change is uplinked from the ground, how is it routed through the data link to the FMS, and what operator confirmation must the HMI enforce before activation?",2-hop,True,True,15,15,15,0.2,0.2,0.2,1.0,1.0,1.0,1.0,FMS-022;HMI-037;GCS-011;HMI-030;FMS-035;FMS-021;HMI-009;SEC-022;CDL-030;CDL-040;FCC-044;FDR-012;FDR-016;FMS-003;GCS-040
Can the GCS uplink a flight plan change over the command data link while requiring operator confirmation before the FMS activates it?,2-hop,True,True,15,15,15,0.2,0.2,0.13333333333333333,1.0,1.0,0.6666666666666666,0.875,GCS-011;FMS-022;HMI-037;FMS-021;GCS-006;SEC-022;GCS-005;CDL-030;AUTO-006;AUTO-033;BIT-027;CDL-040;COMM-023;ENG-021;FCC-031
"During EMC Category Y coexistence testing with CDL and GPS active, which CDL operational modes should the radar altimeter remain interference-free in while maintaining RA track and PVT output?",2-hop,True,True,15,15,15,0.2,0.2,0.2,1.0,1.0,1.0,1.0,RADAR-024;CDL-024;RADAR-009;COMM-029;COMM-018;SAR-017;DLNK-017;RADAR-015;CDL-005;COMM-005;GPS-009;PLD-027;STR-038;EMS-032;PLD-003
"For an uplinked flight-plan modification, what operator-logged evidence is required before activation, and how does the referenced data-link verification demonstrate secure command handling?",2-hop,True,True,15,15,15,0.2,0.2,0.2,1.0,1.0,1.0,1.0,FMS-022;HMI-037;SEC-022;GCS-011;SEC-003_1;FCC-011;CDL-003;FDR-012;CDL-030;CDL-040;EMS-030;FMS-035;HMI-210;SEC-003;SEC-010
"For ground maintenance fault injection through the power subsystem via the built-in test interface, what operator authentication is required and where must it be enforced?",2-hop,True,True,15,15,15,0.2,0.2,0.2,1.0,1.0,1.0,1.0,SEC-015;PWR-027;BIT-020;GCS-008;APM-029;PLD-035;EPS-018;LDG-020;APM-033;BIT-031;FCC-044;FDR-055;GPS-029;INS-045;PLD-029
"For the live multi-aircraft separation test, which platform relies on navigation integration instead of an FMS, and what DAL applies to its navigation software?",2-hop,True,True,15,15,15,0.2,0.2,0.2,1.0,1.0,1.0,0.7647058823529411,NAV-001;FMS-001;DLNK-025;NAV-002;ALX2-FMS-001;ALX2-NAV-001;NBC3-NAV-001;SKT1-NAV-001;ADS-020;FMS-006;FMS-012;FMS-020;GPS-030;INS-002;INS-020
Can the flight data recorder capture fuel-state updates at a rate sufficient to support the flight management system’s top-of-climb and top-of-descent recalculation needs?,2-hop,True,True,15,15,15,0.13333333333333333,0.13333333333333333,0.2,0.6666666666666666,0.6666666666666666,1.0,0.7647058823529411,FMS-015;FUEL-011;FUEL-015;FUEL-014;INS-039;FUEL-019;FUEL-018;FMS-018;EMS-017;ENG-025;FDR-020;FMS-017;FUEL-010;HMI-035;ENG-014
"When coalition sensor handover control arrives over the tactical datalink, what operator-authenticated engagement constraints apply before the autopilot can enter a commanded mode?",2-hop,True,True,15,15,15,0.2,0.2,0.2,1.0,1.0,1.0,0.6666666666666666,AUTO-006;PLD-015;AUTO-009;AUTO-010;AUTO-021;AUTO-007;AUTO-008;AUTO-020;AUTO-005;AUTO-038;CDL-030;DLNK-009;EMS-006;FCC-009;FCC-032
"During fault-injection testing, if the APU self-shuts down on a monitored health exceedance during start, what EPS mode transition and RTB behavior must be demonstrated?",2-hop,True,True,15,15,15,0.2,0.2,0.2,1.0,1.0,1.0,0.875,EPS-024;EPS-011;EPS-005;EPS-015;APM-023;EPS-004;EPS-006;APM-008;AUTO-022;BIT-025;EMS-016;FDR-030;PWR-032;APM-009;APM-015
Will the flight control computer maintain uninterrupted inner-loop operation and preserve sensor state and pointing during a 50 ms Category Z power interruption using essential-bus hold-up energy?,2-hop,True,True,13,14,13,0.23076923076923078,0.21428571428571427,0.23076923076923078,1.0,1.0,1.0,0.9285714285714286,FCC-036;TCS-020;PLD-028;PWR-018;ICE-018;CDL-025;INS-035;NAV-026;EMS-029;FCC-055;GPS-026;PWR-013;PWR-035
"For loss of INS with no valid GPS/barometric fallback, what autonomous emergency transition and priority-tagged GCS mode-change notification are required?",2-hop,True,True,15,15,15,0.13333333333333333,0.2,0.13333333333333333,0.6666666666666666,1.0,0.6666666666666666,0.875,FCC-009;INS-013;EMS-010;NAV-007;FCC-017;GPS-008;GCS-007;GPS-007;AUTO-009;AUTO-022;CDL-031;EMS-001;EMS-005;EMS-006;FCC-010
"How is a malformed GCS command screened against table-defined limits, sequence, and authentication before rejection and prevention of propagation into the control laws?",2-hop,True,True,15,15,15,0.2,0.2,0.2,1.0,1.0,1.0,1.0,FCC-031;FCC-040;SEC-008;GCS-036;GCS-039;SEC-030;GCS-034;GCS-008;CDL-013;CDL-030;CDL-033;CDL-034;CDL-035;GCS-009;GCS-024
How does the command path from the ground station to the flight control computer ensure invalid commands are rejected before reaching the control laws?,2-hop,True,True,15,15,15,0.2,0.2,0.2,1.0,1.0,1.0,0.875,FCC-031;FCC-007;FCC-040;SEC-008;EMS-025;ENG-016;FCC-038;SEC-014;AUTO-001;AUTO-025;AUTO-028;CDL-013;CDL-030;CDL-035;ENG-021
"For the battery maintenance interface, what authentication must be enforced before any diagnostics, firmware updates, or calibration actions are permitted?",2-hop,True,True,15,15,15,0.2,0.2,0.2,1.0,1.0,1.0,1.0,SEC-015;APM-029;GCS-008;APM-033;INS-045;ENG-008;PWR-028;PLD-006;APM-015;BIT-020;BIT-031;FCC-044;FDR-055;GPS-029;HMI-120
Under what on-ground conditions is the recorder’s post-flight Ethernet retrieval interface available to maintenance personnel?,2-hop,True,True,15,15,15,0.2,0.2,0.13333333333333333,1.0,1.0,0.6666666666666666,1.0,FDR-055;FCC-044;APM-029;INS-045;PLD-031;GCS-031;FMS-035;FDR-022;BIT-031;CDL-001;CDL-037;EOIR-025;LDG-020;NBC3-GPS-002;SAR-021
How is compliance shown that 10 Hz health-monitoring tasks do not cause the 50 Hz outer-loop guidance law to exceed its 95%-of-cycles 2 ms jitter limit?,2-hop,True,True,15,15,15,0.2,0.2,0.2,1.0,1.0,1.0,0.875,FCC-014;FCC-013;FCC-015;AUTO-011;FCC-025;FCC-023;INS-016;EOIR-010;AUTO-002;AUTO-025;BIT-024;EMS-006;EOIR-028;FCC-052;FCC-054
How is the 30-minute battery discharge endurance test tied to the lost-link return-to-base mission profile and associated essential/emergency bus loads?,2-hop,True,True,15,15,15,0.2,0.2,0.2,1.0,1.0,1.0,0.875,APM-037;APM-009;PWR-007;APM-006;EMS-016;DLNK-016;CDL-006;EPS-006;APM-010;APM-015;AUTO-022;EPS-024;PWR-032;AUTO-039;EMS-005
"For payload telemetry forwarded for downlink, which fuel-control operator command path must the return-link interface also support, and under what authentication requirement?",2-hop,True,True,15,15,15,0.13333333333333333,0.13333333333333333,0.13333333333333333,0.6666666666666666,0.6666666666666666,0.6666666666666666,0.875,CDL-031;CDL-010;FUEL-025;CDL-003;FDR-055;GCS-034;CDL-013;CDL-027;CDL-030;CDL-033;CDL-034;CDL-039;EMS-010;FCC-044;FCC-051
"For AeroLynx-X2, how is single-engine-out detection and asymmetric-thrust compensation validated from injected N1 loss through FCC response and operator notification timing?",2-hop,True,True,11,15,15,0.2727272727272727,0.2,0.2,1.0,1.0,1.0,0.7333333333333333,ENG-018;ENG-044;ALX2-FCC-003;ALX2-INS-001;ALX2-AUTO-003;ALX2-FCC-002;ALX2-AUTO-001;ENG-027;ENG-040;HMI-020;EMS-032
"What APU health and battery data must the recorder capture, and at what rates during normal operation versus around an APM fault transition?",2-hop,True,True,15,15,15,0.2,0.2,0.2,1.0,1.0,1.0,0.7647058823529411,FDR-030;APM-030;APM-023;APM-016;APM-008;PWR-028;APM-021;APM-004;APM-015;BIT-025;EMS-032;EPS-011;AUTO-022;BIT-040;CDL-005
"In approach mode, if a pilot override disconnects the autopilot, what guidance-source context and mode-transition details must the flight data recorder capture?",2-hop,True,True,15,15,15,0.2,0.13333333333333333,0.2,1.0,0.6666666666666666,1.0,0.7647058823529411,AUTO-010;AUTO-019;AUTO-021;FMS-029;AUTO-009;FDR-015;AUTO-006;FMS-010;AUTO-040;CDL-030;DLNK-009;EMS-006;FCC-009;FCC-032;FMS-042
"How is an uplinked flight plan modification protected if cryptographic keys are zeroised, and what verification demonstrates the data link goes safely OFF afterward?",2-hop,True,True,15,15,15,0.2,0.2,0.2,1.0,1.0,1.0,1.0,DLNK-024;CDL-021;FMS-022;CDL-012;CDL-040;SEC-023;COMM-030;EMS-025;CDL-030;COMM-019;DLNK-014;FDR-012;GCS-011;HMI-037;SEC-009
Will the GNSS receiver maintain operation and preserve sensor state and pointing through a 50 ms Category Z power interruption using essential-bus hold-up energy?,2-hop,True,True,15,15,15,0.2,0.2,0.2,1.0,1.0,1.0,1.0,PWR-018;GPS-026;PLD-028;FCC-036;TCS-020;GPS-024;GPS-019;GPS-029;CDL-025;EMS-029;FCC-055;INS-035;NAV-026;PWR-013;PWR-035
Under what fine-align and GPS-fix conditions will the INS enter NAV so GNSS velocity can support the autopilot’s ±0.5° track-hold requirement?,2-hop,True,True,15,15,15,0.2,0.2,0.2,1.0,1.0,1.0,0.7647058823529411,INS-009;INS-010;INS-011;AUTO-014;INS-008;INS-021;NAV-008;INS-022;FCC-043;GPS-012;GPS-013;GPS-015;INS-050;NAV-013;FMS-028
"How is the power subsystem’s APU load-transfer command sequence validated across sea-level and 44,000‑ft conditions to ensure timely ready acknowledgement before transfer?",2-hop,True,True,15,15,15,0.2,0.2,0.2,1.0,1.0,1.0,0.875,PWR-029;APM-020;APM-039;APM-007;APM-033;APM-022;EPS-024;EPS-005;EPS-006;EPS-011;FUEL-020;PWR-027;SEC-010;APM-023;AUTO-006
"How does the command-validation discipline ensure unauthenticated, replayed, stale, or out-of-sequence ground commands are rejected before reaching the flight control laws?",2-hop,True,True,15,15,15,0.2,0.2,0.2,1.0,1.0,1.0,0.875,FCC-040;FCC-031;SEC-008;SEC-003_1;PLD-035;EMS-025;CDL-013;SEC-014;CDL-030;CDL-035;CDL-039;FCC-011;LDG-025;PLD-029;SEC-019
How are the notch filters on inertial measurements derived from validated ground-vibration modal data and then verified before flutter-clearance flight testing?,2-hop,True,True,9,15,9,0.3333333333333333,0.2,0.3333333333333333,1.0,1.0,1.0,0.6,FCC-056;STR-020;FCC-027;FCC-039;STR-026;STR-025;INS-054;NBC3-INS-002;INS-034
What flight-test evidence demonstrates that hybrid-navigation accuracy supports the FMS’s enroute RNP lateral-guidance containment target when GPS/SBAS is available?,2-hop,True,True,15,15,15,0.2,0.2,0.2,1.0,1.0,1.0,0.875,FMS-012;NAV-006;FMS-041;AUTO-017;NAV-034;INS-022;FMS-028;HMI-040;ALX2-FMS-001;AUTO-025;FCC-043;FMS-030;FMS-033;GPS-015;NAV-012
"During an MBIT firmware update, how should invalid or expired signature detection drive FMS mode transition and allowable navigation capability?",2-hop,True,True,15,15,15,0.06666666666666667,0.06666666666666667,0.13333333333333333,0.3333333333333333,0.3333333333333333,0.6666666666666666,1.0,FMS-010;INS-015;FMS-006;FMS-029;FCC-009;FCC-017;INS-013;FMS-005;AUTO-002;AUTO-009;AUTO-040;BIT-010;EMS-001;EMS-005;EMS-006
"Can payload sensor health and pointing data reach the GCS with mode-change telemetry within 200 ms, given return-link aggregation and payload status publication rates?",2-hop,True,True,15,15,15,0.2,0.2,0.2,1.0,1.0,1.0,0.7647058823529411,CDL-027;EMS-010;CDL-011;CDL-010;PLD-020;NAV-010;GCS-018;GCS-006;ADS-002;CDL-030;CDL-031;CDL-038;COMM-006;FDR-002;FDR-040
"When the PMC is qualified to the specified DO-160G environment and EMC limits, what GNSS frequencies and constellations must remain operable without interference via DLNK coexistence?",2-hop,True,True,15,15,15,0.2,0.2,0.2,1.0,1.0,1.0,1.0,DLNK-017;PLD-027;COMM-018;CDL-024;COMM-029;RADAR-024;DLNK-016;RADAR-009;CDL-005;COMM-005;GPS-009;SAR-017;STR-038;EMS-032;PLD-003
"How is a suspected GPS spoofing event detected in the inertial filter, handled in navigation fusion, and propagated to security monitoring and logging?",2-hop,True,True,14,15,14,0.21428571428571427,0.2,0.21428571428571427,1.0,1.0,1.0,0.9333333333333333,NAV-028;INS-028;INS-029;SEC-025;INS-052;GPS-023;NAV-011;NAV-024;FDR-024;GPS-022;INS-019;NAV-036;SEC-028;EMS-021
"During a 50 ms Category Z primary-power interruption, how does the specified essential-bus hold-up provision ensure both the INS and FCC remain continuously operational?",2-hop,True,True,14,15,14,0.21428571428571427,0.2,0.21428571428571427,1.0,1.0,1.0,0.9333333333333333,FCC-036;PWR-018;INS-035;PWR-013;CDL-025;PLD-028;ICE-018;FCC-045;EMS-029;FCC-055;GPS-026;NAV-026;PWR-008;PWR-035
How is end-to-end DAA resolution coupling verified from intruder-profile injection through RA arming to autopilot engagement and correct rate-limited manoeuvre execution timing?,2-hop,True,True,15,15,15,0.2,0.2,0.2,1.0,1.0,1.0,0.6666666666666666,RADAR-025;AUTO-038;AUTO-020;RADAR-017;AUTO-006;NBC3-AUTO-002;AUTO-021;SEC-035;CDL-030;DLNK-009;ENG-037;EOIR-015;EOIR-018;FMS-008;GCS-017
"If navigation flags spoofed GPS or INS inputs and deweights them, how is the resulting cyber incident prioritized by emergency management and what operator action follows?",2-hop,True,True,15,15,15,0.13333333333333333,0.2,0.13333333333333333,0.6666666666666666,1.0,0.6666666666666666,0.875,INS-028;SEC-028;NAV-028;SEC-025;INS-013;INS-029;FCC-017;INS-052;EMS-005;EMS-021;FCC-016;GPS-022;GPS-023;HMI-010;INS-014
"For maintenance-only external GNSS aiding used to reduce TTFF after storage, what operator authentication must be completed first, and where is it enforced?",2-hop,True,True,15,15,15,0.2,0.2,0.2,1.0,1.0,1.0,0.7647058823529411,GPS-029;SEC-015;GCS-008;GPS-021;EMS-035;EMS-023;SEC-028;GPS-023;APM-029;BIT-020;BIT-031;EMS-021;FCC-044;FDR-055;GPS-022
"If external GNSS aiding is invoked through maintenance, what authentication and which maintenance interface requirements govern using the APM ground-maintenance port?",2-hop,True,True,15,15,15,0.2,0.2,0.2,1.0,1.0,1.0,1.0,GPS-029;SEC-015;APM-029;GCS-022;GPS-021;FCC-007;GPS-016;LDG-020;AUTO-001;BIT-020;BIT-031;FCC-005;FCC-044;FDR-055;GCS-008
"If primary aircraft power drops out for 50 ms, how do the FCC hold-up requirement, essential-bus energy provision, and GNSS ride-through capability align?",2-hop,True,True,15,15,15,0.13333333333333333,0.13333333333333333,0.2,0.6666666666666666,0.6666666666666666,1.0,0.875,FCC-036;PWR-018;FCC-009;PWR-013;ENG-030;FCC-055;NAV-026;FCC-006;AUTO-009;BIT-005;CDL-025;EMS-001;EMS-004;EMS-006;EMS-029
"When an uplinked flight-plan change is received, what operator-confirmation workflow and full-diff display are required before activation, and what record must be stored afterward?",2-hop,True,True,15,15,15,0.2,0.2,0.2,1.0,1.0,1.0,0.7647058823529411,FMS-022;HMI-037;GCS-011;FDR-012;FCC-012;FDR-008;SEC-022;FMS-019;CDL-030;CDL-040;FMS-035;HMI-210;RADAR-013;AUTO-006;AUTO-033
"During the fault-injection mode-transition test, when battery-only operation is entered after generator and APU failures, which loads must remain powered and which bus ties must change state?",2-hop,True,True,15,15,15,0.2,0.2,0.2,1.0,1.0,1.0,0.875,EPS-024;EPS-005;EPS-004;PWR-007;PWR-004;EPS-006;PWR-034;APM-004;APM-010;EMS-016;EMS-032;EPS-011;PWR-006;PWR-032;APM-009
"For operator fuel commands sent over the data link, what encryption/authentication scheme and key-rotation rule must the interface comply with?",2-hop,True,True,15,15,15,0.13333333333333333,0.13333333333333333,0.13333333333333333,0.6666666666666666,0.6666666666666666,0.6666666666666666,0.875,CDL-012;SEC-010;COMM-019;FDR-055;SEC-003_1;CDL-003;CDL-013;FCC-011;APM-033;AUTO-006;AUTO-034;CDL-039;COMM-030;DLNK-013;EMS-009
"In the 60-minute HIL recorder coverage check, how is compliance shown for the autopilot mode parameter sourced from the autopilot annunciation output at 2 Hz?",2-hop,True,True,15,15,15,0.13333333333333333,0.06666666666666667,0.13333333333333333,0.6666666666666666,0.3333333333333333,0.6666666666666666,0.875,AUTO-031;HMI-060;FDR-015;AUTO-011;AUTO-006;AUTO-038;AUTO-010;AUTO-026;AUTO-020;CDL-030;DLNK-009;FCC-014;FCC-020;FCC-032;FDR-016
How does the FCC’s 1 Hz BIT status reporting drive both FDR health-record storage and the BIT subsystem’s consolidated health-status publication?,2-hop,True,True,15,15,15,0.2,0.2,0.2,1.0,1.0,1.0,1.0,BIT-008;FCC-047;FDR-005;BIT-036;BIT-024;FCC-015;BIT-028;BIT-032;APM-026;FCC-013;FCC-014;FCC-023;FCC-052;FDR-016;STR-018
"Which essential-bus LRUs, including the data link, must continue operating through a 50 ms Category Z interruption, and how is that verified?",2-hop,True,True,15,15,15,0.2,0.2,0.2,1.0,1.0,1.0,1.0,PWR-035;FCC-055;COMM-016;STR-027;TCS-020;FCC-036;ICE-018;CDL-025;PWR-013;PWR-018;STR-007;EMS-029;GPS-026;INS-035;NAV-026
"When generator loss is induced on the iron-bird, which loads must drop during the transition to single-generator operation while flight-critical buses stay powered within limits?",2-hop,True,True,15,15,15,0.13333333333333333,0.2,0.13333333333333333,0.6666666666666666,1.0,0.6666666666666666,0.6666666666666666,PWR-006;PWR-034;PWR-007;APM-010;PWR-004;EPS-004;PWR-019;EPS-005;EMS-032;EPS-024;APM-004;BIT-040;CDL-005;ENG-040;EPS-006
"During a single-engine-out event, what automatic detection, rudder-trim, and crew alerting sequence supports altitude hold with the remaining engine at 95% power?",2-hop,True,True,9,15,9,0.3333333333333333,0.2,0.3333333333333333,1.0,1.0,1.0,0.6,ALX2-FCC-003;ALX2-AUTO-003;HMI-020;ENG-044;ENG-018;AUTO-037;AUTO-012;ENG-026;ENG-045
"After the command link is lost, what warning and command inhibit must the GCS provide while the aircraft returns to the current authenticated rally point?",2-hop,True,True,15,15,15,0.2,0.2,0.2,1.0,1.0,1.0,0.875,GCS-007;AUTO-022;EMS-015;EMS-011;GCS-005;CDL-007;EMS-025;ENG-016;APM-009;AUTO-039;BIT-027;CDL-006;EPS-011;FDR-050;HMI-100
"On Stratos-7, how does the thrust-to-surface coordination logic at high N1 support compliance with the N1 reserve limit during takeoff and emergency power?",2-hop,True,True,15,15,15,0.2,0.2,0.2,1.0,1.0,1.0,0.6666666666666666,ENG-030;ENG-017;STR7-FCC-003;FUEL-013;EMS-014;FUEL-007;TCS-018;EPS-001;APM-002;EMS-002;ENG-020;HMI-135;PWR-002;STR7-LDG-001;APM-001
"How do lateral-guidance accuracy requirements constrain autopilot roll and throttle targets through the FCC flight-control command limits across enroute, terminal, and approach phases?",2-hop,True,True,15,15,15,0.13333333333333333,0.13333333333333333,0.13333333333333333,0.6666666666666666,0.6666666666666666,0.6666666666666666,1.0,AUTO-025;FCC-032;FMS-012;FCC-024;AUTO-026;AUTO-017;FMS-013;FCC-007;ALX2-FMS-001;AUTO-001;AUTO-010;ENG-022;FCC-005;FCC-013;FCC-020
"How would the 60-minute HIL data review confirm the recorder captures BIT fault information from the mandatory parameter set, given the subsystem’s published health-status message details?",2-hop,True,True,15,15,15,0.13333333333333333,0.13333333333333333,0.13333333333333333,0.6666666666666666,0.6666666666666666,0.6666666666666666,0.875,BIT-009;EMS-019;BIT-036;BIT-024;BIT-029;BIT-026;BIT-010;BIT-002;BIT-040;EMS-001;EOIR-024;FCC-023;FDR-001;FDR-016;INS-015
"Does the flight-plan upload path use the same public-key signature controls as field firmware updates over MBIT, including GCS countersignature and rejection of invalid, expired, or revoked loads?",2-hop,True,True,15,15,15,0.2,0.2,0.13333333333333333,1.0,1.0,0.6666666666666666,1.0,SEC-022;GCS-011;FMS-035;FMS-022;SEC-020;FMS-021;CDL-012;HMI-037;BIT-033;CDL-030;CDL-040;FCC-044;FDR-012;FDR-016;FMS-006
"How do the data link crypto module and key-retention requirements support authenticated autonomous autopilot mode engagements, particularly for exceptions like DAA Resolution and RTB?",2-hop,True,True,15,15,15,0.06666666666666667,0.06666666666666667,0.13333333333333333,0.3333333333333333,0.3333333333333333,0.6666666666666666,0.7647058823529411,AUTO-006;AUTO-020;AUTO-038;CDL-006;CDL-012;AUTO-021;RADAR-025;RADAR-017;AUTO-022;CDL-030;DLNK-009;EOIR-015;EOIR-018;FMS-008;GCS-017
How are the inertial-measurement structural-notch filters validated using ground-vibration data and in-flight flutter testing to show adequate damping through the required flutter-clearance margin?,2-hop,True,True,14,15,15,0.21428571428571427,0.2,0.2,1.0,1.0,1.0,0.8125,FCC-056;STR-020;STR-025;FCC-027;STR-026;FCC-039;INS-054;FCC-054;FCC-020;FCC-024;FCC-025;INS-034;AUTO-026;NAV-012
"For the flight data recorder’s mandatory engine-parameter logging, which engine status message fields must be captured, and at what recorder rate versus publication rate?",2-hop,True,True,15,15,15,0.13333333333333333,0.13333333333333333,0.13333333333333333,0.6666666666666666,0.6666666666666666,0.6666666666666666,1.0,FDR-016;ENG-020;FDR-032;FDR-004;FDR-005;GCS-013;FUEL-010;ENG-012;ADS-020;AUTO-031;BIT-036;CDL-029;EMS-031;ENG-013;ENG-014
"For authenticated in-flight mode changes, how do the message authentication methods and key-rotation policy align with the Link 16 terminal’s approved crypto module and 30-day key storage?",2-hop,True,True,15,15,15,0.2,0.2,0.2,1.0,1.0,1.0,0.875,DLNK-013;CDL-012;SEC-010;FCC-011;COMM-019;CDL-013;DLNK-014;SEC-009;APM-033;AUTO-006;AUTO-034;CDL-039;COMM-030;DLNK-024;EMS-009
"For civil Nimbus-C3 operations, what SBAS processing capability is required for the INS to achieve the SORA OC-3 containment volume navigation performance?",2-hop,True,True,15,15,15,0.13333333333333333,0.2,0.2,0.6666666666666666,1.0,1.0,0.875,NBC3-INS-001;NBC3-FCC-004;NBC3-GPS-001;EMS-028;INS-001;NAV-002;GPS-015;GPS-007;ADS-020;FMS-002;FMS-006;FMS-020;FMS-028;GPS-030;INS-020
"For ground-maintenance fault-injection commands sent from BIT to the power subsystem, what operator authentication must be completed first, and by what login method?",2-hop,False,False,15,15,15,0.2,0.2,0.2,1.0,1.0,1.0,0.7647058823529411,PWR-027;BIT-020;SEC-015;GCS-008;BIT-021;EPS-018;APM-033;BIT-004;APM-029;BIT-031;FCC-044;FDR-055;GPS-029;INS-045;SEC-010
How is the FCC’s 100 ms debounced weight-on-wheels input behavior verified on DAL-A platforms under a single landing-gear sensor fault?,2-hop,True,True,15,15,15,0.13333333333333333,0.13333333333333333,0.13333333333333333,0.6666666666666666,0.6666666666666666,0.6666666666666666,0.7647058823529411,FCC-048;FCC-033;ENG-018;ENG-043;FCC-023;ENG-036;FCC-053;LDG-016;BIT-024;EMS-006;ENG-044;FCC-019;LDG-015;AUTO-009;BIT-007
"Given the SAR’s EMC coexistence with the CDL, which GNSS bands and constellations must remain trackable on Stratos-7, AeroLynx-X2, and Nimbus-C3?",2-hop,True,True,15,15,15,0.2,0.2,0.2,1.0,1.0,1.0,1.0,GPS-009;CDL-022;GPS-021;GPS-001;SAR-017;COMM-007;SAR-001;SAR-009;ALX2-PLD-001;CDL-024;COMM-018;DLNK-017;FMS-002;GPS-011;INS-002
"Which flight-control computer display behavior is validated by the HMI verification requirement through the linked display logic reference, and what upstream cockpit interface requirement does it trace back to?",3+-hop,True,True,15,15,15,0.06666666666666667,0.06666666666666667,0.0,0.25,0.25,0.0,1.0,HMI-009;HMI-004;HMI-037;HMI-001;SEC-035;HMI-005;HMI-015;HMI-220;AUTO-020;ENG-037;FCC-029;FMS-022;GCS-033;HMI-210;RADAR-013
"Which flight control requirement is ultimately traced from the referenced air data requirement through the intermediate air data dependency, and how does that end-to-end linkage propagate across the ADS–FCC boundary?",3+-hop,True,True,15,15,15,0.0,0.0,0.0,0.0,0.0,0.0,1.0,AUTO-004;FDR-055;FCC-001;STR-021;FMS-004;CDL-004;ADS-001;COMM-012;FCC-041;FCC-044;FCC-046;INS-002;PWR-012;SEC-015;ADS-003
"Which flight-control capability traces through the security and ground-control requirements to ultimately satisfy the aircraft power-management requirement, and what intermediate constraints must be met end-to-end?",3+-hop,True,True,15,15,15,0.0,0.0,0.0,0.0,0.0,0.0,1.0,SEC-014;FCC-007;SEC-035;SEC-012;AUTO-025;STR-021;COMM-018;AUTO-004;AUTO-001;CDL-024;COMM-029;ENG-022;ENG-037;FCC-005;FCC-013
Which flight dynamics verification requirement traces through navigation references to the downstream navigation requirement governing the related guidance behavior?,3+-hop,True,True,15,15,15,0.0,0.0,0.0,0.0,0.0,0.0,0.875,FMS-004;AUTO-004;GPS-006;NBC3-NAV-001;HMI-005;SEC-035;NAV-006;NAV-001;AUTO-020;ENG-037;FMS-001;FMS-012;FMS-020;HMI-220;INS-002
Which human-machine interface requirement ultimately traces back to the autonomous control behavior through the security and energy management requirements?,3+-hop,True,True,15,15,15,0.06666666666666667,0.06666666666666667,0.13333333333333333,0.25,0.25,0.5,0.7647058823529411,HMI-050;HMI-120;AUTO-006;SEC-015;HMI-060;HMI-055;SEC-014;HMI-025;APM-029;AUTO-010;AUTO-023;AUTO-031;BIT-020;BIT-031;CDL-030
"Which flight-control built-in test requirement traces through security constraints to the autopilot mode behavior, and what security requirement is referenced at both ends of that chain?",3+-hop,True,True,15,15,15,0.0,0.0,0.0,0.0,0.0,0.0,0.7647058823529411,SEC-014;SEC-012;AUTO-006;SEC-035;FCC-007;FDR-015;ALX2-AUTO-001;BIT-040;ALX2-FCC-002;AUTO-001;AUTO-010;BIT-006;BIT-039;CDL-030;DLNK-009
"Which command-and-data handling requirement ultimately supports the ground control system need, through the intermediate command/data link allocations and lower-level decomposition?",3+-hop,True,True,15,15,15,0.13333333333333333,0.13333333333333333,0.13333333333333333,0.5,0.5,0.5,0.875,CDL-027;GCS-034;GCS-031;CDL-030;COMM-012;CDL-002;GCS-022;GCS-032;AUTO-006;AUTO-033;CDL-001;CDL-028;CDL-033;CDL-034;CDL-037
"Which power-system verification evidence traces through the referenced power-management analysis to the flight design rationale, and what upstream electrical requirement does it ultimately substantiate?",3+-hop,True,True,15,15,15,0.13333333333333333,0.13333333333333333,0.06666666666666667,0.5,0.5,0.25,0.875,SEC-035;PWR-003;PWR-001;EPS-025;FCC-055;EPS-024;STR-021;FCC-052;ENG-037;EPS-002;EPS-005;EPS-006;EPS-011;EPS-017;FCC-013
"How does the ground control requirement ultimately propagate through autonomy and energy management to the flight data recorder, and what recorder behavior is required as a result?",3+-hop,True,True,15,15,15,0.0,0.0,0.0,0.0,0.0,0.0,1.0,FDR-015;FDR-001;FCC-007;FDR-022;FDR-002;INS-039;COMM-018;GCS-010;AUTO-001;AUTO-010;BIT-002;CDL-024;COMM-029;FCC-005;FDR-020
Which built-in test function traces through flight control computer requirements to the EMS requirement ultimately supported by the referenced downstream control logic?,3+-hop,True,True,15,15,15,0.0,0.0,0.0,0.0,0.0,0.0,0.875,SEC-035;BIT-001;FMS-041;NBC3-NAV-001;FCC-052;FCC-001;EMS-030;ALX2-FMS-001;DLNK-025;ENG-037;FCC-011;FCC-013;FCC-014;FCC-015;FMS-012
"Which flight control software requirement ultimately traces through detailed design to the flight data recording requirement for timestamped fault-event capture, and what intermediate control and recorder requirements connect them?",3+-hop,True,True,15,15,15,0.0,0.0,0.0,0.0,0.0,0.0,1.0,FDR-001;FDR-002;FDR-022;FDR-018;FDR-008;FCC-001;FDR-015;FDR-012;AUTO-010;BIT-002;FCC-012;FMS-022;GCS-018;INS-015;NBC3-GPS-002
How does the thermal control architecture referenced by the initial avionics power requirement ultimately constrain the downstream avionics power requirement reached at the end of the trace chain?,3+-hop,True,True,15,15,15,0.0,0.0,0.0,0.0,0.0,0.0,1.0,TCS-002;PWR-001;STR-021;ICE-015;TCS-008;TCS-004;TCS-001;ICE-008;ADS-019;DLNK-020;ENG-029;EPS-002;FCC-041;FCC-046;ICE-001
"How does the payload’s structural interface flow down through the data link and command/telemetry link into the communications subsystem, and what end-to-end constraints must remain consistent?",3+-hop,True,True,15,15,15,0.0,0.0,0.0,0.0,0.0,0.0,0.875,CDL-003;CDL-027;CDL-010;CDL-031;CDL-011;CDL-001;GCS-034;CDL-009;CDL-033;CDL-034;CDL-038;COMM-002;COMM-006;DLNK-002;EMS-010
"Which command/data link capability ultimately satisfies the ground control system requirement through the referenced flight control computer functions, and how is that end-to-end trace established?",3+-hop,True,True,15,15,15,0.13333333333333333,0.13333333333333333,0.13333333333333333,0.4,0.4,0.4,1.0,CDL-038;GCS-031;GCS-006;CDL-002;DLNK-019;GCS-011;CDL-011;CDL-004;CDL-001;CDL-030;CDL-037;COMM-001;COMM-006;DLNK-001;FMS-022
"How does the GPS requirement trace through inertial navigation to the downstream GPS dependency and back into INS, and what end-to-end dependency does that establish?",3+-hop,True,True,15,15,15,0.06666666666666667,0.06666666666666667,0.06666666666666667,0.3333333333333333,0.3333333333333333,0.3333333333333333,1.0,INS-013;INS-001;INS-002;INS-043;NAV-007;NAV-015;NAV-002;INS-037;ADS-001;ADS-003;ADS-020;EMS-005;FCC-017;FCC-034;FMS-002
"How does the flight control computer’s referenced requirement propagate through flight data recording and navigation logic to the underlying GPS requirement, and what end-to-end behavior is mandated?",3+-hop,True,True,15,15,15,0.06666666666666667,0.06666666666666667,0.0,0.2,0.2,0.0,1.0,FDR-022;FMS-004;GPS-003;AUTO-004;FCC-007;GCS-011;COMM-018;AUTO-025;AUTO-001;CDL-024;COMM-029;ENG-022;FCC-005;FCC-013;FCC-038
How do the navigation power allocation constraints propagate through the command/data link back into power management and ultimately affect the flight control computer interface requirements?,3+-hop,True,True,15,15,15,0.0,0.0,0.0,0.0,0.0,0.0,0.7647058823529411,CDL-030;FCC-038;CDL-027;GCS-011;FMS-004;ENG-010;AUTO-025;FCC-029;AUTO-006;AUTO-028;AUTO-033;COMM-023;ENG-021;ENG-022;ENG-041
Which flight control computer requirement ultimately traces the EMS command/data link interface constraint back to the originating EMS behavior requirement?,3+-hop,True,True,15,15,15,0.06666666666666667,0.06666666666666667,0.06666666666666667,0.25,0.25,0.25,1.0,EMS-030;EMS-032;COMM-022;FCC-010;EMS-021;EMS-018;AUTO-009;EMS-031;APM-004;BIT-040;CDL-005;EMS-006;EMS-020;ENG-040;FCC-009
Which security requirement is ultimately traceable from the initial CDL requirement through the referenced FMS and downstream CDL verification chain?,3+-hop,True,True,15,15,15,0.13333333333333333,0.13333333333333333,0.13333333333333333,0.4,0.4,0.4,1.0,FMS-022;FDR-012;SEC-010;COMM-018;CDL-003;SEC-020;SEC-014;SEC-022;APM-033;AUTO-006;AUTO-034;BIT-033;CDL-012;CDL-024;CDL-030
"Which structural requirement drives the payload allocation that ultimately traces to the downlink interface constraint, and how is that linkage justified across the structure, payload, and communications modules?",3+-hop,True,True,15,15,15,0.06666666666666667,0.06666666666666667,0.06666666666666667,0.3333333333333333,0.3333333333333333,0.3333333333333333,0.6666666666666666,CDL-027;STR-038;CDL-003;CDL-009;CDL-002;CDL-030;CDL-034;FCC-004;AUTO-006;AUTO-033;CDL-024;CDL-028;COMM-001;COMM-023;DLNK-001
"How does the flight control requirement trace through the data link and flight management functions to the crew interface, and what flight management behavior closes the loop?",3+-hop,True,True,15,15,15,0.26666666666666666,0.2,0.2,1.0,0.75,0.75,0.875,HMI-009;FMS-022;FDR-055;CDL-030;HMI-037;FMS-003;COMM-024;CDL-031;AUTO-006;AUTO-033;CDL-040;COMM-023;EMS-010;ENG-021;FCC-031
"Which flight-control requirement, via the pilot interface logic, ultimately traces to the navigation constraint on lateral guidance behavior?",3+-hop,True,True,15,15,15,0.0,0.0,0.0,0.0,0.0,0.0,1.0,FCC-007;AUTO-025;FMS-012;AUTO-007;AUTO-002;AUTO-017;FCC-032;FMS-030;ALX2-FMS-001;AUTO-001;AUTO-005;AUTO-010;ENG-022;FCC-005;FCC-013
Which flight control requirement ultimately depends on the upstream control architecture baseline through an intermediate derived requirement and successive referenced guidance constraints?,3+-hop,True,True,15,15,15,0.13333333333333333,0.13333333333333333,0.13333333333333333,0.5,0.5,0.5,1.0,AUTO-004;AUTO-025;SEC-035;FCC-007;FCC-001;FCC-032;STR-017;HMI-037;AUTO-001;AUTO-010;ENG-022;ENG-037;FCC-005;FCC-013;FCC-038
How does the APM guidance requirement trace through security and built-in test constraints into flight-control behavior and ultimately the landing subsystem requirement?,3+-hop,True,True,15,15,15,0.0,0.0,0.0,0.0,0.0,0.0,1.0,FCC-007;AUTO-025;AUTO-004;SEC-014;AUTO-002;AUTO-029;SEC-035;NBC3-AUTO-001;AUTO-001;AUTO-040;ENG-022;ENG-037;FCC-005;FCC-013;FCC-038
"Through the flight control and command/data link chain into autonomy, what security requirement ultimately constrains the referenced function, and how is that trace propagated end-to-end?",3+-hop,True,True,15,15,15,0.0,0.0,0.06666666666666667,0.0,0.0,0.25,1.0,SEC-014;CDL-003;SEC-012;SEC-003_1;AUTO-004;GCS-004;GCS-009;EMS-025;FCC-011;GCS-039;SEC-005;STR7-CDL-002;EMS-030;PWR-025;SEC-003
"Which display-level operator need ultimately traces through SAR processing and payload design to both EO/IR and radar sensing constraints, and what subsystem dependencies drive that allocation?",3+-hop,True,True,15,15,15,0.13333333333333333,0.13333333333333333,0.13333333333333333,0.4,0.4,0.4,1.0,SAR-017;EOIR-004;SAR-002;PLD-010;PLD-011;SAR-001;RADAR-002;SAR-014;ALX2-PLD-001;CDL-024;CDL-030;CDL-031;EOIR-015;EOIR-016;EOIR-020
"Which flight-control verification requirement traces through power constraints to the GPS interface dependency, and what end-to-end rationale links those subsystems?",3+-hop,True,True,15,15,15,0.06666666666666667,0.06666666666666667,0.06666666666666667,0.25,0.25,0.25,1.0,COMM-018;SEC-035;GPS-034;GPS-029;DLNK-017;PWR-018;FCC-007;GPS-003;AUTO-001;CDL-024;CDL-025;COMM-029;EMS-029;ENG-037;FCC-005
"Which flight computer security requirement flows through the data link to satisfy the communication subsystem requirement, and what intermediate security rationale connects them?",3+-hop,True,True,15,15,15,0.0,0.0,0.06666666666666667,0.0,0.0,0.25,0.875,SEC-014;CDL-003;CDL-001;FDR-055;COMM-018;CDL-012;SEC-028;COMM-024;CDL-024;COMM-002;COMM-029;DLNK-002;EMS-021;FCC-044;GCS-002
"Which flight management interface requirement traces through the security control to satisfy the top-level flight management requirement, and what end-to-end rationale links them?",3+-hop,True,True,15,15,15,0.0,0.0,0.0,0.0,0.0,0.0,1.0,SEC-014;SEC-012;HMI-030;HMI-009;SEC-035;HMI-037;FDR-055;SEC-022;ENG-037;FCC-044;FMS-003;FMS-022;FMS-035;HMI-210;SEC-015
"What end-to-end requirement flow links the security constraint to the final auto-function behavior, and how do the flight-control and data-link provisions propagate that constraint across subsystems?",3+-hop,True,True,15,15,15,0.0,0.0,0.0,0.0,0.0,0.0,0.7647058823529411,SEC-014;SEC-012;AUTO-004;FCC-001;CDL-001;SEC-035;CDL-003;FCC-004;CDL-028;COMM-002;DLNK-002;ENG-037;GCS-002;GCS-031;STR7-CDL-002
"How do the automated control functions trace through security and emergency management constraints to the cockpit display behavior, and what end-to-end dependency does that imply?",3+-hop,True,True,14,14,15,0.0,0.0,0.0,0.0,0.0,0.0,1.0,SEC-014;SEC-012;EMS-002;FMS-003;HMI-009;HMI-003;HMI-001;AUTO-004;EPS-001;GCS-033;HMI-030;STR-001;APM-002;PWR-002
"Which flight management function, via the flight data recorder linkage, ultimately traces to the data link requirement, and how is that end-to-end dependency justified across subsystems?",3+-hop,True,True,15,15,15,0.0,0.0,0.0,0.0,0.0,0.0,1.0,FDR-055;FDR-001;SEC-035;AUTO-004;SEC-014;FMS-035;LDG-026;CDL-001;BIT-002;COMM-002;DLNK-002;ENG-037;FCC-044;FDR-035;FMS-026
Which flight control computer requirement is ultimately implicated by the flight data recorder verification path through navigation and GPS references?,3+-hop,True,True,15,15,15,0.0,0.0,0.0,0.0,0.0,0.0,1.0,FDR-022;FMS-004;SEC-035;AUTO-004;NAV-002;GPS-006;COMM-018;NAV-008;ADS-020;CDL-024;COMM-029;ENG-037;FMS-006;GPS-009;GPS-030
"Which control law requirement, ultimately linked from the fuel system requirement through the payload design trace, is referenced by the same control document and then traced onward to the flight control computer?",3+-hop,True,True,15,15,15,0.0,0.0,0.0,0.0,0.0,0.0,0.875,FUEL-001;FCC-001;AUTO-004;SEC-035;FUEL-017;AUTO-001;COMM-018;CDL-001;CDL-024;COMM-002;COMM-029;DLNK-002;ENG-037;FCC-007;GCS-002
"How does the fuel-system requirement trace through data loading and flight-control software to the final data-loader constraint, and what end-to-end dependency does that establish?",3+-hop,True,True,15,15,15,0.0,0.0,0.0,0.0,0.0,0.0,1.0,FUEL-001;FUEL-026;FUEL-015;FUEL-017;FUEL-016;FUEL-007;FUEL-002;FUEL-011;ENG-001;ENG-014;ENG-025;FMS-017;FMS-018;STR-032;EMS-017
"Which flight control computer requirement is ultimately satisfied by the flight data recorder requirement through the navigation, GPS, and inertial navigation traceability chain?",3+-hop,True,True,15,15,15,0.0,0.0,0.0,0.0,0.0,0.0,0.875,FDR-022;NAV-002;SEC-028;HMI-005;NAV-015;COMM-018;FDR-001;NAV-008;ADS-020;AUTO-020;BIT-002;CDL-024;COMM-029;EMS-021;FCC-017
"Which power requirement traces through the built-in test and security controls to satisfy the instrumentation requirement, and what security constraint is referenced at both ends of that path?",3+-hop,True,True,15,15,15,0.13333333333333333,0.13333333333333333,0.2,0.5,0.5,0.75,1.0,SEC-016;SEC-014;SEC-006;BIT-020;SEC-015;SEC-004;PLD-035;STR-021;APM-029;BIT-031;FCC-041;FCC-044;FCC-046;FDR-055;GCS-008
Which data link requirement is ultimately implicated by the flight control requirement that references a security control via an intermediate control requirement?,3+-hop,True,True,15,15,15,0.0,0.0,0.0,0.0,0.0,0.0,1.0,SEC-014;CDL-004;COMM-018;AUTO-004;COMM-012;DLNK-003;STR-021;SEC-012;CDL-024;COMM-029;FCC-041;FCC-046;GPS-009;PWR-012;RADAR-009
"How does the power management requirement ultimately trace through autonomy and emergency management to the flight data recording obligation, and what end-to-end behavior must be captured?",3+-hop,True,True,15,15,15,0.0,0.0,0.0,0.0,0.0,0.0,0.875,FDR-001;FDR-015;GCS-010;FCC-012;FDR-002;FDR-008;AUTO-009;EMS-002;AUTO-010;BIT-002;EMS-006;EPS-001;FCC-009;FDR-045;GCS-018
Which GPS requirement is ultimately fulfilled via the security control referenced by the navigation requirement traced from the original GPS requirement?,3+-hop,True,True,15,15,15,0.26666666666666666,0.26666666666666666,0.26666666666666666,1.0,1.0,1.0,0.875,SEC-028;FDR-022;COMM-018;NAV-028;GPS-023;GPS-006;GPS-008;GPS-029;CDL-024;COMM-029;EMS-021;GPS-009;GPS-022;INS-028;INS-029
"Which data-link requirement ultimately constrains the security and EMS references inherited by the automatic function, and how does that end-to-end trace propagate across those subsystems?",3+-hop,True,True,15,15,15,0.0,0.0,0.0,0.0,0.0,0.0,0.875,CDL-003;SEC-028;BIT-029;DLNK-003;SEC-014;FCC-004;EMS-030;DLNK-015;CDL-028;EMS-019;EMS-021;FCC-011;GPS-022;GPS-023;INS-029
"How does the engine management requirement trace through fuel system behavior to the cockpit indication requirement, and what fuel-related dependency is fed back into that control path?",3+-hop,True,True,15,15,15,0.2,0.2,0.13333333333333333,1.0,1.0,0.6666666666666666,1.0,FUEL-026;FUEL-001;FUEL-002;FUEL-017;FUEL-007;ENG-014;FUEL-016;HMI-135;ENG-001;FUEL-010;FUEL-013;HMI-210;STR-032;EMS-014;FDR-016
Which flight control computer function is ultimately justified by the GPS requirement through the linked security and built-in test requirements across the chain?,3+-hop,True,True,15,15,15,0.0,0.0,0.0,0.0,0.0,0.0,0.875,COMM-018;SEC-028;GPS-034;GCS-011;SEC-035;STR7-NAV-001;FCC-001;FCC-007;AUTO-001;CDL-024;COMM-029;EMS-021;ENG-037;FCC-005;FMS-022
"Which flight control computer requirement, referenced by the command/data link specification and tracing onward to the automation subsystem, governs this end-to-end interface behavior?",3+-hop,True,True,15,15,15,0.2,0.13333333333333333,0.13333333333333333,1.0,0.6666666666666666,0.6666666666666666,0.7647058823529411,ENG-031;FCC-001;CDL-030;SEC-014;CDL-032;COMM-024;LDG-025;FCC-038;AUTO-006;AUTO-025;AUTO-028;AUTO-033;COMM-023;ENG-021;FCC-031
Which payload requirement is ultimately satisfied by the security control referenced through the flight-control communication link that fulfills the communication requirement?,3+-hop,True,True,15,15,15,0.13333333333333333,0.13333333333333333,0.06666666666666667,0.4,0.4,0.2,0.875,SEC-014;COMM-018;CDL-003;STR-038;COMM-012;PLD-001;CDL-030;CDL-001;AUTO-006;AUTO-033;CDL-024;COMM-002;COMM-023;COMM-029;DLNK-002
Which built-in test requirement ultimately satisfies the security control referenced by the flight data recorder requirement through the flight control computer trace chain?,3+-hop,True,True,15,15,15,0.0,0.0,0.0,0.0,0.0,0.0,0.875,SEC-035;BIT-040;SEC-014;FMS-041;NBC3-NAV-001;SEC-028;SEC-011;ENG-041;BIT-006;BIT-039;EMS-019;EMS-021;EMS-032;ENG-010;ENG-037
Which flight data recorder requirement is ultimately referenced by the emergency monitoring requirement cited by the autonomous function verification requirement?,3+-hop,True,True,15,15,15,0.0,0.0,0.0,0.0,0.0,0.0,0.875,FDR-001;FDR-015;SEC-035;AUTO-009;FDR-060;FDR-008;SEC-028;FCC-012;AUTO-010;BIT-002;EMS-006;EMS-021;ENG-037;FCC-009;GPS-022
"Which flight management function, via its cockpit display interaction, leads to the display verification requirement, and how is that end-to-end traceability established across FMS, HMI, and CDL?",3+-hop,True,True,15,15,15,0.2,0.2,0.13333333333333333,0.75,0.75,0.5,0.875,HMI-009;HMI-037;FMS-022;FMS-041;FMS-003;SEC-035;HMI-030;FMS-010;CDL-030;CDL-040;ENG-037;FDR-012;FMS-012;FMS-042;GCS-011
"Which command-and-data-link requirement ultimately fulfills the secure communications requirement, and through what EMS reference path is that satisfaction traced across subsystems?",3+-hop,True,True,15,15,15,0.13333333333333333,0.13333333333333333,0.06666666666666667,0.5,0.5,0.25,1.0,CDL-003;COMM-022;SEC-028;EMS-030;CDL-001;SEC-014;SEC-010;DLNK-003;APM-033;AUTO-006;AUTO-034;CDL-012;COMM-002;COMM-019;DLNK-002
Which flight computer control requirement is ultimately justified by the flight data recorder requirement through the linked security and built-in-test trace chain?,3+-hop,True,True,15,15,15,0.0,0.0,0.0,0.0,0.0,0.0,1.0,SEC-035;FDR-001;SEC-014;FDR-060;COMM-018;FDR-015;BIT-040;SEC-028;AUTO-010;BIT-002;BIT-006;BIT-039;CDL-024;COMM-029;EMS-019
"Which built-in test requirement is ultimately driven by the power requirement through the linked security and flight-control requirements, and what end-to-end rationale connects them?",3+-hop,True,True,15,15,15,0.0,0.0,0.0,0.0,0.0,0.0,0.875,BIT-001;SEC-035;SEC-014;FCC-055;SKT1-FCC-001;STR-021;BIT-003;ALX2-INS-001;ENG-037;FCC-003;FCC-036;FCC-041;FCC-046;PWR-012;PWR-020
"Which autonomy requirement is ultimately supported by the security control referenced by the communications verification requirement, and what communications item provides the verification evidence?",3+-hop,True,True,15,15,15,0.2,0.13333333333333333,0.2,0.75,0.5,0.75,0.7647058823529411,COMM-019;SEC-028;SEC-015;COMM-018;SEC-035;SEC-003_1;AUTO-006;CDL-003;APM-029;BIT-020;BIT-031;CDL-024;CDL-030;COMM-029;COMM-030
"Which GPS requirement traces through the security and emergency-management requirements to ultimately satisfy the navigation requirement, and what end-to-end rationale links them?",3+-hop,True,True,15,15,15,0.13333333333333333,0.13333333333333333,0.2,0.5,0.5,0.75,0.875,SEC-028;COMM-018;GPS-003;RADAR-009;NAV-002;DLNK-017;FDR-022;GPS-006;ADS-020;CDL-005;CDL-024;COMM-029;EMS-021;FMS-006;GPS-009
How does the secure data-link implementation satisfy the automation-level requirement while propagating referenced constraints through automation behavior to the radar subsystem?,3+-hop,True,True,15,15,15,0.13333333333333333,0.2,0.13333333333333333,0.4,0.6,0.4,0.6666666666666666,RADAR-025;RADAR-017;CDL-004;SEC-014;CDL-001;AUTO-020;CDL-003;PLD-004;AUTO-038;COMM-002;DLNK-002;EOIR-015;EOIR-018;FMS-008;GCS-002
"Which flight-control communication requirement ultimately traces from the cockpit display link, through the controller and automation references, to the final automation behavior requirement?",3+-hop,True,True,15,15,15,0.13333333333333333,0.2,0.13333333333333333,0.5,0.75,0.5,0.7647058823529411,HMI-009;CDL-032;AUTO-004;HMI-050;HMI-037;FCC-007;SEC-014;AUTO-006;AUTO-001;AUTO-010;CDL-030;DLNK-009;FCC-005;FMS-022;GCS-022
Which communications requirement is ultimately satisfied by the fuel-system requirement through the referenced security control and command/data link implementation chain?,3+-hop,True,True,15,15,15,0.06666666666666667,0.06666666666666667,0.13333333333333333,0.25,0.25,0.5,1.0,SEC-014;CDL-003;COMM-018;COMM-012;COMM-010;FUEL-025;SEC-008;CDL-001;CDL-013;CDL-024;CDL-030;CDL-031;COMM-002;COMM-029;DLNK-002
How do the GPS-derived power constraints propagate through command/data handling and back into power requirements to shape the inertial subsystem’s implementation?,3+-hop,True,True,15,15,15,0.13333333333333333,0.13333333333333333,0.06666666666666667,0.5,0.5,0.25,1.0,PWR-018;GPS-029;INS-023;INS-030;INS-043;INS-019;INS-002;AUTO-025;ADS-001;ADS-003;CDL-025;EMS-029;ENG-022;FCC-013;FCC-036
How do the emergency management constraints propagate through power allocation and navigation dependencies to determine the final command/data link behavior?,3+-hop,True,True,15,15,15,0.0,0.0,0.0,0.0,0.0,0.0,0.875,FCC-009;CDL-027;CDL-011;FCC-010;FCC-030;EMS-033;CDL-036;EMS-009;AUTO-009;CDL-038;COMM-006;EMS-001;EMS-006;EMS-007;EMS-020
Which navigation requirement is ultimately supported by the security control satisfied by the GPS timing-reference requirement cited by the higher-level GPS requirement?,3+-hop,True,True,15,15,15,0.13333333333333333,0.06666666666666667,0.06666666666666667,0.5,0.25,0.25,0.875,SEC-028;INS-037;GPS-029;COMM-018;GPS-010;FDR-022;DLNK-007;GPS-006;CDL-024;COMM-029;DLNK-022;EMS-021;FCC-034;GPS-009;GPS-022
Which security requirement traces through autonomy functions to the radar interface constraint ultimately governing the referenced radar behavior?,3+-hop,True,True,15,15,15,0.2,0.2,0.2,0.6,0.6,0.6,0.875,STR-015;RADAR-017;RADAR-009;COMM-018;RADAR-025;SEC-014;AUTO-006;SAR-017;AUTO-020;CDL-005;CDL-024;CDL-030;COMM-029;DLNK-009;DLNK-017
"Which security requirement cited by the payload design is ultimately satisfied by the autonomy function, and where is that same security constraint referenced again downstream?",3+-hop,True,True,15,15,15,0.0,0.0,0.06666666666666667,0.0,0.0,0.3333333333333333,0.875,SEC-014;SEC-012;SEC-016;SEC-003_1;SEC-002;SEC-004;SEC-028;SEC-015;APM-029;BIT-020;BIT-031;EMS-021;FCC-011;FCC-044;FDR-055
"What flight control computer behavior, as referenced by cockpit display logic and lighting requirements, ultimately satisfies the applicable security requirement?",3+-hop,True,True,15,15,15,0.13333333333333333,0.13333333333333333,0.13333333333333333,0.5,0.5,0.5,0.6666666666666666,SEC-014;LGT-008;LGT-003;LGT-001;LGT-004;LGT-014;HMI-003;SEC-035;CDL-030;ENG-037;SEC-010;APM-033;AUTO-006;AUTO-033;AUTO-034
"Which security requirement referenced by the autonomy control requirement is satisfied by the same control requirement and, through that linkage, points to the downstream autonomy interface requirement?",3+-hop,True,True,15,15,15,0.06666666666666667,0.13333333333333333,0.13333333333333333,0.3333333333333333,0.6666666666666666,0.6666666666666666,0.7647058823529411,AUTO-006;SEC-014;SEC-015;COMM-018;SEC-012;FDR-015;SEC-035;HMI-050;APM-029;AUTO-010;BIT-020;BIT-031;CDL-024;CDL-030;COMM-029
Which payload design requirement ultimately traces through command/data handling and flight-control security constraints to the final flight-control compliance obligation?,3+-hop,True,True,15,15,15,0.06666666666666667,0.06666666666666667,0.06666666666666667,0.2,0.2,0.2,1.0,SEC-014;COMM-018;SEC-003_1;STR-038;CDL-001;CDL-003;PLD-001;SEC-008;CDL-013;CDL-024;COMM-002;COMM-029;DLNK-002;DLNK-017;EOIR-002
"Which autonomous control requirement fulfills the security constraint and, through its referenced autonomy behavior, ultimately traces to the radar interface requirement?",3+-hop,True,True,15,15,15,0.2,0.2,0.2,0.75,0.75,0.75,0.6666666666666666,STR-015;RADAR-017;RADAR-025;COMM-018;AUTO-006;RADAR-009;AUTO-020;SEC-014;AUTO-038;CDL-005;CDL-024;CDL-030;COMM-029;DLNK-009;DLNK-017
"Which flight control computer requirement is ultimately referenced by the power verification path through the communications data link, and what upstream power requirement does it trace back to?",3+-hop,True,True,15,15,15,0.0,0.0,0.0,0.0,0.0,0.0,0.875,SEC-035;STR-021;FCC-001;PWR-001;AUTO-004;FCC-004;COMM-016;PWR-003;CDL-028;ENG-037;EPS-002;FCC-041;FCC-046;PWR-012;ADS-003
"Which flight control requirement ultimately drives the cockpit interface behavior referenced through the control-chain dependency, and how does that end-to-end traceability flow across avionics and HMI?",3+-hop,True,True,15,15,15,0.0,0.0,0.0,0.0,0.0,0.0,1.0,HMI-009;AUTO-004;HMI-004;CDL-032;ENG-031;FCC-001;FMS-003;HMI-037;FMS-022;HMI-030;HMI-210;HMI-220;CDL-030;CDL-040;FDR-012
"Which flight-control requirement ultimately drives the GPS timing/power dependency through the referenced power allocation chain, and how does that dependency propagate across the involved subsystems?",3+-hop,True,True,15,15,15,0.13333333333333333,0.13333333333333333,0.06666666666666667,0.5,0.5,0.25,1.0,GPS-029;PWR-018;COMM-018;GPS-003;GCS-020;AUTO-004;PWR-001;NAV-027;CDL-024;CDL-025;COMM-029;EMS-029;EPS-002;FCC-034;FCC-036
"Which inertial navigation requirement fulfills the security constraint that, through its referenced security rationale, ultimately traces to the GPS requirement it satisfies?",3+-hop,True,True,15,15,15,0.13333333333333333,0.13333333333333333,0.13333333333333333,0.6666666666666666,0.6666666666666666,0.6666666666666666,0.875,SEC-028;NAV-028;SEC-025;GPS-029;NAV-015;FDR-022;INS-013;INS-043;EMS-005;EMS-021;FCC-017;GPS-013;GPS-022;GPS-023;GPS-030
How do the automated control requirements trace through the radar subsystem dependencies to justify the final referenced automation constraint across the full chain?,3+-hop,True,True,15,15,15,0.2,0.2,0.2,1.0,1.0,1.0,0.6666666666666666,RADAR-025;AUTO-004;RADAR-017;SAR-003;FCC-004;COMM-018;AUTO-020;ENG-003;AUTO-038;CDL-024;CDL-028;COMM-029;EOIR-015;EOIR-018;FMS-008
"How does the security requirement propagate through built-in test and power into the instrumentation requirement, and what referenced security dependency must also be considered?",3+-hop,True,True,15,15,15,0.0,0.0,0.0,0.0,0.0,0.0,0.875,SEC-016;SEC-006;SEC-002;SEC-014;BIT-003;SEC-003;SEC-004;PLD-035;FCC-011;PLD-029;SEC-019;SEC-021;CDL-013;EMS-030;SEC-003_1
Which avionics processing requirement traces through the security and built-in test specifications to the inspection criterion it ultimately satisfies?,3+-hop,True,True,15,15,15,0.0,0.0,0.0,0.0,0.0,0.0,0.875,SEC-035;BIT-040;BIT-001;BIT-003;SEC-014;SEC-028;SEC-011;STR-010;BIT-006;BIT-039;EMS-019;EMS-021;EMS-032;ENG-037;GPS-022
Which power-system verification artifact traces through the automation and emergency-management requirements to the automation requirement ultimately satisfied by the emergency-management function?,3+-hop,True,True,15,15,15,0.13333333333333333,0.06666666666666667,0.06666666666666667,0.5,0.25,0.25,0.7647058823529411,BIT-029;ENG-008;HMI-120;EMS-009;EPS-024;EMS-002;SEC-028;SEC-035;EMS-019;EMS-021;ENG-037;EPS-001;EPS-005;EPS-006;EPS-011
"Which built-in test verifies the power requirement tied to the cited security control, and what ground-control interface constraint is ultimately referenced through that chain?",3+-hop,True,True,15,15,15,0.13333333333333333,0.13333333333333333,0.2,0.5,0.5,0.75,0.7647058823529411,FCC-055;BIT-020;FCC-006;PWR-027;BIT-015;SEC-035;STR-027;PWR-034;APM-033;BIT-005;EMS-004;ENG-037;FCC-036;PWR-006;PWR-021
"Which flight-control computer requirement is ultimately traced back to the ground-control system through the security requirement and BIT reference chain, and how is that linkage justified?",3+-hop,True,True,15,15,15,0.0,0.0,0.0,0.0,0.0,0.0,0.875,SEC-014;AUTO-004;BIT-013;SEC-035;BIT-040;FCC-004;BIT-001;ENG-003;BIT-006;BIT-039;CDL-028;EMS-019;EMS-032;ENG-037;APM-004
"How does the flight control function depend on power support through navigation and ultimately inertial sensing, and what end-to-end behavior is required across those subsystems?",3+-hop,True,True,15,15,15,0.0,0.0,0.0,0.0,0.0,0.0,1.0,FMS-002;NAV-002;AUTO-025;INS-001;AUTO-002;NAV-001;AUTO-001;FMS-034;ADS-020;ENG-022;FCC-007;FCC-013;FCC-038;FMS-001;FMS-005
"Which APM requirement is ultimately traced from the EPS power-distribution requirement through the intermediate EPS dependencies, and what system function does that end requirement govern?",3+-hop,True,True,15,15,15,0.13333333333333333,0.13333333333333333,0.2,0.4,0.4,0.6,1.0,EPS-008;EPS-004;EPS-017;EPS-015;EPS-010;EPS-006;EPS-005;APM-001;EMS-016;EPS-002;EPS-024;EPS-025;PWR-002;PWR-032;APM-002
"How does the autonomous function’s top-level requirement trace through radar interface constraints and back to its originating autonomy requirement, and what end-to-end obligation does that imply?",3+-hop,True,True,15,15,15,0.2,0.26666666666666666,0.2,0.75,1.0,0.75,0.7647058823529411,AUTO-006;RADAR-017;AUTO-020;FDR-015;RADAR-025;STR-015;EMS-011;COMM-018;AUTO-010;AUTO-022;AUTO-038;CDL-024;CDL-030;COMM-029;DLNK-009
"Which command/data link verification requirement ultimately traces through the security controls to the flight control computer constraint, and how does that chain close back to the same security requirement?",3+-hop,True,True,15,15,15,0.13333333333333333,0.13333333333333333,0.06666666666666667,0.5,0.5,0.25,1.0,SEC-014;SEC-035;SEC-012;SEC-003_1;CDL-038;COMM-018;CDL-003;SEC-008;CDL-011;CDL-013;CDL-024;COMM-029;ENG-037;FCC-011;FCC-031
"How do the autonomous control requirements trace through security constraints into emergency management behavior, and which security requirement closes the loop back into the autonomy design?",3+-hop,True,True,15,15,15,0.13333333333333333,0.13333333333333333,0.2,0.6666666666666666,0.6666666666666666,1.0,0.7647058823529411,SEC-012;EMS-002;AUTO-009;SEC-014;AUTO-006;EMS-011;EMS-009;SEC-028;AUTO-022;CDL-030;DLNK-009;EMS-006;EMS-021;EPS-001;FCC-009
"Which GPS requirement fulfills the security control that references the EMS constraint and ultimately satisfies the INS requirement, and what end-to-end traceability justifies that linkage?",3+-hop,True,True,15,15,15,0.13333333333333333,0.13333333333333333,0.13333333333333333,0.5,0.5,0.5,0.875,SEC-028;INS-043;SEC-025;INS-028;COMM-018;INS-037;FDR-022;FDR-045;CDL-024;COMM-029;EMS-008;EMS-021;FCC-034;GCS-010;GPS-009
Which flight control computer function ultimately fulfills the security-driven navigation requirement chain through GPS and inertial sensing dependencies?,3+-hop,True,True,15,15,15,0.0,0.0,0.0,0.0,0.0,0.0,1.0,NAV-002;FMS-002;NAV-015;NAV-028;AUTO-025;INS-011;NAV-011;INS-013;ADS-020;EMS-005;ENG-022;FCC-013;FCC-017;FCC-038;FMS-006
Which communications requirement is ultimately fulfilled by the automatic control requirement through the referenced security and command/data link requirements?,3+-hop,True,True,15,15,15,0.0,0.0,0.0,0.0,0.0,0.0,1.0,SEC-014;CDL-003;COMM-012;SEC-008;COMM-010;COMM-018;COMM-013;COMM-022;CDL-013;CDL-024;COMM-029;EMS-018;FCC-031;FCC-040;GPS-009
Which autonomous tracking requirement ultimately depends on the EO/IR target characterization specification through the radar detection and handoff chain?,3+-hop,True,True,15,15,15,0.26666666666666666,0.26666666666666666,0.2,1.0,1.0,0.75,0.875,EOIR-005;RADAR-017;EOIR-014;RADAR-025;EOIR-015;STR-015;EOIR-004;GPS-006;AUTO-020;EOIR-018;EOIR-029;GCS-017;NAV-020;PLD-011;RADAR-002
"Which communications requirement, linked through the security constraint referenced by the fuel requirement, ultimately traces to the EMS requirement, and what end-to-end dependency does that establish?",3+-hop,True,True,15,15,15,0.0,0.0,0.0,0.0,0.0,0.0,0.875,COMM-022;EMS-030;SEC-028;COMM-018;FUEL-010;EMS-006;EMS-023;EMS-017;AUTO-009;CDL-024;COMM-029;EMS-018;EMS-021;EMS-034;EMS-035
"How does the power requirement for the GPS path flow through the intermediate power and inertial references back to the originating power constraint, and what end-to-end obligation results?",3+-hop,True,True,15,15,15,0.13333333333333333,0.13333333333333333,0.13333333333333333,0.5,0.5,0.5,1.0,PWR-018;INS-043;GPS-003;GPS-029;GPS-026;INS-037;BIT-005;INS-030;CDL-025;EMS-029;FCC-006;FCC-034;FCC-036;GPS-010;GPS-013
Which autonomy requirement is ultimately traced from the referenced security control through the data link requirement and subsequent security/autonomy satisfaction links?,3+-hop,True,True,15,15,15,0.06666666666666667,0.13333333333333333,0.13333333333333333,0.2,0.4,0.4,0.7647058823529411,SEC-014;AUTO-006;CDL-003;CDL-004;GCS-004;SEC-035;SEC-015;EMS-003;APM-029;BIT-020;BIT-031;CDL-030;DLNK-009;ENG-037;FCC-044
"Which security requirement referenced by the navigation function ultimately traces to the GPS requirement it satisfies, and how does that navigation requirement connect the two?",3+-hop,True,True,15,15,15,0.2,0.13333333333333333,0.2,1.0,0.6666666666666666,1.0,0.875,SEC-028;NAV-028;COMM-018;FDR-022;GPS-006;NAV-002;FMS-004;GPS-003;ADS-020;CDL-024;COMM-029;EMS-021;FMS-006;GPS-009;GPS-022
"Which flight-control requirement, traced from the built-in test function through the environmental monitoring requirement it satisfies, ultimately references the final EMS requirement?",3+-hop,True,True,15,15,15,0.06666666666666667,0.06666666666666667,0.06666666666666667,0.2,0.2,0.2,0.875,EMS-030;AUTO-009;SEC-028;SEC-035;COMM-018;EMS-029;EMS-004;FDR-045;CDL-024;COMM-029;EMS-006;EMS-008;EMS-021;ENG-037;FCC-006
"Which flight control requirement ultimately traces through the GPS subsystem to an inertial navigation requirement, and what end-to-end behavior or dependency does that chain establish?",3+-hop,True,True,15,15,15,0.0,0.0,0.0,0.0,0.0,0.0,1.0,INS-011;INS-013;INS-043;FDR-022;NAV-008;GPS-006;INS-001;GPS-008;EMS-005;FMS-002;GPS-013;GPS-030;INS-014;NAV-007;NBC3-GPS-002
Which cockpit display requirement cited by the ice-protection specification links through the flight-control computer safety requirement to the security requirement that references the display data-link requirement?,3+-hop,True,True,15,15,15,0.0,0.0,0.0,0.0,0.0,0.0,0.875,HMI-009;HMI-004;SEC-014;HMI-005;HMI-001;STR-010;HMI-100;HMI-003;AUTO-020;CDL-007;GCS-033;HMI-220;ICE-001;RADAR-013;AUTO-038
"What flight data recorder requirement ultimately depends on inertial sensor provisions through navigation and GPS traceability, and how does that dependency chain affect recorded positioning data?",3+-hop,True,True,15,15,15,0.06666666666666667,0.06666666666666667,0.13333333333333333,0.25,0.25,0.5,0.875,FDR-022;NAV-008;INS-039;FDR-001;GPS-008;FDR-004;GPS-006;INS-013;BIT-002;EMS-005;FCC-029;FDR-020;FDR-070;INS-014;NAV-007
"How does the control data link requirement propagate through flight control and flight management into the pilot interface, and what end-to-end behavior must the cockpit display present?",3+-hop,True,True,15,15,15,0.2,0.2,0.2,0.75,0.75,0.75,0.875,HMI-009;GCS-006;HMI-004;CDL-032;CDL-030;HMI-037;DLNK-009;CDL-031;AUTO-006;AUTO-033;COMM-023;EMS-010;ENG-021;FCC-031;FCC-051
"Which engineering constraint is ultimately traced from the test case’s referenced flight dynamics requirement through its verification link and subsequent references, and how does that end-to-end chain justify compliance?",3+-hop,True,True,15,15,15,0.0,0.0,0.0,0.0,0.0,0.0,1.0,SEC-035;ENG-042;FCC-052;BIT-003;CDL-038;AUTO-004;FMS-041;ENG-041;CDL-011;ENG-010;ENG-037;ENG-039;FCC-013;FCC-014;FCC-015
"What top-level built-in test objective ultimately traces through the software requirement and logic design into the command/data link implementation, and what downstream design obligation does it impose?",3+-hop,True,True,15,15,15,0.0,0.0,0.0,0.0,0.0,0.0,0.875,BIT-001;CDL-038;CDL-003;SEC-014;PLD-035;CDL-001;BIT-003;SEC-008;CDL-011;CDL-013;COMM-002;DLNK-002;FCC-031;FCC-040;GCS-002
How does the application process requirement trace through security and built-in test constraints to the ground control station capability it ultimately depends on?,3+-hop,True,True,15,15,15,0.2,0.2,0.06666666666666667,0.75,0.75,0.25,1.0,GCS-001;COMM-018;SEC-015;NBC3-FCC-004;SEC-014;SEC-012;SEC-028;NBC3-NAV-001;APM-029;BIT-020;BIT-031;CDL-002;CDL-024;COMM-029;EMS-021
"Which automatic control requirement satisfies the security need, and what emergency management reference chain does it depend on to fully justify compliance?",3+-hop,True,True,15,15,15,0.0,0.0,0.06666666666666667,0.0,0.0,0.25,0.875,SEC-028;COMM-018;HMI-120;SEC-015;ENG-008;SEC-014;EMS-009;SEC-012;APM-029;BIT-020;BIT-031;CDL-024;COMM-029;EMS-021;FCC-044
