query,pipeline,repeat,query_type,judged_on,gemini_faithful,gemini_reason,gemini_tokens
Who is the chief judge of Fred Aghogho Brume's birthplace?,graphrag,1,1-hop,2026-08-21,True,"The answer accurately states that the retrieved contexts do not provide Fred Aghogho Brume's birthplace, correctly summarizing the relevant information in the provided passages.",1518
Who constituted the freikorps in the country that the German Socialist Party was part of?,graphrag,1,1-hop,2026-08-21,True,All factual claims regarding the German Socialist Party and the composition of the Freikorps are fully supported by the referenced contexts.,2163
Who did the Huguenots in the state primary Edwards won outside of Georgia buy land from?,graphrag,1,1-hop,2026-08-21,True,All facts in the answer regarding John Edwards winning South Carolina and the Huguenots purchasing land from Edmund Bellinger are directly supported by the context.,2278
Where was Mary's betrothed born?,graphrag,1,1-hop,2026-08-21,True,The contexts confirm that Mary was betrothed to Joseph but do not contain information regarding where Joseph was born.,2463
The island where they filmed ninja warrior in Australia is located in what harbor?,graphrag,1,1-hop,2026-08-21,True,The answer accurately reflects the context regarding Australian Ninja Warrior filming on Cockatoo Island located in Sydney Harbour.,2258
Who is the mother of the founder of Mormonism?,graphrag,1,1-hop,2026-08-21,True,The answer accurately identifies Joseph Smith as the founder of Mormonism and Lucy Mack Smith as his mother based on the provided context.,2112
"Who wrote ""Turn Me On"" by performer of ""Happy Pills""?",graphrag,1,1-hop,2026-08-21,True,All factual statements in the answer are directly supported by the retrieved contexts.,1705
"Who wrote the song ""The Story"" that is sung by the performer of ""That Wasn't Me""?",graphrag,1,1-hop,2026-08-21,True,All claims and citations in the answer are directly supported by the retrieved contexts.,1400
Who did Hayek work for upon being hired by the author of Omnipotent Government?,graphrag,1,1-hop,2026-08-21,True,The answer is fully supported by the retrieved contexts.,2200
Who is the brother of the Nothin' My Love Can't Fix performer?,graphrag,1,1-hop,2026-08-21,True,The answer accurately reflects the provided context by identifying the performer and correctly stating that his brother is not mentioned.,1763
Who introduced a system of musical notation in the 14th century that is used in the area where most of the invasion of the eastern Roman Empire took place?,graphrag,1,1-hop,2026-08-21,True,All statements and connections in the answer are directly supported by the retrieved contexts.,2261
What other county does the county where Imperial is located share a border with?,graphrag,1,1-hop,2026-08-21,True,All factual statements in the answer are grounded in the provided context.,2902
The author of Alciphron lived in what century?,graphrag,1,1-hop,2026-08-21,True,The answer accurately states that the provided contexts do not contain information about Alciphron or its author.,2538
What publisher was formed from the owner of the The Daily News?,graphrag,1,1-hop,2026-08-21,True,All statements and references in the answer are directly supported by the retrieved contexts [MQ-013-P02] and [MQ-013-P13].,1537
What is the date of birth for the performer of Unbreakable?,graphrag,1,1-hop,2026-08-21,True,All claims regarding the performer of 'Unbreakable' and his date of birth are fully supported by the retrieved contexts.,1744
Who was in charge of the province which contains Zeevang?,graphrag,1,1-hop,2026-08-21,True,All claims are accurately supported by contexts [MQ-015-P10] and [MQ-015-P04].,1449
Who played king whose regal Name did Albert Adopt in the king's speech?,graphrag,1,1-hop,2026-08-21,True,Every claim in the answer is directly supported by the retrieved contexts.,1876
What county was Tim Dubois born in?,graphrag,1,1-hop,2026-08-21,True,"The answer accurately combines the provided facts that Tim DuBois was born in Southwest City, Missouri, and that Southwest City is located in McDonald County.",1932
What was the story that included the character from The Bourne Betrayal based on?,graphrag,1,1-hop,2026-08-21,True,All claims in the answer are directly supported by the provided context chunks.,2044
Where is the province of Gonbad-e Qabus County located?,graphrag,1,1-hop,2026-08-21,True,All factual statements in the answer are directly supported by the retrieved contexts.,1618
"What record label released the debut album of the artist behind the 1993 album ""Let There be Love"".",graphrag,1,1-hop,2026-08-21,True,All claims in the answer are directly supported by the retrieved contexts.,1649
What company is the college where Wolf V. Vishniac studied a part of?,graphrag,1,1-hop,2026-08-21,True,All claims regarding Wolf V. Vishniac's education at Brooklyn College and its affiliation with the City University of New York are supported by the provided contexts.,1923
Where did the painter of The Mud Bath study?,graphrag,1,1-hop,2026-08-21,True,"The answer is fully supported by the retrieved contexts, which identify David Bomberg as the painter of The Mud Bath and state that he studied at the Slade School of Art under Henry Tonks.",1727
What university did the author of 1967: The Last Good Year attend?,graphrag,1,1-hop,2026-08-21,True,The answer is fully supported by the provided contexts.,1719
What is the parent company of the record label releasing Cold Turkey?,graphrag,1,1-hop,2026-08-21,True,All facts in the answer regarding the release of Cold Turkey on Apple Records and Apple Records being a division of Apple Corps Ltd. are directly supported by the context chunks.,1669
What month did the person who retained trust in Longchamp go away to the Holy Land?,graphrag,1,1-hop,2026-08-21,True,The answer accurately reflects the provided context and correctly states that the month Richard went to the Holy Land is not mentioned.,2087
What is the mascot of William J. Ripple's university?,graphrag,1,1-hop,2026-08-21,True,All claims regarding William J. Ripple's university and its mascot Benny Beaver are directly supported by the retrieved contexts.,2250
What year did the author of The First Blast of the Trumpet Against the Monstruous Regiment of Women die?,graphrag,1,1-hop,2026-08-21,True,"Every claim in the answer, including the author's identity and death year of 1572, is directly supported by the retrieved contexts.",1979
Who is the king that translated the Bible and was on the throne when MacBeth was written?,graphrag,1,1-hop,2026-08-21,True,All claims regarding King James I and the associated texts are supported by the retrieved contexts.,2132
"What shares a border with the administrative territorial entity Radwanice, Polkowice County is located in?",graphrag,1,1-hop,2026-08-21,True,The answer accurately states that the retrieved context lacks the necessary bordering entity information while correctly summarizing the relevant provided facts.,1572
What record label did the performer of The Place and the Time belong to?,graphrag,1,1-hop,2026-08-21,True,All claims in the answer are accurately grounded in and supported by the retrieved contexts.,2540
Who is the president of the group Kim Un-yong is a member of?,graphrag,1,1-hop,2026-08-21,True,Every claim in the answer is directly supported by context chunk MQ-031-P14.,2046
Who wrote the song sung by the performer of The Story?,graphrag,1,1-hop,2026-08-21,True,All facts stated in the answer are directly supported by the cited contexts [MQ-032-P17] and [MQ-007-P16].,1724
Who is the spouse of the famous governor signing legislation in honor of Donda West's death?,graphrag,1,1-hop,2026-08-21,True,"All facts, including Arnold Schwarzenegger signing the Donda West Law and Maria Shriver being his spouse, are fully supported by the retrieved contexts.",1621
What is the name of the game reserve in the country where hunters spend 50 to 100 times more than the average ecotourist?,graphrag,1,1-hop,2026-08-21,True,The answer is fully supported by the retrieved contexts.,1747
"In 1990, who became the president of the country that Germany invaded?",graphrag,1,1-hop,2026-08-21,True,All factual claims regarding Germany's invasion of Poland and Lech Wałęsa winning the 1990 Polish presidential election are directly supported by the retrieved contexts.,2338
What team is the highest goal scorer in the EPL a member of?,graphrag,1,1-hop,2026-08-21,True,All statements and requirement citations are fully supported by the retrieved contexts.,2177
Who was the spouse of the British queen?,graphrag,1,1-hop,2026-08-21,True,All factual claims made about the British queens and their spouses are fully supported by the retrieved contexts.,2488
"The author of the novel ""2030"" was nominated for what award for his role in ""Broadcast News""?",graphrag,1,1-hop,2026-08-21,True,The answer accurately cites and quotes the retrieved context regarding Albert Brooks's Academy Award nomination for Broadcast News.,1438
Who is the spouse of the person who does the voice for Smokey the Bear?,graphrag,1,1-hop,2026-08-21,True,The answer accurately reflects that the retrieved contexts do not contain spouse information for any of the Smokey Bear voice actors while correctly citing Sam Elliott's role from MQ-039-P19.,2224
Who is the child of the Victim of Romance performer?,graphrag,1,1-hop,2026-08-21,True,All claims regarding Michelle Phillips being the performer of Victim of Romance and Chynna Phillips being her daughter are directly supported by the context.,2722
What was the last year of the Castle of Riddles publisher?,graphrag,1,1-hop,2026-08-21,True,All factual statements in the answer are directly supported by the retrieved contexts.,2867
Who founded what Robert J Chassell is a member of?,graphrag,1,1-hop,2026-08-21,False,"The answer claims the context does not state who founded the FSF, contradicting MQ-042-P10 which identifies Richard Stallman as the Free Software Foundation founder.",2195
Who did the star of Dark Hazard play in The Ten Commandments?,graphrag,1,1-hop,2026-08-21,True,All claims are accurately supported by the retrieved contexts.,1808
with what movie did Mary Philips' husband win his only oscar?,graphrag,1,1-hop,2026-08-21,True,The answer accurately cites and is fully supported by the provided context chunks regarding Humphrey Bogart's marriage to Mary Philips and his Oscar win for The African Queen.,1705
At what local time does the country where Fuser and Alberto meet the indigenous couple traveling to look for work change their clocks for DST?,graphrag,1,1-hop,2026-08-21,True,All claims regarding the country (Chile) and its DST transition time (24:00 local time) are directly supported by the contexts [MQ-045-P10] and [MQ-045-P13].,2318
"Along with Kenny G and the performer of Off the Beaten Path, what artist was featured on smooth jazz stations?",graphrag,1,1-hop,2026-08-21,True,All factual statements and inferences are fully supported by the retrieved contexts.,1259
Where does Hala El Badry's university rank according to QS World University Rankings?,graphrag,1,1-hop,2026-08-21,True,All facts in the answer regarding Hala El Badry's alma mater and its QS World University Ranking are directly supported by the retrieved contexts.,1616
What is the experimental satellite being forerunner to communication satellite of INSAT-4CR's manufacturer called?,graphrag,1,1-hop,2026-08-21,True,The answer accurately summarizes the relevant facts from the context and correctly points out missing details required to fully answer the question without hallucinating.,1773
When did the stalemate happen in the war where UN troops approached the Yalu River?,graphrag,1,1-hop,2026-08-21,True,All statements regarding the timing and duration of the stalemate are directly supported by the retrieved contexts MQ-049-P07 and MQ-049-P14.,2460
What league does the team that uses Dick's Sporting Goods Park play for?,graphrag,1,1-hop,2026-08-21,True,"The answer accurately states that Dick's Sporting Goods Park is used by the Colorado Rapids and that they play in Major League Soccer (MLS), both supported by the cited contexts.",1487
Who was the first president in the country where the Kamchatka Peninsula is located?,graphrag,1,1-hop,2026-08-21,True,"All claims are supported by the provided text, and the answer accurately notes the limitation of the context regarding the first president.",2574
When was Q1 who was impeached in england for acts committed as governor general of india impeached?,graphrag,1,1-hop,2026-08-21,True,All facts and dates mentioned in the answer are supported by the retrieved contexts.,2164
"This cast member in ""Search for the Gods"" also plays a character in which film?",graphrag,1,1-hop,2026-08-21,True,"All facts and cited requirement contexts regarding Kurt Russell's appearances in Search for the Gods, Deepwater Horizon, and The Hateful Eight are fully supported by the retrieved contexts.",2221
Who is the child of the creator of A Distinguished Member of the Humane Society?,graphrag,1,1-hop,2026-08-21,True,The answer accurately states that the retrieved context identifies the creator but does not provide information about his child.,2052
What was the population of the European country the Huguenots felt kinship for emigration to before this emigration?,graphrag,1,1-hop,2026-08-21,True,The answer accurately reflects the population and country details directly stated in the retrieved contexts.,2341
What company was formed after a merger of the company that built ASM-N-5 Gorgon V?,graphrag,1,1-hop,2026-08-21,True,All facts regarding the Glenn L. Martin Company developing the ASM-N-5 Gorgon V and merging to form Martin Marietta in 1961 are fully supported by the retrieved contexts.,1786
"According to Pew, in 2010, what percent of Nigeria's population practiced the religion dominant in the countries surrounding Armenia?",graphrag,1,1-hop,2026-08-21,True,All facts in the answer are fully supported by the provided retrieved contexts.,2770
From where do buses leave the city CKIS-FM serves?,graphrag,1,1-hop,2026-08-21,True,The answer is fully supported by the provided text regarding CKIS-FM's location in Toronto and the Toronto Coach Terminal at 610 Bay Street.,1715
Who is the child of Sigrid Eskilsdotter's child?,graphrag,1,1-hop,2026-08-21,True,"All claims are supported by the retrieved contexts, which identify Sigrid Eskilsdotter as the mother of Christina Gyllenstierna and maternal grandmother of Gustav Vasa.",2069
This is an instance of who was named commander in chief of texas forces by the new national government of texas National Forest?,graphrag,1,1-hop,2026-08-21,True,All claims made in the answer are accurately grounded in and cited from the retrieved contexts.,1817
Who is a cast member of the show that contains the character Michael Knight?,graphrag,1,1-hop,2026-08-21,True,All factual claims regarding Michael Knight and cast member David Hasselhoff in Knight Rider are supported by the retrieved contexts.,1669
Who was the first black student admitted to where Robert Khayat was educated?,graphrag,1,1-hop,2026-08-21,True,All facts in the answer are directly supported by the retrieved contexts.,1696
What is the maximum amount of load that can be drawn by the device where 1.1 was the first widely used version?,graphrag,1,1-hop,2026-08-21,True,All statements and values are directly supported by the retrieved contexts MQ-063-P17 and MQ-063-P09.,3078
"Who employs the author of ""Ravenswood: The Steelworkers' Victory and the Revival of American Labor""?",graphrag,1,1-hop,2026-08-21,True,All claims in the answer are directly supported by the retrieved contexts.,1403
"Why was Common Sense, by the same author as Rights of Man, an important work?",graphrag,1,1-hop,2026-08-21,True,All statements and quotes regarding Common Sense and its authorship are directly supported by the retrieved contexts.,2494
Who was the spouse of the person the Bible says was the first king of Israel?,graphrag,1,1-hop,2026-08-21,True,All factual claims regarding Saul being the first king of Israel and Ahinoam being his wife are directly supported by the retrieved contexts.,1508
The native country of emu birds started conscription. This occurred during the war depicted in The Things They Carried. What year did the draft start?,graphrag,1,2-hop,2026-08-21,True,All facts and requirement citations are fully supported by the provided contexts.,2019
In the Arabic dictionary what is the meaning of the word that also refers to the majority religion in India when the country containing the Neolithic graveyards was created?,graphrag,1,2-hop,2026-08-21,True,The answer accurately summarizes the facts found in the retrieved contexts and correctly states that the requested Arabic dictionary definition is missing from the provided text.,3359
"When did the party that had majorities in Congress prior to the 1954 elections, take control of the organization that determines the rules of the US house and US senate?",graphrag,1,2-hop,2026-08-21,True,The answer accurately summarizes the available information from the context and correctly identifies that the context lacks the information needed to answer the question.,2728
When did the party holding the majority in the House of Representatives take control of the determiner of rules of the House and Senate?,graphrag,1,2-hop,2026-08-21,True,The answer accurately summarizes what information is supported by the context regarding majority control in the 110th Congress and correctly notes that details about the determiner of rules are absent,2006
When was the death penalty reinstated in the state that contains the county where Howard Mill is located?,graphrag,1,2-hop,2026-08-21,True,The answer correctly identifies that Howard Mill is in California based on MQ-071-P02 and accurately notes that the provided contexts do not contain information on when California reinstated the death,2213
What does SEAL stand for in the military group that is part of the branch that operates the USS Askari?,graphrag,1,2-hop,2026-08-21,True,All claims are accurately supported by the provided contexts.,2059
"Who was the first elected president of the country where, along with the nation where Ágnes Konkoly is from, many expelled French Jews relocated to?",graphrag,1,2-hop,2026-08-21,True,"All facts, inferences, and requirement IDs in the answer are directly supported by the retrieved contexts.",3049
What was Nintendo's limit on games per developer per year on the platform of Nightshade?,graphrag,1,2-hop,2026-08-21,True,All claims regarding the platform of Nightshade and the five-game per year limit on third-party developers during the NES era are fully supported by the retrieved contexts.,3025
The population of the country that worked with the outfit behind Man in Space Soonest numbers how much?,graphrag,1,2-hop,2026-08-21,True,All factual claims made in the response are grounded in and directly verifiable from the provided context.,2750
How many times did the plague occur in the city where the painter of The Bacchanal of the Andrians died?,graphrag,1,2-hop,2026-08-21,True,The answer accurately states what is present and missing from the contexts without making unsupported factual claims.,3124
"What UK label was bought by the broadcast company that, along with ABC and the original network of Undercovers, is one of the major broadcasters based in New York?",graphrag,1,2-hop,2026-08-21,True,All facts stated in the answer are fully supported by the retrieved contexts.,1937
What time do alcohol sales begin in the largest state of the region where the fictional Gilead is located in The Handmaid's Tale?,graphrag,1,2-hop,2026-08-21,True,All claims are completely supported and properly cited by the retrieved contexts.,1887
How many people live in the largest state of the region where The Family Stone takes place?,graphrag,1,2-hop,2026-08-21,True,All factual claims and population numbers are directly supported by the retrieved contexts.,3021
"Where do greyhound buses depart from, in the city where the performer of Sleep Is the Enemy was formed?",graphrag,1,2-hop,2026-08-21,True,The answer accurately summarizes the relevant facts present in the text and correctly states that information connecting the performer of Sleep Is the Enemy to a city is missing.,2440
When did the majority party of the branch of government that the President calls to support appointments to the USAF gain control in the House?,graphrag,1,2-hop,2026-08-21,True,All claims regarding the Senate's role in USAF appointments and the Democratic Party gaining House control in the 2006 elections are fully supported by the contexts.,2777
"What mountains can you see from Portland, in the state with the county where McCauley Mountain is located?",graphrag,1,2-hop,2026-08-21,True,All factual claims regarding visible mountains from Portland and the location of McCauley Mountain are accurately supported by the retrieved contexts.,1975
When did the luxury division of the maker of the Toyopet Master change the body style of the rx 350?,graphrag,1,2-hop,2026-08-21,True,"All claims regarding the maker of the Toyopet Master, its luxury division, and the timeline of the RX 350 facelift are directly supported by the retrieved contexts.",3242
In what region of the country containing the district of A Lưới is the city that has the Zone 5 Military Museum located?,graphrag,1,2-hop,2026-08-21,True,"All factual claims regarding the locations of A Lưới, the Zone 5 Military Museum in Da Nang, and Da Nang's region are directly supported by the context.",2232
Who is the wife of the man who produced the documentary of the pop star who influenced Beyonce?,graphrag,1,2-hop,2026-08-21,True,"All claims regarding Michael Jackson, the documentary produced by David Gest, and his marriage to Liza Minnelli are supported by the retrieved contexts.",2968
How long had the city where Qing lost in 1853 been the capital of the administrative territorial entity Guangling District is located?,graphrag,1,2-hop,2026-08-21,True,All factual claims made in the answer are directly supported by the retrieved contexts.,2409
"When is Celebrity Big Brother coming to the network which, along with ABC and the network which aired Law of the Plainsman, is the other major broadcaster based in NY?",graphrag,1,2-hop,2026-08-21,True,All factual claims and citations are directly supported by the retrieved contexts.,2274
Who owns the record label where the singer of All Right records?,graphrag,1,2-hop,2026-08-21,True,All facts stated in the answer are directly supported by the retrieved contexts.,2795
"In what region of the country where Châu Đức is found, is the birthplace of John Phan?",graphrag,1,2-hop,2026-08-21,True,"All claims regarding John Phan's birthplace, Châu Đức's country, and the region of Da Nang are fully supported by the provided contexts.",1661
When was the last time the team that Terry Twell was a member of beat the 194-95 winner of the FA Cup?,graphrag,1,2-hop,2026-08-21,False,The answer introduces external information not present in the contexts by asserting that Aston Villa won the 1894–95 FA Cup.,4779
"What dissolved the privileges in Poland of the empire that the British sided with against the Ottomans, the Kingdom that acquired some Thuringian territory in 1815, and the Habsburg Monarchy?",graphrag,1,2-hop,2026-08-21,True,All factual claims and citations in the answer are directly supported by the retrieved context.,2693
"How were the people that the Somali Muslim Ajuran Empire made coins to proclaim independence from, expelled from the country that Minyekyawdin lived in?",graphrag,1,2-hop,2026-08-21,True,The answer accurately cites the supported facts from the context and correctly identifies that the remaining information about Minyekyawdin is missing from the text.,2417
How many times did the plague occur in the birth city of the composer of Scanderbeg?,graphrag,1,2-hop,2026-08-21,True,The answer accurately reflects the contents of the retrieved contexts and correctly notes that the composer's birth city is not provided.,3238
Who is the president of the newly declared independent country that is part of the Commission of Truth and Friendship with the country where Jenggawah is located?,graphrag,1,2-hop,2026-08-21,True,"All claims regarding Jenggawah's location, the bilateral Commission of Truth and Friendship, and the president of East Timor are directly supported by the context.",3476
"When did Nissan, the Acura Legend maker and the Scion Fuse manufacturer open US assembly plants?",graphrag,1,2-hop,2026-08-21,True,All claims in the answer are directly supported by the retrieved contexts.,3425
Where do greyhound buses leave from the in the city where the headquarters of the production company which produced A Cosmic Christmas is located?,graphrag,1,2-hop,2026-08-21,True,The answer accurately identifies that the retrieved passages lack information about the production company of A Cosmic Christmas while correctly summarizing the provided bus terminal details.,2733
When did the headquarters city of the Blanton's manufacturer elect its first black mayor?,graphrag,1,2-hop,2026-08-21,False,The retrieved contexts do not state that the Sazerac Company's headquarters city is New Orleans.,2257
What does seal stand for in the U.S. military branch that operates a list of destroyer classes and the USS Stag?,graphrag,1,2-hop,2026-08-21,True,All factual claims and citations are directly supported by the retrieved contexts.,2084
In what region of Phu Luong's country is John Phan's birthplace located?,graphrag,1,2-hop,2026-08-21,True,All factual claims are supported by the provided contexts.,2084
Which opera company is based in the city where the Yongle Emperor greeted the leader that the edict was addressed to?,graphrag,1,2-hop,2026-08-21,True,The answer accurately states what is supported by the context and correctly points out that information about an opera company is missing.,2102
"What is the average daytime temperature in the region where Richmond is found, in the state where WGCK-FM is located?",graphrag,1,2-hop,2026-08-21,True,The answer accurately summarizes the retrieved context and correctly identifies that the specific temperature for the Piedmont region of Virginia is not provided.,2241
"Besides the body of water by the city where Erwin Speckler died, and the Irish Channel, what else was lowered in the last cold phase?",graphrag,1,2-hop,2026-08-21,True,All factual statements in the answer are directly supported by the retrieved contexts.,2224
Who played who sang is she really going out with him in the who influenced Beyonce movie?,graphrag,1,2-hop,2026-08-21,True,All claims made in the answer are grounded in and directly supported by the retrieved contexts.,3664
"When did the people who first imported slaves to New York, come to the country where Lord of the Rings was filmed?",graphrag,1,2-hop,2026-08-21,True,"All facts in the answer, including the identification of the Dutch, New Zealand as the filming location, and the date 13 December 1642, are fully supported by the retrieved contexts.",2551
When did the party who gained control of congress in the midterm elections in 1946 take control of the determiner of rules of the US House and US Senate?,graphrag,1,2-hop,2026-08-21,True,The answer accurately summarizes the relevant information present in the context and correctly identifies that the specific transition date or timing is missing.,2548
Which missionary helped spread the religion widely practiced in region having the second largest rain-forest in the world?,graphrag,1,2-hop,2026-08-21,True,"All claims regarding the second-largest rainforest, the predominant religion in Southeast Asia, and the role of Sufi missionaries are fully supported by the provided contexts.",2195
When did the luxury division of the manufacturer of the Scion bbX change the body style of the rx 350?,graphrag,1,2-hop,2026-08-21,True,"All facts, inferences, and requirement citations in the answer are fully supported by the retrieved contexts.",3335
When was the last time Peter Till's sports team beat the winner of the 1894-95 FA Cup?,graphrag,1,2-hop,2026-08-21,True,The answer accurately states that the retrieved context lacks the necessary information to determine the winner of the 1894–95 FA Cup and the match results.,2915
What other types of theater performance are seen in the city where the Yongle emperor greeted the person to whom the edict was addressed?,graphrag,1,2-hop,2026-08-21,True,"All facts stated in the answer, including the city, the person greeted and addressed in the edict, and the specific theater performance types, are fully supported by the retrieved contexts.",3206
Where do Greyhound buses leave from in the city where the band that recorded the album I'm Alive and on Fire formed?,graphrag,1,2-hop,2026-08-21,True,"All claims regarding the album, the band's origin in Toronto, and the location of the Toronto Coach Terminal for Greyhound buses are supported by the retrieved contexts.",2713
"How were the people that the Somali Muslim Ajuran Empire made coins to proclaim independence from, expelled from the country where Mohinga is eaten?",graphrag,1,2-hop,2026-08-21,True,The answer accurately reflects the information in the context and correctly identifies that the specific details of the expulsion are not provided.,2341
Where do greyhound buses leave from in the city where the headquarters of Care Bears: Journey to Joke-a-lot's production company is located?,graphrag,1,2-hop,2026-08-21,True,All claims in the answer are accurate and appropriately qualified based on the provided contexts.,2387
What does seal stand for in the operator of the list of destroyer classes of the operator of the USS Acme seals?,graphrag,1,2-hop,2026-08-21,True,All claims regarding what SEAL stands for and the operators mentioned are accurately supported by the retrieved contexts.,2122
"What was the form of the language that the last name Sylvester comes from, used in the era of the first Holy Roman Emperor, later known as?",graphrag,1,2-hop,2026-08-21,True,All facts in the answer are directly supported by the retrieved contexts.,2125
How many times did plague occur in the place where Bajazet's composer was born?,graphrag,1,2-hop,2026-08-21,True,The answer accurately reports facts from the context and correctly identifies that the composer's birthplace is not provided in the text.,3230
"When did the maker of the Acura Legend, the manufacturer of Toyopet Master, and Nissan open US assembly plants?",graphrag,1,2-hop,2026-08-21,True,"All facts, manufacturer mappings, and timelines are fully supported by the retrieved contexts.",3254
"What month did the Tripartite discussions begin between Britain, France, and the country where, despite being headquartered in the nation called the nobilities commonwealth, the top-ranking Warsaw Pact operatives originated?",graphrag,1,2-hop,2026-08-21,True,All facts and requirement citations are fully supported by the provided contexts.,2638
The Beach was filmed in what location of the country that contains the birth city of Siddhi Savetsila?,graphrag,1,2-hop,2026-08-21,True,"All facts regarding Siddhi Savetsila's birth city, Bangkok being in Thailand, and the filming location of The Beach on Koh Phi Phi are supported by the provided contexts.",1956
Who played who sang is she really going out with him in the composer of speechless movie?,graphrag,1,2-hop,2026-08-21,True,"All facts stated in the answer are strictly supported by the retrieved contexts, and the lack of a full answer to the multi-hop question is accurately noted.",2820
When does the sport which has Jim Wilson's Cleveland team as a member start the regular season?,graphrag,1,2-hop,2026-08-21,True,"All claims regarding Jim Wilson's team, Major League Baseball, and its regular season start dates are supported by the provided contexts.",2062
When did the city where the headquarters of Barton Premium Blend's manufacturer is located elect its first black mayor?,graphrag,1,2-hop,2026-08-21,True,All factual statements and caveats are strictly grounded in the provided contexts.,1941
When did the luxury division of the largest auto company in the world change the body style of the rx 350?,graphrag,1,2-hop,2026-08-21,True,All facts and cited requirement IDs are fully supported by the retrieved contexts.,3105
What is the name of the famous bridge in the birthplace of Gloria in D Major's composer?,graphrag,1,2-hop,2026-08-21,True,The answer accurately states what information is present and absent in the retrieved context without making ungrounded claims.,2490
What is the region of the country of Sa Thầy and the territory of the Zone 5 Military Museam located?,graphrag,1,2-hop,2026-08-21,True,All statements and requirement references are fully supported by the provided contexts.,1934
Who played the man named identically to the singer of Is She Really Going Out With Him in the movie about the composer of Speechless?,graphrag,1,2-hop,2026-08-21,True,"All factual claims made in the answer are strictly supported by the retrieved contexts, and the answer accurately declines to conclude unsupported connections.",3316
What is the abbreviated form of the name of the country where Alfred Kurella hails from?,graphrag,1,2-hop,2026-08-21,True,All statements and references in the answer are directly supported by the retrieved contexts.,1988
Who is the president of the newly declared independent country that formed the Timor Leste Commission of Truth and Friendship with the country where Pantar is found?,graphrag,1,2-hop,2026-08-21,True,Every claim in the answer is directly supported by the retrieved contexts.,2863
"What franchise of the pro soccer organization headquartered in New York, is based in the city that produced the album considered the true portrait of the No Wave movement?",graphrag,1,2-hop,2026-08-21,True,Every claim in the answer is directly supported by the retrieved contexts.,2545
How many square miles is the city where the Yongle emperor greeted the person to whom the edict was addressed?,graphrag,1,2-hop,2026-08-21,True,The answer accurately summarizes the relevant points from the contexts and correctly notes that the area of Nanjing is not provided in the retrieved passages.,2416
What country has the border troops of the country of the literature of the country of Karl Maron citizenship?,graphrag,1,2-hop,2026-08-21,True,All factual statements and inferences are fully supported by the referenced context passages.,2031
"Who is the actress who plays the role of the Queen of England in 1890, on the network that aired The Dinosaurs!?",graphrag,1,2-hop,2026-08-21,True,The answer accurately summarizes the facts found in the retrieved contexts and correctly identifies that the context lacks sufficient information to fully answer the question.,2228
What is the birthplace of the man who does the voice of Stan on the series that includes the episode The Hobbit?,graphrag,1,2-hop,2026-08-21,True,"All statements accurately reflect the provided contexts, correctly noting that Trey Parker's birthplace is not mentioned.",2332
What is the name of the famous bridge in the place of birth of who composed the Concerto in C Major Op 3 6?,graphrag,1,2-hop,2026-08-21,False,The retrieved contexts do not establish that Venice was the place of birth of Antonio Vivaldi.,2774
How long was the city where the Yongle emperor greeted the person the Ming court thought the representatives were sent by the capitol of Yaxing Coach's headquarters location?,graphrag,1,3+-hop,2026-08-21,True,The answer correctly states that the requested information cannot be found in the provided contexts.,1885
"Who was the second pick in the 1999 draft of the organization, that includes the team with the most titles, in the event preceding the awarding of the MLB MVP?",graphrag,1,3+-hop,2026-08-21,True,All factual claims and citations in the answer are directly supported by the retrieved contexts.,3870
When was the region immediately north of the region of the country in Strangers No More and the Persian Gulf established?,graphrag,1,3+-hop,2026-08-21,True,The answer accurately states that the provided contexts lack the necessary information to answer the question and correctly references the dates mentioned in the text.,1999
What is the direction of flow of the body of water by the city sharing a border with Elizabeth Berg's birthplace?,graphrag,1,3+-hop,2026-08-21,True,The answer accurately concludes that the question cannot be answered because the retrieved contexts contain no information regarding Elizabeth Berg or her birthplace.,1773
Country A developed the ZH-29 and invaded Country B because their military branch that the Air Defense Artillery is a branch of was unprepared. Country B was the only communist country to have an embassy where?,graphrag,1,3+-hop,2026-08-21,True,All factual claims made in the answer are supported by the provided contexts.,2177
How were people from whom new coins were a proclamation of independence by the Somali Muslim Ajuran Empire expelled from the natural boundary between Thailand and Phommathat's country of citizenship?,graphrag,1,3+-hop,2026-08-21,True,The answer accurately summarizes facts from the context and correctly identifies that the specific details requested in the question are not present in the provided text.,3069
What shares a border with the city where the person who went to the state where the 951 area code is used during the gold rush works?,graphrag,1,3+-hop,2026-08-21,True,The answer accurately summarizes the relevant provided facts and correctly states that the context lacks sufficient information to fully answer the question.,2554
When did the birthplace of the Live and Beyond performer become the capitol of the state Knowles was from?,graphrag,1,3+-hop,2026-08-21,True,The response correctly identifies that the retrieved context lacks sufficient information to answer the question while accurately stating only facts supported by the text.,2909
Where does the body of water by the city where the Southeast Library designer died empty into the Gulf of Mexico?,graphrag,1,3+-hop,2026-08-21,True,The answer accurately states what is grounded in the contexts and correctly identifies the missing information regarding where Ralph Rapson died.,1984
"What country is between Lithuania and the country many expelled French Jews relocated to, along with the country of citizenship of Marie Antoinette's mother?",graphrag,1,3+-hop,2026-08-21,True,All factual statements and cited requirement references in the answer are directly supported by the retrieved contexts.,4075
Who won the Indy car race in the largest city and capitol of the state where the Oh Yeah performer is from?,graphrag,1,3+-hop,2026-08-21,False,The contexts do not mention the track or album 'Oh Yeah' nor identify Charles Mingus as its performer.,3230
"The German priest, who wanted Abraham Shimonaya's religious denomination to reform, preached a sermon on Marian devotion soon before his death in which German state?",graphrag,1,3+-hop,2026-08-21,True,"All facts in the answer, including the identification of Martin Luther, the reform of the Catholic Church, the sermon at Wittenberg, and Wittenberg's location in Saxony-Anhalt, are fully supported by ",3935
Where is the district that the person who wanted to reform and address Bernhard Lichtenberg's religion preached a sermon on Marian devotion before his death located?,graphrag,1,3+-hop,2026-08-21,True,All claims made in the answer are directly supported by the provided contexts.,4210
Where is the embassy in the only communist country whose military branch helping the Old West's inadequate local police was unprepared for invasion of the country conquered by the Pact?,graphrag,1,3+-hop,2026-08-21,True,All factual claims in the answer are supported by the retrieved contexts.,2322
How many ethnic minorities were looked at differently where the only group larger than the record label of The Lost Trident Sessions is headquartered?,graphrag,1,3+-hop,2026-08-21,False,The answer includes outside knowledge about Sony Music's headquarters in New York City that is not supported by the retrieved contexts.,2485
What is the seat of the county sharing a border with the county in which Miller Electric is headquartered?,graphrag,1,3+-hop,2026-08-21,True,The answer accurately summarizes the relevant information from the contexts and correctly concludes that the necessary details to answer the question are missing.,2009
"The People's Socialist Republic of Albania was a member of an organization which was dissolved in Country A. Who invaded the country where many expelled French Jews relocated, other than Country A?",graphrag,1,3+-hop,2026-08-21,True,"All factual statements made in the answer are directly supported by the context, and the answer accurately identifies information missing from the text.",2729
What county shares a border with the county where the singer of Hungry Eyes from the movie Dirty Dancing was born?,graphrag,1,3+-hop,2026-08-21,True,The answer accurately summarizes only the information present in the context and correctly identifies that Eric Carmen's birthplace is not provided.,1874
"A country's military branch, the equivalent of which in the US contains the Air Defense Artillery, was unprepared for the invasion of Ivo Werner's country. When was the word ""Slavs"" used in the national anthem of the unprepared country?",graphrag,1,3+-hop,2026-08-21,True,"All facts stated are supported by the retrieved contexts, and unverified elements are appropriately identified as missing.",2195
Who married the man who wanted to reform the institution behind the denomination constituting 12.6% of Christians in New Zealand?,graphrag,1,3+-hop,2026-08-21,True,"All claims regarding Roman Catholicism, Martin Luther's reform attempts, and his marriage to Katharina von Bora are directly supported by the retrieved contexts.",3070
Which county shares a border with the county where the most populous city in the state where Redan High School is located?,graphrag,1,3+-hop,2026-08-21,True,"All statements accurately reflect the provided contexts, correctly stating what information is present and acknowledging the missing information needed to answer the question.",1834
When did the city where Hillcrest High School is located become capitol of the state in which a statue of a Latin mother goddess is located?,graphrag,1,3+-hop,2026-08-21,True,"All facts, inferences, and dates are fully supported by the provided contexts.",3129
When did Burma change its name to the country on the natural boundary between the country that hosted the tournament and the country where That Dam is from?,graphrag,1,3+-hop,2026-08-21,True,"All facts regarding the tournament host, That Dam's location, Myanmar's borders, and the 1989 name change are directly supported by the retrieved contexts.",2470
What is the seat of the county sharing a border with the county where Don Werner was born?,graphrag,1,3+-hop,2026-08-21,True,The answer accurately reflects the information in the provided context and correctly notes that the contexts lack sufficient information to identify the seat of a bordering county.,2372
In which county is the city sharing a border with the capitol of the state where WYFG is located?,graphrag,1,3+-hop,2026-08-21,False,The contexts do not establish that Columbia is the state capital of South Carolina or that Forest Acres shares a border with it.,2162
When is opening day of the season of the league that the team that has the most titles from the competition they gave out MVP awards after?,graphrag,1,3+-hop,2026-08-21,True,Every claim in the answer is directly supported by the retrieved contexts.,3470
What day is the Feast in the city where the headquarters of the only group larger than Desde El Principio's record label held on?,graphrag,1,3+-hop,2026-08-21,True,The answer accurately states that the retrieved context lacks the necessary information to determine the feast date and faithfully grounds all cited intermediate facts.,1967
When did the country with a co-official language used in the film titled after the city that is the final resting place of Tito first attend the Olympics games?,graphrag,1,3+-hop,2026-08-21,False,"The answer identifies Albania and 1972 as the response to the question, which is not supported or linked by the retrieved contexts.",2849
How were the same people who the Somali Muslim Ajuran Empire declared independence from expelled from the natural boundary between Thailand and the country where That Dam is found?,graphrag,1,3+-hop,2026-08-21,True,The answer accurately states that the provided contexts lack the necessary information to answer the question and correctly summarizes only what is present in the contexts.,2232
Who's the son of the Italian navigator who explored the eastern coast of the continent Manuel Balbi was born in?,graphrag,1,3+-hop,2026-08-21,True,All factual claims made in the answer are directly supported by the retrieved contexts.,2309
What major conflict is the country between the country that hosted the tournament and the country where That Dam is from known for?,graphrag,1,3+-hop,2026-08-21,True,"The answer correctly states that the retrieved context lacks the necessary information to answer the question, and its description of the retrieved information is fully supported.",2073
In what county is the city that shares a border with the capital of the state where Levi Casey was born?,graphrag,1,3+-hop,2026-08-21,False,The retrieved context does not state where Levi Casey was born.,3068
Who won the Indy car race in the largest city and capital of the state where the performer of Tijuana Moods was born?,graphrag,1,3+-hop,2026-08-21,True,"All claims regarding Charles Mingus, Arizona, Phoenix, and the lack of specific winner information for the revived Indy car race are fully supported by the retrieved contexts.",2746
The country that Eyal Golan is from lies within a certain region. When was the area that lies immediately to the north of that region established?,graphrag,1,3+-hop,2026-08-21,True,The answer accurately summarizes the retrieved context and correctly states that the context lacks information on when the area to the north was established.,3932
How were people from whom new coins were a proclamation of independence by the Somali Muslim Ajuran Empire expelled from the natural boundary between Thailand and Muang Kasi's country?,graphrag,1,3+-hop,2026-08-21,True,The answer accurately summarizes what is stated in the contexts and correctly states that the specific details asked in the question are not present.,3206
What continent is the country located near the country of citizenship of The Book Thief's author part of?,graphrag,1,3+-hop,2026-08-21,True,The answer accurately reflects the information in the contexts while correctly identifying that Markus Zusak's citizenship is not stated.,2169
When was the region that lies to the north of where Israel is located and where Shamal is located established?,graphrag,1,3+-hop,2026-08-21,True,All factual claims and citations are directly supported by the retrieved contexts.,4112
"During British rule, what wood product was produced primarily in the country between the country that hosted the tournament and the country where That Dam is from?",graphrag,1,3+-hop,2026-08-21,True,"The answer accurately states that the retrieved contexts do not provide sufficient information to determine the wood product, while correctly citing and interpreting the available facts.",2053
There is a state A where Storm of the Century was filmed based on the book by the author who wrote a short story featuring the author of This Is My God. What is the population of state A?,graphrag,1,3+-hop,2026-08-21,True,"All factual claims regarding Storm of the Century, Herman Wouk, Stephen King, and Maine's population are supported by the retrieved contexts.",2978
"In 1900, what was the population of the second largest city in the state where the Oh Yeah performer is from?",graphrag,1,3+-hop,2026-08-21,True,The answer accurately states that the provided contexts lack the necessary information to answer the question.,2510
"Among the top five largest urban areas in the state Jacoby Shaddix' band formed in, where does the city Veoh's headquarters are located rank?",graphrag,1,3+-hop,2026-08-21,True,"All claims regarding the band's state of origin, Veoh's headquarters location, and San Diego's ranking among California's urban areas are directly supported by the retrieved contexts.",2369
"The German priest, who wanted Jean Hengen's religious denomination to reform, preached a sermon on Marian devotion a month before his death in what German state?",graphrag,1,3+-hop,2026-08-21,True,All factual claims and citations are directly supported by the retrieved contexts.,3919
What year did the country that is the natural boundary between where tournament was hosted and where That Dam is located host the ASEAN Conference?,graphrag,1,3+-hop,2026-08-21,True,"All facts and cited requirement chunks are fully supported by the retrieved contexts, and ungrounded inferences are appropriately caveated.",2389
Who won the Indy car race in the largest city and the capital of the US state of origin of the performer of The Black Saint and the Sinner Lady?,graphrag,1,3+-hop,2026-08-21,True,"All claims in the answer are directly supported by the retrieved contexts, and it accurately notes that the winner is not identified.",3308
"Despite being located in East Belgium, the Carnival of the birth place of Guido Maus harks purely to an area. What was the language having the same name as this area of the era with Fastrada's spouse's name later known as?",graphrag,1,3+-hop,2026-08-21,True,All claims in the answer are accurately supported by the provided text chunks.,2616
How were people from whom new coins were a proclamation of independence by the Somali Muslim Ajuran Empire expelled from the natural boundary between Thailand and A Magne's country?,graphrag,1,3+-hop,2026-08-21,True,The answer accurately summarizes the facts found in the retrieved context and correctly identifies that the specific information needed to fully answer the question is missing.,2725
In which county is the city sharing a border with the capitol of the state that won the Battle of Sullivan's Island?,graphrag,1,3+-hop,2026-08-21,False,"The answer claims the context does not identify South Carolina's capital, directly contradicting several retrieved chunks that state Charleston lost the status of state capital to Columbia.",3029
Who won the Indy Car Race in the largest populated city of the state where the performer of Tijuana Moods is from?,graphrag,1,3+-hop,2026-08-21,True,"All facts and citations are directly supported by the retrieved contexts, and the answer correctly identifies that the context does not state the winner of the race.",2680
What movement did the person who wanted to reform and address the church that the general population converted to lead?,graphrag,1,3+-hop,2026-08-21,True,All statements and references in the answer are directly supported by the retrieved contexts.,3819
"Among the top five largest urban areas in the state where Infest's performer was formed, where does Tammy Leitner's birth city rank?",graphrag,1,3+-hop,2026-08-21,True,Every claim in the answer is accurately cited and directly supported by the retrieved contexts.,2232
When was the most recent Bicycle Friendly Community Award given to the city where the headquarters of the only group larger than the company BMG partnered with in 2005-07?,graphrag,1,3+-hop,2026-08-21,True,"All factual claims regarding company relationships, locations, and the Bicycle Friendly Community Award dates are directly supported by the retrieved contexts.",3109
"A country gained control of Florida after the war in which Charles Edmund Nugent saw action. Besides their locations in that country, what other differences are there between Real Madrid and the football team from the city where Aleran died?",graphrag,1,3+-hop,2026-08-21,True,All factual claims made in the answer are supported by the retrieved contexts.,2507
A group of nations of which the People's Socialist Republic of Albania was a member was controlled by one country. When did that country agree to a unified Germany inside of the organization Eisenhower would not discuss during the campaign?,graphrag,1,3+-hop,2026-08-21,True,All facts in the answer are directly supported by the retrieved contexts.,2676
There is a video game named after the sports association that chooses where the super bowl is held. What was Nintendo's limit on games per developer per year on that game's platform?,graphrag,1,3+-hop,2026-08-21,True,"All claims are accurately supported by the retrieved contexts, which identify the NFL, the NES game NFL, and the five games per year limit.",3515
Where is the district that the person who wanted to reform and address the religion that practices candidacy preach a sermon on Marian devotion before his death located?,graphrag,1,3+-hop,2026-08-21,True,All facts and citations in the answer are directly supported by the retrieved contexts.,3617
what is the largest city the country that is a natural boundary between the country that hosted the tournament and the country That Dam is located?,graphrag,1,3+-hop,2026-08-21,True,The answer accurately states that the retrieved context lacks sufficient information to answer the question and only summarizes supported details.,1957
"During British rule, what wood was mostly produced in the nation that's the boundary between the host of the 2020 AFC U-23 Championship qualification, and the nation containing A Don?",graphrag,1,3+-hop,2026-08-21,True,"All factual claims made in the answer are strictly supported by the retrieved contexts, and ungrounded elements are appropriately acknowledged.",2677
"What were the Genesis's advantages over the platform with a three letter abbreviation, that had a video game named after the league in charge of the Super Bowl halftime show?",graphrag,1,3+-hop,2026-08-21,True,"All factual claims regarding the NFL, the NES, and the Genesis's advantages over the NES (16-bit architecture, improved graphics, and sound) are directly supported by the context.",3185
What shares a border with the city where the person who went to the state where the planes were originally going on 9/11 during the gold rush works?,graphrag,1,3+-hop,2026-08-21,True,The answer correctly determines that the provided contexts lack the necessary information to answer the question.,2259
who has had the most hits in the league that includes the team that has played the most games of the type played just before the league MVP is awarded?,graphrag,1,3+-hop,2026-08-21,True,All factual claims made in the answer are accurate and supported by the retrieved contexts.,3676
Which county shares a border with the county where the most populous city in the state where WSFN can be found is located?,graphrag,1,3+-hop,2026-08-21,True,The answer accurately cites facts from the retrieved context and correctly notes that the necessary county border details are missing.,1963
"When did the city that WIZE is licensed to broadcast to, become the capital of the state, that contains the county where the Battle of Rich Mountain occurred?",graphrag,1,3+-hop,2026-08-21,True,The answer accurately cites the retrieved contexts and correctly identifies that the context lacks sufficient information to answer the question.,2129
New coins by the Somali Muslim Ajuran Empire were a proclamation of independence from a nation. How were the people of that nation expelled from country that borders Thailand and Ban Nampo village's country?,graphrag,1,3+-hop,2026-08-21,True,The answer accurately states what is supported by the contexts and correctly identifies that the full details to answer the question are missing.,3048
Which county shares a border with the county where the city in which the original singer of All By Myself was born is located?,graphrag,1,3+-hop,2026-08-21,True,The answer accurately summarizes the available information in the context and correctly identifies that the necessary details regarding the singer's birthplace county and its bordering county are miss,2286
Who won the Indy car race in the largest city and capitol of the state where the Changes Two performer is from?,graphrag,1,3+-hop,2026-08-21,False,The contexts do not mention 'Changes Two' or connect it to Charles Mingus in [MQ-177-P05].,3175
When was the most recent Bicycle Friendly Community Award given to the city where the only group larger than the record label of Desde El Principio is headquartered?,graphrag,1,3+-hop,2026-08-21,True,All factual claims made in the answer are accurate and fully supported by the retrieved contexts.,2654
Who is the chief judge of Fred Aghogho Brume's birthplace?,graphrag,2,1-hop,2026-08-21,True,The answer accurately states that the birthplace is not provided in the context and correctly cites only facts present in the retrieved texts.,1302
Who constituted the freikorps in the country that the German Socialist Party was part of?,graphrag,2,1-hop,2026-08-21,True,The answer is fully supported by the provided contexts regarding the German Socialist Party and the composition of the Freikorps.,2087
Who did the Huguenots in the state primary Edwards won outside of Georgia buy land from?,graphrag,2,1-hop,2026-08-21,True,All factual claims made in the answer are directly supported by the retrieved contexts.,2262
Where was Mary's betrothed born?,graphrag,2,1-hop,2026-08-21,True,The contexts identify Joseph as Mary's betrothed but do not state where he was born.,2479
The island where they filmed ninja warrior in Australia is located in what harbor?,graphrag,2,1-hop,2026-08-21,True,The answer accurately states that Australian Ninja Warrior was filmed on Cockatoo Island and that the island is located in Sydney Harbour based on the provided contexts.,2273
Who is the mother of the founder of Mormonism?,graphrag,2,1-hop,2026-08-21,True,All claims and citations regarding Joseph Smith as the founder of Mormonism and Lucy Mack Smith as his mother are directly supported by the context.,2297
"Who wrote ""Turn Me On"" by performer of ""Happy Pills""?",graphrag,2,1-hop,2026-08-21,True,All facts and cited references in the answer are fully supported by the retrieved contexts.,1645
"Who wrote the song ""The Story"" that is sung by the performer of ""That Wasn't Me""?",graphrag,2,1-hop,2026-08-21,True,All claims regarding the songwriter of 'The Story' and the performer of 'That Wasn't Me' are accurately supported by the retrieved contexts.,1452
Who did Hayek work for upon being hired by the author of Omnipotent Government?,graphrag,2,1-hop,2026-08-21,True,The answer accurately reflects the context stating that Hayek was hired by Ludwig von Mises (the author of Omnipotent Government) to work for the Austrian government.,2229
Who is the brother of the Nothin' My Love Can't Fix performer?,graphrag,2,1-hop,2026-08-21,False,The contexts do not state that Matthew Lawrence is the brother of Joey/Joseph Lawrence.,1797
Who introduced a system of musical notation in the 14th century that is used in the area where most of the invasion of the eastern Roman Empire took place?,graphrag,2,1-hop,2026-08-21,True,All claims are accurately supported by the provided text chunks MQ-010-P01 and MQ-010-P15.,2415
What other county does the county where Imperial is located share a border with?,graphrag,2,1-hop,2026-08-21,True,The answer correctly cites the provided context regarding Imperial's location in Pecos County and introduces no unsupported external facts.,2879
The author of Alciphron lived in what century?,graphrag,2,1-hop,2026-08-21,True,The answer accurately states that the retrieved context contains no information about Alciphron or its author.,2556
What publisher was formed from the owner of the The Daily News?,graphrag,2,1-hop,2026-08-21,True,The answer accurately cites and synthesizes information from the provided contexts regarding The Daily News's owner and its merger into Digital First Media.,1480
What is the date of birth for the performer of Unbreakable?,graphrag,2,1-hop,2026-08-21,True,"The answer accurately cites the context stating that James Cottriall, the performer of Unbreakable, was born on 1 January 1986.",1800
Who was in charge of the province which contains Zeevang?,graphrag,2,1-hop,2026-08-21,True,All claims regarding Zeevang being in North Holland and Johan Remkes serving as the King's Commissioner of North Holland are fully supported by the retrieved contexts.,1356
Who played king whose regal Name did Albert Adopt in the king's speech?,graphrag,2,1-hop,2026-08-21,True,All claims in the answer are accurate and fully supported by the provided contexts.,2134
What county was Tim Dubois born in?,graphrag,2,1-hop,2026-08-21,True,"All facts, including Tim DuBois's birthplace in Southwest City and its location within McDonald County, are directly supported by the retrieved contexts.",1895
What was the story that included the character from The Bourne Betrayal based on?,graphrag,2,1-hop,2026-08-21,True,All claims and citations in the answer are accurately supported by the retrieved contexts.,2016
Where is the province of Gonbad-e Qabus County located?,graphrag,2,1-hop,2026-08-21,True,All claims regarding the location of Gonbad-e Qabus County and Golestan Province are fully supported by the retrieved contexts.,1618
"What record label released the debut album of the artist behind the 1993 album ""Let There be Love"".",graphrag,2,1-hop,2026-08-21,True,All facts regarding Joni James and her debut album release by MGM Records are directly supported by the retrieved contexts.,1700
What company is the college where Wolf V. Vishniac studied a part of?,graphrag,2,1-hop,2026-08-21,True,All statements in the answer are directly supported by contexts MQ-021-P14 and MQ-021-P04.,1874
Where did the painter of The Mud Bath study?,graphrag,2,1-hop,2026-08-21,True,All claims regarding the painter of The Mud Bath and where he studied are fully supported by the retrieved contexts.,1690
What university did the author of 1967: The Last Good Year attend?,graphrag,2,1-hop,2026-08-21,True,All facts stated in the answer are directly supported by the retrieved context chunks.,1735
What is the parent company of the record label releasing Cold Turkey?,graphrag,2,1-hop,2026-08-21,True,"The answer is fully supported by contexts MQ-024-P01 and MQ-024-P13, which confirm Cold Turkey was released on Apple Records and Apple Records is a division of Apple Corps Ltd.",1709
What month did the person who retained trust in Longchamp go away to the Holy Land?,graphrag,2,1-hop,2026-08-21,True,All statements and citations are fully supported by the provided contexts.,1991
What is the mascot of William J. Ripple's university?,graphrag,2,1-hop,2026-08-21,True,All facts stated in the answer are directly supported by the retrieved contexts.,2246
What year did the author of The First Blast of the Trumpet Against the Monstruous Regiment of Women die?,graphrag,2,1-hop,2026-08-21,True,All facts and cited IDs in the answer are directly supported by the retrieved contexts.,1953
Who is the king that translated the Bible and was on the throne when MacBeth was written?,graphrag,2,1-hop,2026-08-21,True,All factual statements made in the answer are directly supported by the retrieved contexts.,2184
"What shares a border with the administrative territorial entity Radwanice, Polkowice County is located in?",graphrag,2,1-hop,2026-08-21,True,The answer accurately states that the retrieved contexts do not provide information on the entities bordering Polkowice County or Lower Silesian Voivodeship.,1574
What record label did the performer of The Place and the Time belong to?,graphrag,2,1-hop,2026-08-21,True,All factual claims and citations are directly supported by the retrieved contexts.,2598
Who is the president of the group Kim Un-yong is a member of?,graphrag,2,1-hop,2026-08-21,False,"The answer falsely claims the context does not identify the president of the WTF and that Thomas Bach is the only president named, contradicting chunk MQ-031-P14 which names Chungwon Choue.",2638
Who wrote the song sung by the performer of The Story?,graphrag,2,1-hop,2026-08-21,True,"The answer accurately states that Brandi Carlile performed 'The Story' and Phil Hanseroth wrote it, which directly reflects the provided context.",1618
Who is the spouse of the famous governor signing legislation in honor of Donda West's death?,graphrag,2,1-hop,2026-08-21,True,All claims regarding the governor who signed the Donda West Law and his spouse Maria Shriver are directly supported by the retrieved contexts.,1622
What is the name of the game reserve in the country where hunters spend 50 to 100 times more than the average ecotourist?,graphrag,2,1-hop,2026-08-21,True,Every claim in the answer is fully supported by the provided contexts.,1788
"In 1990, who became the president of the country that Germany invaded?",graphrag,2,1-hop,2026-08-21,True,All factual statements made in the answer are supported by the provided context chunks.,2390
What team is the highest goal scorer in the EPL a member of?,graphrag,2,1-hop,2026-08-21,True,"All facts in the answer, including Alan Shearer's goal record and former clubs as well as Mohamed Salah's season tally and club, are directly supported by the retrieved contexts.",2254
Who was the spouse of the British queen?,graphrag,2,1-hop,2026-08-21,True,"All facts, including Queen Elizabeth II's marriage to Philip Mountbatten, Duke of Edinburgh, are directly supported by context chunk MQ-037-P01.",2526
"The author of the novel ""2030"" was nominated for what award for his role in ""Broadcast News""?",graphrag,2,1-hop,2026-08-21,True,Every claim in the answer is directly supported by the retrieved contexts [MQ-038-P12] and [MQ-038-P16].,1584
Who is the spouse of the person who does the voice for Smokey the Bear?,graphrag,2,1-hop,2026-08-21,True,The answer accurately reflects the retrieved contexts by identifying the voice actors and stating that information regarding their spouses is not provided.,2173
Who is the child of the Victim of Romance performer?,graphrag,2,1-hop,2026-08-21,True,The answer accurately cites Michelle Phillips as the performer of Victim of Romance and Chynna Phillips as her child based on the retrieved contexts.,2742
What was the last year of the Castle of Riddles publisher?,graphrag,2,1-hop,2026-08-21,True,All factual claims regarding Acornsoft publishing Castle of Riddles and ceasing operations in 1986 are fully supported by the retrieved contexts.,2770
Who founded what Robert J Chassell is a member of?,graphrag,2,1-hop,2026-08-21,False,"The answer contradicts the context by claiming it does not state who founded the Free Software Foundation, whereas [MQ-042-P10] identifies Richard Stallman as its founder.",2050
Who did the star of Dark Hazard play in The Ten Commandments?,graphrag,2,1-hop,2026-08-21,True,All facts stated in the answer are directly supported by the retrieved contexts.,1780
with what movie did Mary Philips' husband win his only oscar?,graphrag,2,1-hop,2026-08-21,True,The answer is fully supported by the retrieved contexts.,1709
At what local time does the country where Fuser and Alberto meet the indigenous couple traveling to look for work change their clocks for DST?,graphrag,2,1-hop,2026-08-21,True,All facts stated in the answer are directly supported by the retrieved contexts.,2178
"Along with Kenny G and the performer of Off the Beaten Path, what artist was featured on smooth jazz stations?",graphrag,2,1-hop,2026-08-21,True,All claims in the answer are directly supported by the retrieved contexts.,1190
Where does Hala El Badry's university rank according to QS World University Rankings?,graphrag,2,1-hop,2026-08-21,True,All factual claims in the answer are directly supported by the retrieved contexts.,1602
What is the experimental satellite being forerunner to communication satellite of INSAT-4CR's manufacturer called?,graphrag,2,1-hop,2026-08-21,True,The answer accurately states that the retrieved context lacks sufficient information to verify INSAT-4CR's manufacturer while accurately referencing the details available about ATS-6.,1857
When did the stalemate happen in the war where UN troops approached the Yalu River?,graphrag,2,1-hop,2026-08-21,True,All claims regarding the timing of the stalemate in the Korean War are directly supported by the retrieved contexts.,2464
What league does the team that uses Dick's Sporting Goods Park play for?,graphrag,2,1-hop,2026-08-21,True,"The answer accurately states that Dick's Sporting Goods Park is home to the Colorado Rapids and that they play in Major League Soccer (MLS), fully supported by the cited contexts.",1463
Who was the first president in the country where the Kamchatka Peninsula is located?,graphrag,2,1-hop,2026-08-21,True,All claims in the answer are accurate and fully supported by the provided context chunks.,2609
When was Q1 who was impeached in england for acts committed as governor general of india impeached?,graphrag,2,1-hop,2026-08-21,True,All claims regarding Warren Hastings and the dates of his impeachment are fully supported by the contexts.,1999
"This cast member in ""Search for the Gods"" also plays a character in which film?",graphrag,2,1-hop,2026-08-21,True,"All claims regarding Kurt Russell's appearances in Search for the Gods, Deepwater Horizon, and The Hateful Eight are directly supported by the retrieved contexts.",2341
Who is the child of the creator of A Distinguished Member of the Humane Society?,graphrag,2,1-hop,2026-08-21,True,The answer accurately states that the retrieved context identifies the creator as Sir Edwin Henry Landseer but does not contain information about his child.,2055
What was the population of the European country the Huguenots felt kinship for emigration to before this emigration?,graphrag,2,1-hop,2026-08-21,True,All factual claims and citations in the answer are directly supported by the retrieved contexts.,2411
What company was formed after a merger of the company that built ASM-N-5 Gorgon V?,graphrag,2,1-hop,2026-08-21,True,All factual claims and citations in the answer are directly supported by the retrieved contexts.,1744
"According to Pew, in 2010, what percent of Nigeria's population practiced the religion dominant in the countries surrounding Armenia?",graphrag,2,1-hop,2026-08-21,True,All factual claims regarding the regional context of Armenia and the Pew 2010 statistics for Nigeria's Muslim population are supported by the provided text.,2849
From where do buses leave the city CKIS-FM serves?,graphrag,2,1-hop,2026-08-21,True,All claims in the answer are supported by the retrieved contexts MQ-058-P10 and MQ-058-P00.,1699
Who is the child of Sigrid Eskilsdotter's child?,graphrag,2,1-hop,2026-08-21,False,"The contexts state that Sigrid Eskilsdotter was the maternal grandmother of King Gustav Vasa, but do not state that Christina Gyllenstierna was Gustav Vasa's mother.",1758
This is an instance of who was named commander in chief of texas forces by the new national government of texas National Forest?,graphrag,2,1-hop,2026-08-21,True,The answer accurately reflects the contents of context [MQ-060-P00] while appropriately noting the limitations of the text.,1666
Who is a cast member of the show that contains the character Michael Knight?,graphrag,2,1-hop,2026-08-21,True,The answer accurately identifies Knight Rider and David Hasselhoff as playing Michael Knight based directly on context MQ-061-P11.,1656
Who was the first black student admitted to where Robert Khayat was educated?,graphrag,2,1-hop,2026-08-21,True,All claims regarding Robert Khayat's education and James Meredith being the first black student admitted to the University of Mississippi are fully supported by the contexts.,1682
What is the maximum amount of load that can be drawn by the device where 1.1 was the first widely used version?,graphrag,2,1-hop,2026-08-21,True,"All facts, including the identification of USB 1.1 and the load limits for USB versions, are directly supported by the context.",2903
"Who employs the author of ""Ravenswood: The Steelworkers' Victory and the Revival of American Labor""?",graphrag,2,1-hop,2026-08-21,True,The answer accurately identifies Kate Bronfenbrenner as the author and Cornell University School of Industrial and Labor Relations as her employer based on the retrieved contexts.,1353
"Why was Common Sense, by the same author as Rights of Man, an important work?",graphrag,2,1-hop,2026-08-21,True,All statements in the answer are directly supported by the retrieved contexts.,2298
Who was the spouse of the person the Bible says was the first king of Israel?,graphrag,2,1-hop,2026-08-21,True,The answer accurately identifies Saul as the first king and Ahinoam as his wife based directly on the provided contexts.,1615
The native country of emu birds started conscription. This occurred during the war depicted in The Things They Carried. What year did the draft start?,graphrag,2,2-hop,2026-08-21,True,All factual claims in the answer are directly supported by the retrieved contexts.,2071
In the Arabic dictionary what is the meaning of the word that also refers to the majority religion in India when the country containing the Neolithic graveyards was created?,graphrag,2,2-hop,2026-08-21,True,The answer accurately acknowledges the absence of the requested dictionary definition while correctly summarizing only the factual details directly supported by the context.,3126
"When did the party that had majorities in Congress prior to the 1954 elections, take control of the organization that determines the rules of the US house and US senate?",graphrag,2,2-hop,2026-08-21,True,The answer accurately reflects the provided context and correctly identifies that the context lacks sufficient information to fully answer the question.,2808
When did the party holding the majority in the House of Representatives take control of the determiner of rules of the House and Senate?,graphrag,2,2-hop,2026-08-21,True,The answer accurately reflects the provided contexts and correctly notes that the specific information requested is not present.,1892
When was the death penalty reinstated in the state that contains the county where Howard Mill is located?,graphrag,2,2-hop,2026-08-21,True,The answer accurately uses the context to identify that Howard Mill is in California and correctly states that information regarding California's reinstatement of the death penalty is not provided.,2216
What does SEAL stand for in the military group that is part of the branch that operates the USS Askari?,graphrag,2,2-hop,2026-08-21,True,All claims regarding the definition of SEAL and the branch operating USS Askari are directly supported by the retrieved contexts.,2139
"Who was the first elected president of the country where, along with the nation where Ágnes Konkoly is from, many expelled French Jews relocated to?",graphrag,2,2-hop,2026-08-21,True,"All facts, citations, and deductions in the answer are directly supported by the retrieved contexts.",3301
What was Nintendo's limit on games per developer per year on the platform of Nightshade?,graphrag,2,2-hop,2026-08-21,True,"All facts in the answer, including the NES platform, the five games per year limit, and the mention of Ultra Games, are supported by the provided contexts.",3146
The population of the country that worked with the outfit behind Man in Space Soonest numbers how much?,graphrag,2,2-hop,2026-08-21,False,"The context states that Jews account for 75.4% of the Israeli population, or 6 million people, not that the total population of the country is 6 million people.",2442
How many times did the plague occur in the city where the painter of The Bacchanal of the Andrians died?,graphrag,2,2-hop,2026-08-21,True,All statements in the answer accurately reflect the provided contexts and correctly note the missing information regarding where Titian died.,3122
"What UK label was bought by the broadcast company that, along with ABC and the original network of Undercovers, is one of the major broadcasters based in New York?",graphrag,2,2-hop,2026-08-21,True,"All facts, including Undercovers airing on NBC, the major New York broadcast networks, and CBS acquiring Oriole Records for UK distribution, are fully supported by the contexts.",1941
What time do alcohol sales begin in the largest state of the region where the fictional Gilead is located in The Handmaid's Tale?,graphrag,2,2-hop,2026-08-21,True,All facts and cited requirement IDs are fully supported by the retrieved contexts.,1902
How many people live in the largest state of the region where The Family Stone takes place?,graphrag,2,2-hop,2026-08-21,True,Every claim in the answer is directly supported by the retrieved contexts.,2915
"Where do greyhound buses depart from, in the city where the performer of Sleep Is the Enemy was formed?",graphrag,2,2-hop,2026-08-21,True,The answer accurately states that the performer is not mentioned in the context and faithfully reports the bus terminal information present in the sources.,2503
When did the majority party of the branch of government that the President calls to support appointments to the USAF gain control in the House?,graphrag,2,2-hop,2026-08-21,True,All factual statements and requirement citations in the answer are directly supported by the retrieved contexts.,2701
"What mountains can you see from Portland, in the state with the county where McCauley Mountain is located?",graphrag,2,2-hop,2026-08-21,True,"The answer accurately reflects the information in the context, cites valid context IDs, and correctly notes the limitation regarding Portland, Pennsylvania.",2097
When did the luxury division of the maker of the Toyopet Master change the body style of the rx 350?,graphrag,2,2-hop,2026-08-21,True,"All claims regarding Toyota, Lexus, and the RX 350 facelift dates are fully supported by the retrieved contexts.",3417
In what region of the country containing the district of A Lưới is the city that has the Zone 5 Military Museum located?,graphrag,2,2-hop,2026-08-21,True,All claims regarding the locations and regions are directly supported by the retrieved contexts.,2078
Who is the wife of the man who produced the documentary of the pop star who influenced Beyonce?,graphrag,2,2-hop,2026-08-21,True,"All claims regarding Michael Jackson influencing Beyoncé, David Gest producing the documentary, and Liza Minnelli being Gest's wife are directly supported by the contexts.",2941
How long had the city where Qing lost in 1853 been the capital of the administrative territorial entity Guangling District is located?,graphrag,2,2-hop,2026-08-21,True,All facts and claims in the answer are directly supported by the retrieved contexts.,2323
"When is Celebrity Big Brother coming to the network which, along with ABC and the network which aired Law of the Plainsman, is the other major broadcaster based in NY?",graphrag,2,2-hop,2026-08-21,True,All facts and cited requirement IDs in the answer are directly supported by the retrieved contexts.,2050
Who owns the record label where the singer of All Right records?,graphrag,2,2-hop,2026-08-21,True,All claims are accurately supported by the provided text chunks.,2694
"In what region of the country where Châu Đức is found, is the birthplace of John Phan?",graphrag,2,2-hop,2026-08-21,True,"All factual claims regarding John Phan's birthplace, Châu Đức's country, and the region of Da Nang are fully supported by the retrieved contexts.",1603
When was the last time the team that Terry Twell was a member of beat the 194-95 winner of the FA Cup?,graphrag,2,2-hop,2026-08-21,False,The contexts do not state that Aston Villa was the winner of the 1894–95 FA Cup.,3444
"What dissolved the privileges in Poland of the empire that the British sided with against the Ottomans, the Kingdom that acquired some Thuringian territory in 1815, and the Habsburg Monarchy?",graphrag,2,2-hop,2026-08-21,True,All claims in the answer are directly supported by the cited context passages.,2956
"How were the people that the Somali Muslim Ajuran Empire made coins to proclaim independence from, expelled from the country that Minyekyawdin lived in?",graphrag,2,2-hop,2026-08-21,True,The answer accurately cites the context regarding the Portuguese and correctly states that the context lacks sufficient information regarding Minyekyawdin.,2295
How many times did the plague occur in the birth city of the composer of Scanderbeg?,graphrag,2,2-hop,2026-08-21,True,The answer accurately cites the provided contexts and correctly notes that the composer's birth city is not mentioned in the text.,3271
Who is the president of the newly declared independent country that is part of the Commission of Truth and Friendship with the country where Jenggawah is located?,graphrag,2,2-hop,2026-08-21,True,All facts stated in the answer are directly supported by the cited context chunks.,3449
"When did Nissan, the Acura Legend maker and the Scion Fuse manufacturer open US assembly plants?",graphrag,2,2-hop,2026-08-21,True,All statements regarding the manufacturers and the timing of opening US assembly plants are directly supported by the retrieved contexts.,3360
Where do greyhound buses leave from the in the city where the headquarters of the production company which produced A Cosmic Christmas is located?,graphrag,2,2-hop,2026-08-21,True,"The answer accurately states that the retrieved context lacks information about the production company of A Cosmic Christmas, and the provided details about Philadelphia's terminal are directly suppor",2601
When did the headquarters city of the Blanton's manufacturer elect its first black mayor?,graphrag,2,2-hop,2026-08-21,True,The answer accurately summarizes what information is present and correctly identifies that the manufacturer's headquarters city is not provided in the context.,2116
What does seal stand for in the U.S. military branch that operates a list of destroyer classes and the USS Stag?,graphrag,2,2-hop,2026-08-21,True,All claims regarding what SEAL stands for and the United States Navy's connection to USS Stag and the list of destroyer classes are fully supported by the retrieved contexts.,2145
In what region of Phu Luong's country is John Phan's birthplace located?,graphrag,2,2-hop,2026-08-21,True,All claims regarding John Phan's birthplace and its location in the South Central Coast region of Vietnam are fully supported by the retrieved contexts.,2041
Which opera company is based in the city where the Yongle Emperor greeted the leader that the edict was addressed to?,graphrag,2,2-hop,2026-08-21,True,"The answer accurately states that the contexts identify the city as Nanjing and the leader as Deshin Shekpa, but do not contain information regarding any opera company.",2033
"What is the average daytime temperature in the region where Richmond is found, in the state where WGCK-FM is located?",graphrag,2,2-hop,2026-08-21,True,The answer accurately reflects the information in the contexts and correctly notes that the daytime temperature for the Piedmont region of Virginia is missing.,2270
"Besides the body of water by the city where Erwin Speckler died, and the Irish Channel, what else was lowered in the last cold phase?",graphrag,2,2-hop,2026-08-21,True,All claims in the answer are directly supported by the retrieved contexts.,2191
Who played who sang is she really going out with him in the who influenced Beyonce movie?,graphrag,2,2-hop,2026-08-21,True,"All claims in the answer are fully supported by the retrieved contexts, which correctly note the limitations of the provided text.",3510
"When did the people who first imported slaves to New York, come to the country where Lord of the Rings was filmed?",graphrag,2,2-hop,2026-08-21,True,All factual claims and logical steps in the answer are directly supported by the retrieved contexts.,2434
When did the party who gained control of congress in the midterm elections in 1946 take control of the determiner of rules of the US House and US Senate?,graphrag,2,2-hop,2026-08-21,True,The answer accurately summarizes the available context and correctly identifies that the specific convening date and Senate control information following the 1946 elections are missing.,2695
Which missionary helped spread the religion widely practiced in region having the second largest rain-forest in the world?,graphrag,2,2-hop,2026-08-21,True,"All claims regarding the region, the widely practiced religion, and the Sufi missionaries are directly supported by the retrieved contexts.",2062
When did the luxury division of the manufacturer of the Scion bbX change the body style of the rx 350?,graphrag,2,2-hop,2026-08-21,True,"All facts and cited dates regarding Toyota, Lexus, and the RX 350 facelift timeline are directly supported by the retrieved context.",3267
When was the last time Peter Till's sports team beat the winner of the 1894-95 FA Cup?,graphrag,2,2-hop,2026-08-21,True,The answer accurately states that the retrieved context lacks sufficient information to determine the winner of the 1894-95 FA Cup and correctly summarizes only facts present in the text.,2983
What other types of theater performance are seen in the city where the Yongle emperor greeted the person to whom the edict was addressed?,graphrag,2,2-hop,2026-08-21,True,"All claims regarding the city of Nanjing, the Karmapa, and the various theater performance types are directly supported by the retrieved contexts.",3279
Where do Greyhound buses leave from in the city where the band that recorded the album I'm Alive and on Fire formed?,graphrag,2,2-hop,2026-08-21,True,All factual claims and citations in the answer are directly supported by the retrieved contexts.,2650
"How were the people that the Somali Muslim Ajuran Empire made coins to proclaim independence from, expelled from the country where Mohinga is eaten?",graphrag,2,2-hop,2026-08-21,True,"All claims are directly supported by the retrieved contexts, and the answer correctly identifies that the specific details requested are not in the context.",2284
Where do greyhound buses leave from in the city where the headquarters of Care Bears: Journey to Joke-a-lot's production company is located?,graphrag,2,2-hop,2026-08-21,True,"All claims are supported by the retrieved contexts, and the answer accurately acknowledges the missing headquarters location.",2254
What does seal stand for in the operator of the list of destroyer classes of the operator of the USS Acme seals?,graphrag,2,2-hop,2026-08-21,True,Every claim in the answer is directly supported by the retrieved contexts.,2048
"What was the form of the language that the last name Sylvester comes from, used in the era of the first Holy Roman Emperor, later known as?",graphrag,2,2-hop,2026-08-21,True,All facts in the answer are directly supported by the provided contexts.,2086
How many times did plague occur in the place where Bajazet's composer was born?,graphrag,2,2-hop,2026-08-21,True,The answer accurately reflects the information in the context and correctly identifies that the composer's birthplace is not stated in the text.,3266
"When did the maker of the Acura Legend, the manufacturer of Toyopet Master, and Nissan open US assembly plants?",graphrag,2,2-hop,2026-08-21,True,"All facts, mappings, and timeline details are directly supported by the retrieved contexts.",3415
"What month did the Tripartite discussions begin between Britain, France, and the country where, despite being headquartered in the nation called the nobilities commonwealth, the top-ranking Warsaw Pact operatives originated?",graphrag,2,2-hop,2026-08-21,True,All factual claims in the answer are supported by the provided context.,2810
The Beach was filmed in what location of the country that contains the birth city of Siddhi Savetsila?,graphrag,2,2-hop,2026-08-21,True,All claims regarding the birth city of Siddhi Savetsila and the filming location of The Beach are supported by the retrieved contexts.,1974
Who played who sang is she really going out with him in the composer of speechless movie?,graphrag,2,2-hop,2026-08-21,True,All statements correctly reflect the retrieved contexts and accurately acknowledge the lack of information connecting the items to a movie composer.,2936
When does the sport which has Jim Wilson's Cleveland team as a member start the regular season?,graphrag,2,2-hop,2026-08-21,True,All facts stated in the answer are directly supported by the retrieved contexts.,2025
When did the city where the headquarters of Barton Premium Blend's manufacturer is located elect its first black mayor?,graphrag,2,2-hop,2026-08-21,True,"The answer accurately reflects the information in the context, including the acknowledgment that Sazerac's headquarters location is not specified, while citing the election timeline for New Orleans.",1965
When did the luxury division of the largest auto company in the world change the body style of the rx 350?,graphrag,2,2-hop,2026-08-21,True,"All facts and cited dates regarding Toyota, Lexus, and the RX 350 facelift are directly supported by the retrieved contexts.",3213
What is the name of the famous bridge in the birthplace of Gloria in D Major's composer?,graphrag,2,2-hop,2026-08-21,False,The retrieved contexts do not state or verify that Venice is Antonio Vivaldi's birthplace.,2410
What is the region of the country of Sa Thầy and the territory of the Zone 5 Military Museam located?,graphrag,2,2-hop,2026-08-21,True,All claims regarding the locations and regions are directly supported by the cited contexts.,1880
Who played the man named identically to the singer of Is She Really Going Out With Him in the movie about the composer of Speechless?,graphrag,2,2-hop,2026-08-21,True,All factual claims made in the answer are fully supported by the provided context.,3267
What is the abbreviated form of the name of the country where Alfred Kurella hails from?,graphrag,2,2-hop,2026-08-21,True,The answer accurately uses the provided contexts to state that Alfred Kurella was from East Germany and that the abbreviation for East Germany is GDR.,2035
Who is the president of the newly declared independent country that formed the Timor Leste Commission of Truth and Friendship with the country where Pantar is found?,graphrag,2,2-hop,2026-08-21,True,All factual statements in the answer are directly supported by the retrieved context.,2817
"What franchise of the pro soccer organization headquartered in New York, is based in the city that produced the album considered the true portrait of the No Wave movement?",graphrag,2,2-hop,2026-08-21,True,"All factual claims regarding Major League Soccer, the No Wave movement album, and New York City FC are directly supported by the retrieved contexts.",2527
How many square miles is the city where the Yongle emperor greeted the person to whom the edict was addressed?,graphrag,2,2-hop,2026-08-21,True,The answer accurately summarizes what information is present in the context and correctly identifies that Nanjing's area in square miles is not provided.,2326
What country has the border troops of the country of the literature of the country of Karl Maron citizenship?,graphrag,2,2-hop,2026-08-21,True,"Every claim in the answer is fully supported by the retrieved contexts, citing East Germany as the relevant country across all steps.",2179
"Who is the actress who plays the role of the Queen of England in 1890, on the network that aired The Dinosaurs!?",graphrag,2,2-hop,2026-08-21,True,The answer accurately summarizes the retrieved context and correctly concludes that the context lacks sufficient information to fully answer the question.,2230
What is the birthplace of the man who does the voice of Stan on the series that includes the episode The Hobbit?,graphrag,2,2-hop,2026-08-21,True,"All facts cited in the answer are directly supported by the context, and it correctly identifies that Trey Parker's birthplace is not provided.",2204
What is the name of the famous bridge in the place of birth of who composed the Concerto in C Major Op 3 6?,graphrag,2,2-hop,2026-08-21,False,The retrieved contexts do not state that Venice is Antonio Vivaldi's place of birth.,2535
How long was the city where the Yongle emperor greeted the person the Ming court thought the representatives were sent by the capitol of Yaxing Coach's headquarters location?,graphrag,2,3+-hop,2026-08-21,True,"The answer accurately states that the provided contexts do not contain the necessary information to answer the question, and all summary details about the context are correct.",1864
"Who was the second pick in the 1999 draft of the organization, that includes the team with the most titles, in the event preceding the awarding of the MLB MVP?",graphrag,2,3+-hop,2026-08-21,True,"All claims regarding the MVP announcement timing, World Series titles, and the 1999 MLB draft picks are fully supported by the retrieved contexts.",4141
When was the region immediately north of the region of the country in Strangers No More and the Persian Gulf established?,graphrag,2,3+-hop,2026-08-21,True,"The answer accurately states that the context lacks the information needed to answer the question, and all cited facts match the retrieved texts.",1936
What is the direction of flow of the body of water by the city sharing a border with Elizabeth Berg's birthplace?,graphrag,2,3+-hop,2026-08-21,True,The answer accurately states that the retrieved context does not contain information about Elizabeth Berg or her birthplace.,1358
Country A developed the ZH-29 and invaded Country B because their military branch that the Air Defense Artillery is a branch of was unprepared. Country B was the only communist country to have an embassy where?,graphrag,2,3+-hop,2026-08-21,True,"All claims, including the identification of countries, military branches, and embassy location, are directly supported by the retrieved contexts.",2137
How were people from whom new coins were a proclamation of independence by the Somali Muslim Ajuran Empire expelled from the natural boundary between Thailand and Phommathat's country of citizenship?,graphrag,2,3+-hop,2026-08-21,True,The answer accurately summarizes the relevant facts from the contexts and correctly concludes that the remaining details required to answer the question are absent.,2768
What shares a border with the city where the person who went to the state where the 951 area code is used during the gold rush works?,graphrag,2,3+-hop,2026-08-21,True,The answer accurately summarizes what is supported by the context and correctly states that the requested bordering entity cannot be determined.,2538
When did the birthplace of the Live and Beyond performer become the capitol of the state Knowles was from?,graphrag,2,3+-hop,2026-08-21,True,The answer accurately states that the necessary information is not contained in the context and correctly summarizes the available details with valid citations.,3051
Where does the body of water by the city where the Southeast Library designer died empty into the Gulf of Mexico?,graphrag,2,3+-hop,2026-08-21,True,The answer accurately identifies from the context that Ralph Rapson designed the library and correctly states that his place of death is missing from the provided text.,1988
"What country is between Lithuania and the country many expelled French Jews relocated to, along with the country of citizenship of Marie Antoinette's mother?",graphrag,2,3+-hop,2026-08-21,False,The contexts do not state or imply that Poland is geographically situated between Lithuania and Hungary.,4079
Who won the Indy car race in the largest city and capitol of the state where the Oh Yeah performer is from?,graphrag,2,3+-hop,2026-08-21,False,None of the retrieved contexts mention 'Oh Yeah' or identify Charles Mingus as its performer.,2992
"The German priest, who wanted Abraham Shimonaya's religious denomination to reform, preached a sermon on Marian devotion soon before his death in which German state?",graphrag,2,3+-hop,2026-08-21,True,All claims in the answer are fully supported by the provided contexts.,3943
Where is the district that the person who wanted to reform and address Bernhard Lichtenberg's religion preached a sermon on Marian devotion before his death located?,graphrag,2,3+-hop,2026-08-21,True,"All facts and cited locations, individuals, and sermon details are fully supported by the provided text.",4206
Where is the embassy in the only communist country whose military branch helping the Old West's inadequate local police was unprepared for invasion of the country conquered by the Pact?,graphrag,2,3+-hop,2026-08-21,True,All facts and references in the answer are directly supported by the provided contexts.,2244
How many ethnic minorities were looked at differently where the only group larger than the record label of The Lost Trident Sessions is headquartered?,graphrag,2,3+-hop,2026-08-21,False,"The answer falsely claims that The Right Stuff Records is the only record label in the context with an explicit base location, contradicting multiple chunks stating Cargo Records is based in London.",2943
What is the seat of the county sharing a border with the county in which Miller Electric is headquartered?,graphrag,2,3+-hop,2026-08-21,True,"The answer accurately cites that Miller Electric is based in Appleton, Wisconsin and correctly notes that the retrieved contexts lack the necessary information to determine the neighboring county's se",1933
"The People's Socialist Republic of Albania was a member of an organization which was dissolved in Country A. Who invaded the country where many expelled French Jews relocated, other than Country A?",graphrag,2,3+-hop,2026-08-21,False,"The answer states that the Warsaw Pact was dissolved in Prague, which is not supported by the retrieved contexts.",2562
What county shares a border with the county where the singer of Hungry Eyes from the movie Dirty Dancing was born?,graphrag,2,3+-hop,2026-08-21,True,The answer accurately reflects the information in the provided context and correctly identifies that Eric Carmen's birthplace is not stated.,1964
"A country's military branch, the equivalent of which in the US contains the Air Defense Artillery, was unprepared for the invasion of Ivo Werner's country. When was the word ""Slavs"" used in the national anthem of the unprepared country?",graphrag,2,3+-hop,2026-08-21,False,The contexts do not mention Ivo Werner or state that Czechoslovakia is Ivo Werner's country.,2649
Who married the man who wanted to reform the institution behind the denomination constituting 12.6% of Christians in New Zealand?,graphrag,2,3+-hop,2026-08-21,True,All factual claims and requirement citations are fully supported by the retrieved contexts.,3125
Which county shares a border with the county where the most populous city in the state where Redan High School is located?,graphrag,2,3+-hop,2026-08-21,True,The answer accurately cites the provided contexts and correctly states that the context lacks sufficient information to identify Atlanta's county or its bordering counties.,1784
When did the city where Hillcrest High School is located become capitol of the state in which a statue of a Latin mother goddess is located?,graphrag,2,3+-hop,2026-08-21,True,"All facts, steps of reasoning, and citations in the answer are directly supported by the retrieved contexts.",3214
When did Burma change its name to the country on the natural boundary between the country that hosted the tournament and the country where That Dam is from?,graphrag,2,3+-hop,2026-08-21,True,All factual claims are supported by the provided contexts.,2530
What is the seat of the county sharing a border with the county where Don Werner was born?,graphrag,2,3+-hop,2026-08-21,False,The contexts do not state or verify that Green Bay is the county seat of Brown County.,2497
In which county is the city sharing a border with the capitol of the state where WYFG is located?,graphrag,2,3+-hop,2026-08-21,False,The contexts do not state that Columbia is the state capital of South Carolina or that Forest Acres shares a border with it.,2098
When is opening day of the season of the league that the team that has the most titles from the competition they gave out MVP awards after?,graphrag,2,3+-hop,2026-08-21,True,All facts and inferences in the answer are strictly supported by the retrieved contexts.,3479
What day is the Feast in the city where the headquarters of the only group larger than Desde El Principio's record label held on?,graphrag,2,3+-hop,2026-08-21,True,The answer accurately summarizes what information is available in the retrieved contexts and correctly states that the specific feast day and headquarters location are missing.,1943
When did the country with a co-official language used in the film titled after the city that is the final resting place of Tito first attend the Olympics games?,graphrag,2,3+-hop,2026-08-21,True,All claims in the answer are fully supported by the provided contexts.,2792
How were the same people who the Somali Muslim Ajuran Empire declared independence from expelled from the natural boundary between Thailand and the country where That Dam is found?,graphrag,2,3+-hop,2026-08-21,True,The answer accurately states that the retrieved context does not contain the information required to answer the question.,2139
Who's the son of the Italian navigator who explored the eastern coast of the continent Manuel Balbi was born in?,graphrag,2,3+-hop,2026-08-21,True,The answer accurately reflects the provided contexts and transparently notes which specific geographic link is not explicitly stated.,2215
What major conflict is the country between the country that hosted the tournament and the country where That Dam is from known for?,graphrag,2,3+-hop,2026-08-21,True,The answer accurately states that the retrieved context lacks the necessary information to answer the question.,1786
In what county is the city that shares a border with the capital of the state where Levi Casey was born?,graphrag,2,3+-hop,2026-08-21,True,"The answer accurately reflects the provided contexts, correctly identifies missing information about Levi Casey's birthplace, and grounds all cited claims in the provided text.",3162
Who won the Indy car race in the largest city and capital of the state where the performer of Tijuana Moods was born?,graphrag,2,3+-hop,2026-08-21,True,All statements and references in the answer are directly supported by the retrieved contexts.,2604
The country that Eyal Golan is from lies within a certain region. When was the area that lies immediately to the north of that region established?,graphrag,2,3+-hop,2026-08-21,False,The contexts do not state or imply that Saudi Arabia is the area immediately north of the Middle East or Western Asia.,4349
How were people from whom new coins were a proclamation of independence by the Somali Muslim Ajuran Empire expelled from the natural boundary between Thailand and Muang Kasi's country?,graphrag,2,3+-hop,2026-08-21,True,The answer accurately states that the retrieved context does not contain sufficient information to answer the question and correctly summarizes the facts that are present.,2814
What continent is the country located near the country of citizenship of The Book Thief's author part of?,graphrag,2,3+-hop,2026-08-21,True,"All factual statements are supported by the provided context, and the answer accurately notes that the author's citizenship is missing.",2295
When was the region that lies to the north of where Israel is located and where Shamal is located established?,graphrag,2,3+-hop,2026-08-21,True,All factual claims made in the answer are supported by the retrieved contexts.,4184
"During British rule, what wood product was produced primarily in the country between the country that hosted the tournament and the country where That Dam is from?",graphrag,2,3+-hop,2026-08-21,True,The answer accurately states that the retrieved context lacks sufficient information to answer the question and correctly identifies the limits of the provided text.,2209
There is a state A where Storm of the Century was filmed based on the book by the author who wrote a short story featuring the author of This Is My God. What is the population of state A?,graphrag,2,3+-hop,2026-08-21,True,"All factual claims and citations are fully supported by the retrieved contexts, and the missing information is accurately identified.",3118
"In 1900, what was the population of the second largest city in the state where the Oh Yeah performer is from?",graphrag,2,3+-hop,2026-08-21,True,The answer accurately states that the necessary information to answer the question is missing from the provided contexts.,2256
"Among the top five largest urban areas in the state Jacoby Shaddix' band formed in, where does the city Veoh's headquarters are located rank?",graphrag,2,3+-hop,2026-08-21,True,All factual statements in the answer are directly supported by the retrieved contexts.,2359
"The German priest, who wanted Jean Hengen's religious denomination to reform, preached a sermon on Marian devotion a month before his death in what German state?",graphrag,2,3+-hop,2026-08-21,True,All facts and cited references in the answer are directly supported by the retrieved contexts.,4103
What year did the country that is the natural boundary between where tournament was hosted and where That Dam is located host the ASEAN Conference?,graphrag,2,3+-hop,2026-08-21,True,"The answer accurately states what is present in the context, correctly points out missing information, and avoids making ungrounded claims.",2209
Who won the Indy car race in the largest city and the capital of the US state of origin of the performer of The Black Saint and the Sinner Lady?,graphrag,2,3+-hop,2026-08-21,True,All factual steps and the conclusion that the winner is not stated in the context are fully supported by the provided text.,3181
"Despite being located in East Belgium, the Carnival of the birth place of Guido Maus harks purely to an area. What was the language having the same name as this area of the era with Fastrada's spouse's name later known as?",graphrag,2,3+-hop,2026-08-21,True,All factual claims made in the answer are directly supported by the retrieved contexts.,2413
How were people from whom new coins were a proclamation of independence by the Somali Muslim Ajuran Empire expelled from the natural boundary between Thailand and A Magne's country?,graphrag,2,3+-hop,2026-08-21,True,The answer accurately summarizes what information is present in the context and correctly states that the requested details regarding the expulsion and natural boundary are missing.,2784
In which county is the city sharing a border with the capitol of the state that won the Battle of Sullivan's Island?,graphrag,2,3+-hop,2026-08-21,False,The contexts do not state that Forest Acres shares a border with Columbia.,3074
Who won the Indy Car Race in the largest populated city of the state where the performer of Tijuana Moods is from?,graphrag,2,3+-hop,2026-08-21,True,The answer accurately summarizes the facts provided in the retrieved contexts and correctly notes that the specific race winner is not identified.,2884
What movement did the person who wanted to reform and address the church that the general population converted to lead?,graphrag,2,3+-hop,2026-08-21,True,"All facts, citations, and inferences in the answer are directly supported by the retrieved contexts.",3828
"Among the top five largest urban areas in the state where Infest's performer was formed, where does Tammy Leitner's birth city rank?",graphrag,2,3+-hop,2026-08-21,True,"All claims regarding Papa Roach, Tammy Leitner's birth city, and San Diego's ranking are fully supported by the retrieved contexts.",2208
When was the most recent Bicycle Friendly Community Award given to the city where the headquarters of the only group larger than the company BMG partnered with in 2005-07?,graphrag,2,3+-hop,2026-08-21,False,The answer incorrectly states that BMG partnered with Sony BMG Music Entertainment rather than Sony Music Entertainment as specified in MQ-184-P02.,3558
"A country gained control of Florida after the war in which Charles Edmund Nugent saw action. Besides their locations in that country, what other differences are there between Real Madrid and the football team from the city where Aleran died?",graphrag,2,3+-hop,2026-08-21,True,"All factual claims made in the answer regarding kit colors, titles, regional identities, and match statistics are fully supported by the provided text chunks.",2458
A group of nations of which the People's Socialist Republic of Albania was a member was controlled by one country. When did that country agree to a unified Germany inside of the organization Eisenhower would not discuss during the campaign?,graphrag,2,3+-hop,2026-08-21,True,"All claims regarding the USSR's domination of the Warsaw Pact, Eisenhower avoiding NATO during his campaign, and Gorbachev's May 1990 statement are fully supported by the retrieved contexts.",2799
There is a video game named after the sports association that chooses where the super bowl is held. What was Nintendo's limit on games per developer per year on that game's platform?,graphrag,2,3+-hop,2026-08-21,True,"All claims regarding the NFL, the NFL video game, and Nintendo's five-game-per-year limit on the NES are supported by the retrieved contexts.",3565
Where is the district that the person who wanted to reform and address the religion that practices candidacy preach a sermon on Marian devotion before his death located?,graphrag,2,3+-hop,2026-08-21,True,All claims are accurately cited and fully supported by the provided contexts.,3785
what is the largest city the country that is a natural boundary between the country that hosted the tournament and the country That Dam is located?,graphrag,2,3+-hop,2026-08-21,True,The answer accurately summarizes the relevant facts provided in the context and correctly notes that key information needed to answer the question is missing.,2152
"During British rule, what wood was mostly produced in the nation that's the boundary between the host of the 2020 AFC U-23 Championship qualification, and the nation containing A Don?",graphrag,2,3+-hop,2026-08-21,True,"All claims are strictly supported by the retrieved contexts, including appropriate caveats regarding unmentioned details.",2664
"What were the Genesis's advantages over the platform with a three letter abbreviation, that had a video game named after the league in charge of the Super Bowl halftime show?",graphrag,2,3+-hop,2026-08-21,True,"All factual claims regarding the NES and the Genesis's advantages in graphics, sound, and architecture are directly supported by the retrieved contexts.",3201
What shares a border with the city where the person who went to the state where the planes were originally going on 9/11 during the gold rush works?,graphrag,2,3+-hop,2026-08-21,True,The answer correctly identifies that the retrieved contexts lack the necessary information about what shares a border with the city and accurately cites the provided passages.,2399
who has had the most hits in the league that includes the team that has played the most games of the type played just before the league MVP is awarded?,graphrag,2,3+-hop,2026-08-21,True,The answer accurately states that the retrieved context does not contain sufficient information to answer the question and all cited facts are supported by the text.,3639
Which county shares a border with the county where the most populous city in the state where WSFN can be found is located?,graphrag,2,3+-hop,2026-08-21,True,"All claims are supported by the retrieved contexts, and the response accurately identifies that the remaining required information is missing.",1966
"When did the city that WIZE is licensed to broadcast to, become the capital of the state, that contains the county where the Battle of Rich Mountain occurred?",graphrag,2,3+-hop,2026-08-21,True,"All factual statements are directly supported by the retrieved contexts, correctly noting that the necessary historical information to answer the question is missing.",2328
New coins by the Somali Muslim Ajuran Empire were a proclamation of independence from a nation. How were the people of that nation expelled from country that borders Thailand and Ban Nampo village's country?,graphrag,2,3+-hop,2026-08-21,True,"All factual claims made in the answer are strictly supported by the retrieved contexts, and it correctly identifies the missing information.",2964
Which county shares a border with the county where the city in which the original singer of All By Myself was born is located?,graphrag,2,3+-hop,2026-08-21,True,"All factual statements made in the answer are strictly supported by the retrieved contexts, which lack the birthplace and county information needed to answer the question fully.",2421
Who won the Indy car race in the largest city and capitol of the state where the Changes Two performer is from?,graphrag,2,3+-hop,2026-08-21,False,The contexts do not mention 'Changes Two' or establish that Charles Mingus is the performer of 'Changes Two'.,3130
When was the most recent Bicycle Friendly Community Award given to the city where the only group larger than the record label of Desde El Principio is headquartered?,graphrag,2,3+-hop,2026-08-21,True,All factual claims made in the answer are fully supported by the retrieved contexts.,2527
