query,pipeline,repeat,query_type,judged_on,gemini_faithful,gemini_reason,gemini_tokens
"Who lived longer, Jean-Baptiste-Denis Despré or Lucien Bonaparte Webster?",graphrag,0,1-hop,2026-08-21,True,"All dates, calculated lifespans, and the conclusion that Jean-Baptiste-Denis Despré lived longer are supported by the retrieved contexts.",1951
"Who died later, Pieter Corneliszoon Hooft or Rudi Carrell?",graphrag,0,1-hop,2026-08-21,True,All dates of death and the conclusion that Rudi Carrell died later are fully supported by the retrieved contexts.,1978
"Which film came out first, Defendor or Njanum Ente Familiyum?",graphrag,0,1-hop,2026-08-21,True,All claims regarding release dates and comparisons between the two films are directly supported by the retrieved contexts.,3188
"Which film came out first, What Women Love or Ramudu Kadu Krishnudu?",graphrag,0,1-hop,2026-08-21,True,The answer accurately uses information from the provided contexts indicating What Women Love came out in 1920 and Ramudu Kadu Krishnudu came out in 1983.,1305
Does Eddie Murray (Rugby League) have the same nationality as Henry Talbot (Photographer)?,graphrag,0,1-hop,2026-08-21,True,All factual claims regarding the nationalities of Eddie Murray and Henry Talbot are fully supported by the provided contexts.,1804
Do Jan Christiaan Lindeman and Jermano Lo Fo Sang have the same nationality?,graphrag,0,1-hop,2026-08-21,True,Both individuals are explicitly identified as Dutch in the provided contexts.,1875
Are both directors of films Tarzan And The Slave Girl and Sweet Crude from the same country?,graphrag,0,3+-hop,2026-08-21,True,"All claims regarding the directors, their film credits, and their biographical details are fully supported by the retrieved contexts.",2180
"Who was born first, Heo Keon or Ljiljana Nanušević?",graphrag,0,1-hop,2026-08-21,False,The answer incorrectly claims that Heo Keon (born 1988) was born before Ljiljana Nanušević (born 1981).,1265
Who was born first out of Kazimierz Cichowski and Ellen Margrethe Løj?,graphrag,0,1-hop,2026-08-21,True,The birth dates of both individuals and the conclusion that Kazimierz Cichowski was born first are fully supported by the contexts.,2884
"Where did Catherine Of Taranto, Countess Of Copertino's mother die?",graphrag,0,2-hop,2026-08-21,True,The answer accurately states that the retrieved context identifies Mary of Enghien as Catherine's mother but does not mention her place of death.,1653
Who is Princess Caroline Napoléon's maternal grandmother?,graphrag,0,2-hop,2026-08-21,True,All claims in the answer are directly supported by contexts 2W-010-P05 and 2W-010-P00.,1714
Where was the father of Alina Fernández born?,graphrag,0,2-hop,2026-08-21,False,"The context explicitly states that Fidel Castro was born in Birán, Oriente, contradicting the answer's claim that his birthplace is not listed.",2467
"Who died later, Adam Purple or Chyskillz?",graphrag,0,1-hop,2026-08-21,True,The answer accurately compares the death dates of Adam Purple and Chyskillz based on the provided contexts.,1861
"Which film whose director was born first, Lions For Lambs or Nowhere In Africa?",graphrag,0,3+-hop,2026-08-21,False,"The initial answer 'Nowhere in Africa' contradicts the retrieved facts, which show that Robert Redford (director of Lions for Lambs, born 1936) was born before Caroline Link (born 1964).",2667
"Which film came out earlier, Where Are You? I'M Here or Patnam Vachina Pativrathalu?",graphrag,0,1-hop,2026-08-21,True,All factual claims regarding the release years of both films and the comparison are supported by the cited contexts.,1213
"Where was the place of death of Crato, Count Of Nassau-Saarbrücken's father?",graphrag,0,2-hop,2026-08-21,True,"The answer accurately states that Crato's father was William Louis, Count of Nassau-Saarbrücken, and that he died in Metz, directly supported by contexts 2W-015-P03 and 2W-015-P05.",2135
"Which film has the director who was born later, Young Buffalo Bill or The Lacquered Box?",graphrag,0,3+-hop,2026-08-21,True,"All factual claims regarding the films, directors, and their birth dates are fully supported by the retrieved contexts.",1608
"Do Kim Darby and John Birdsall (Politician, Born 1840) have the same nationality?",graphrag,0,1-hop,2026-08-21,True,All factual claims are accurately supported by the retrieved contexts.,1625
"Which film whose director was born first, Sin'S Pay Day or Gunaah (1993 Film)?",graphrag,0,3+-hop,2026-08-21,True,"All facts regarding film directors, their birth dates, and the resulting comparison are fully supported by the retrieved contexts.",3805
Who was the teacher of the composer of film The Cousin From Nowhere (1953 Film)?,graphrag,0,2-hop,2026-08-21,True,The contexts confirm that Eduard Künneke composed the operetta on which the 1953 film was based and that he was an advanced student of Max Bruch.,1986
"Who is older, Arnold Carl Johansen or Walter Lafferty?",graphrag,0,1-hop,2026-08-21,True,All factual claims regarding the birth dates and age comparison are fully supported by the retrieved contexts.,1846
"Who was born first, Cornelis Gijsbert Gerrit Jan Van Steenis or Tarsem King, Baron King Of West Bromwich?",graphrag,0,1-hop,2026-08-21,True,All facts and birth dates are fully supported by the retrieved contexts.,1838
"Did the movies Mille Bolle Blu and La Moglie Vergine, originate from the same country?",graphrag,0,1-hop,2026-08-21,True,All claims regarding the country of origin of both films are fully supported by the retrieved contexts.,1647
"Who is older, Daniel David Moses or Stanislas Batchi?",graphrag,0,1-hop,2026-08-21,True,All birth dates and the resulting comparison are fully supported by the retrieved contexts.,1429
"Which film came out first, Blood And Diamonds or Opened By Mistake?",graphrag,0,1-hop,2026-08-21,True,"The contexts confirm that Opened by Mistake is from 1940 and Blood and Diamonds is from 1978, correctly supporting the answer.",1295
When was Richard Bootle-Wilbraham's father born?,graphrag,0,2-hop,2026-08-21,True,The answer accurately states the identity and birth date of Richard Bootle-Wilbraham's father based directly on the provided context.,2070
"Which film has the producer who is older, Dweepa or Kalank?",graphrag,0,3+-hop,2026-08-21,True,"All factual claims regarding the films, producers, and their respective birth dates are fully supported by the retrieved contexts.",3902
Who was born first out of Gerda Weissensteiner and Stasys Šaparnis?,graphrag,0,1-hop,2026-08-21,True,All claims regarding the birth dates and the comparison of who was born first are fully supported by the retrieved contexts.,1306
Who is the paternal grandfather of George Tupou V?,graphrag,0,2-hop,2026-08-21,True,The answer logically deduces George Tupou V's paternal grandfather directly from the retrieved contexts identifying his father and his father's parents.,1367
"Which film has the director who is older than the other, Odd Job (Film) or Everything'S Ducky? ",graphrag,0,3+-hop,2026-08-21,True,All facts and claims in the answer are accurately supported by the retrieved contexts.,2850
When did Mary Basset's father die?,graphrag,0,2-hop,2026-08-21,True,The contexts confirm that Mary Basset's father was William Roper and that he died on 4 January 1578.,3212
"Which film has the director who was born earlier, The Forbidden Trail or A Weaver Of Dreams?",graphrag,0,3+-hop,2026-08-21,False,"The answer falsely states in its opening that A Weaver of Dreams has the earlier-born director, which contradicts the birth dates in the contexts showing Robert N. Bradbury was born before John H. Col",2844
"Which film has the director died later, The Wax Model or Khoon Ka Karz?",graphrag,0,3+-hop,2026-08-21,True,All facts regarding the directors of both films and their dates of death are fully supported by the retrieved contexts.,3770
"Are the movies The Urethra Chronicles and Starter For 10 (Film), from the same country?",graphrag,0,1-hop,2026-08-21,True,The answer accurately reflects the context details regarding the British origin of Starter for 10 and the American association of The Urethra Chronicles.,1913
"Which film has the director who was born earlier, Angélique, Marquise Des Anges or That Man George?",graphrag,0,3+-hop,2026-08-21,False,The answer opens with a false claim contradicting the provided contexts and its own concluding reasoning.,2591
"Who lived longer, George F. Sowers or Henrietta Amelia Leeson?",graphrag,0,1-hop,2026-08-21,True,All birth and death dates and lifespan inferences are accurately drawn from the provided contexts.,3115
Did Mitch Brian and Harry Kent (Cyclist) share the same nationality?,graphrag,0,1-hop,2026-08-21,True,All claims are supported by the provided retrieved contexts.,1461
"Which film has the director who died later, Waiting For The Hearse or The Seventh Sword?",graphrag,0,3+-hop,2026-08-21,True,All facts and comparisons regarding the directors and their dates of death are directly supported by the context.,2214
Who is Princess Elizabeth Of Greece And Denmark's maternal grandfather?,graphrag,0,2-hop,2026-08-21,True,The answer logically deduces Princess Elizabeth's maternal grandfather from the provided parentage records in the context.,1778
What is the place of birth of Dianne Bentley's husband?,graphrag,0,2-hop,2026-08-21,True,"The provided contexts confirm Dianne Bentley was married to Robert J. Bentley and that he was born in Columbiana, Alabama.",2659
What nationality is Sukhumala Marasri's father?,graphrag,0,2-hop,2026-08-21,True,All factual statements and inferences in the answer are directly supported by the retrieved contexts.,1593
"Which magazine was founded first, Racing Toward Diversity or Lo Scolaro?",graphrag,0,1-hop,2026-08-21,True,The answer accurately compares the founding dates of both magazines as stated in the provided contexts.,1883
"Which film was released earlier, Smiles Of A Summer Night or Two Idiots In Hollywood?",graphrag,0,1-hop,2026-08-21,True,The answer accurately compares the release years of both films as directly stated in the provided contexts.,1543
Did Charles Robinson (Raf Airman) and Terri Hooley share the same nationality?,graphrag,0,1-hop,2026-08-21,True,The answer accurately reflects the information in the provided context and correctly states that Terri Hooley's nationality is not explicitly given.,1691
Do both films All Souls (Film) and Atomised (Film) have the directors from the same country?,graphrag,0,3+-hop,2026-08-21,False,"The answer falsely claims that Oskar Roehler's nationality is not explicitly stated in the context, contradicting chunk [2W-044-P08] which identifies him as a German film director.",3165
Where was the director of film Death Of A Friend born?,graphrag,0,2-hop,2026-08-21,True,"The answer accurately cites the context stating that Death of a Friend was directed by Franco Rossi, who was born in Florence.",3104
Who is the spouse of the director of film Fire-Eater (Film)?,graphrag,0,2-hop,2026-08-21,True,"All claims are completely supported by the retrieved contexts, accurately noting that Pirjo Honkasalo directed the film and that Pirkko Saisio is identified as her partner rather than her spouse.",2447
"Which film has the director born later, No Dough Boys or The Punch And Judy Man?",graphrag,0,3+-hop,2026-08-21,True,"All statements regarding the films' directors, birth dates, and the resulting comparison are fully supported by the retrieved contexts.",2646
Are Saks Fifth Avenue and Warburg Pincus located in the same country?,graphrag,0,1-hop,2026-08-21,True,The answer's claims that both Warburg Pincus and Saks Fifth Avenue are based/located in New York City in the United States are directly supported by the retrieved contexts.,1544
Are the directors of films Jaco (Film) and Half A Bride both from the same country?,graphrag,0,3+-hop,2026-08-21,True,"All claims regarding the directors, their nationalities, and missing information are accurately grounded in the retrieved contexts.",2474
"Which film has the director who died earlier, My Husband'S Other Wife or ¡Que Viene Mi Marido!?",graphrag,0,3+-hop,2026-08-21,True,"All statements, dates, and director associations are directly supported by the retrieved contexts.",2029
Are Vivicca Whitsett and Pepa (Rapper) from the same country?,graphrag,0,1-hop,2026-08-21,True,All factual claims are supported by the provided text chunks.,1709
"Which film came out first, Je L'Ai Été Trois Fois or Tamala 2010: A Punk Cat In Space?",graphrag,0,1-hop,2026-08-21,False,The release year 2002 for Tamala 2010: A Punk Cat in Space is not present in the provided contexts.,2250
"Which film came out first, The Happy Life or King Arthur Was A Gentleman?",graphrag,0,1-hop,2026-08-21,True,All facts and cited years are directly supported by contexts [2W-053-P02] and [2W-053-P03].,1246
"Which film has the director who was born earlier, Time For Loving or Un'Altra Vita?",graphrag,0,3+-hop,2026-08-21,True,All claims regarding the directors of the films and their dates of birth are directly supported by the provided context.,2765
"Which film has the director born later, Monsieur Taxi or A Yiddish World Remembered?",graphrag,0,3+-hop,2026-08-21,True,All claims regarding the directors of both films and their respective birthdates are fully supported by the retrieved contexts.,1557
"Which film has the director who died first, The Squaw Man'S Son or Till We Meet Again (1936 Film)?",graphrag,0,3+-hop,2026-08-21,True,"All facts including the movie directors, their death dates, and the final conclusion are fully supported by the retrieved contexts.",2077
What is the place of birth of Marie Tomášová's husband?,graphrag,0,2-hop,2026-08-21,True,The answer accurately identifies Marie Tomášová's husband as Otomar Krejča and cites his birthplace directly from the provided contexts.,2235
Where did Eduardo Notari's mother die?,graphrag,0,2-hop,2026-08-21,True,The answer correctly identifies Elvira Notari as Eduardo Notari's mother and verifies from the provided context that she died in Cava de' Tirreni.,2466
"Who is younger, Empress Xiaoshurui or Goran Veselinovski?",graphrag,0,1-hop,2026-08-21,True,The answer accurately compares the birth dates of Empress Xiaoshurui (1760) and Goran Veselinovski (1975) based directly on the provided contexts.,2035
"Which film has the director who died earlier, A Medal For Benny or King Of Chinatown?",graphrag,0,3+-hop,2026-08-21,False,The answer directly contradicts the provided context by initially claiming that King of Chinatown had the earlier-deceased director when Irving Pichel died before Nick Grinde.,2677
"Which film came out earlier, Painted Post (Film) or Katka'S Reinette Apples?",graphrag,0,1-hop,2026-08-21,True,All factual claims regarding the release years of both films and the comparison between them are fully supported by the retrieved contexts.,2569
"Who was born earlier, Ela Gandhi or Sebastián Borensztein?",graphrag,0,1-hop,2026-08-21,True,The answer accurately compares the birthdates of Ela Gandhi and Sebastián Borensztein using information directly supported by the retrieved contexts.,2881
Was Dudley Russell or Juan René Serrano born first?,graphrag,0,1-hop,2026-08-21,True,All facts and birth dates mentioned in the answer are directly supported by the retrieved contexts.,1257
Are Bilthoven and Herveld both located in the same country?,graphrag,0,1-hop,2026-08-21,True,"All claims are supported by the retrieved contexts, which identify Bilthoven and Herveld as villages in Dutch provinces.",2140
Who is the spouse of the director of film The Glass Boat?,graphrag,0,2-hop,2026-08-21,True,The contexts confirm that Constantin J. David directed The Glass Boat and was married to Käthe von Nagy.,2474
What is the place of birth of the director of film A Woman'S Face (1938 Film)?,graphrag,0,2-hop,2026-08-21,True,All facts regarding the director and his place of birth are directly supported by the retrieved contexts.,2637
Are both directors of films The Princess Bride (Film) and I Never Sang For My Father from the same country?,graphrag,0,3+-hop,2026-08-21,True,All facts regarding the directors of both films and their American nationality are fully supported by the provided contexts.,2540
"Which film has the director who was born later, El Extraño Viaje or Love In Pawn?",graphrag,0,3+-hop,2026-08-21,True,All facts regarding the directors of the films and their dates of birth are completely supported by the provided contexts.,2416
Who is Charlotte Of Schaumburg-Lippe's father?,graphrag,0,2-hop,2026-08-21,True,"The answer accurately names Charlotte of Schaumburg-Lippe's father as Prince Wilhelm Karl August of Schaumburg-Lippe, supported by context [2W-069-P07].",1545
"Which film came out first, A Girl'S Folly or The Original Latin Kings Of Comedy?",graphrag,0,1-hop,2026-08-21,True,The answer accurately compares the release years of both films based directly on the provided contexts.,1192
"Who was born later, Borys Karnicki or Admir Velagić?",graphrag,0,1-hop,2026-08-21,True,The answer accurately compares the birth dates of Admir Velagić and Borys Karnicki using the retrieved contexts.,1133
Are Paula Arundell and Trent Grimsey both from the same country?,graphrag,0,1-hop,2026-08-21,True,"The answer is fully supported by the retrieved contexts, which identify both Paula Arundell and Trent Grimsey as Australian.",1378
Where did Hal Steinbrenner's father die?,graphrag,0,2-hop,2026-08-21,True,"The contexts confirm Hal Steinbrenner's father is George Steinbrenner, who died in his Tampa home.",1983
"Who is older, Oreste Scalzone or John Dugard?",graphrag,0,1-hop,2026-08-21,True,All factual claims regarding the birth dates and relative ages of John Dugard and Oreste Scalzone are directly supported by the provided context.,2812
"Which film has the director who was born first, The Millionaire'S Double or The Groundstar Conspiracy?",graphrag,0,3+-hop,2026-08-21,True,All facts regarding the directors and their birth dates are directly supported by the retrieved contexts.,3072
"Which film was released earlier, Navavadhu or The January Man?",graphrag,0,1-hop,2026-08-21,True,The answer accurately compares the release years of both films based directly on the provided context.,3033
"Where did Frederick, Hereditary Prince Of Baden-Durlach's father die?",graphrag,0,2-hop,2026-08-21,False,"The answer claims the context does not state where the father died, which directly contradicts the provided text.",1947
"Which film has the director who is older, Heremias or S.P.Q.R.: 2,000 And A Half Years Ago?",graphrag,0,3+-hop,2026-08-21,True,All facts and birth dates mentioned for both directors and their associated films are directly supported by the provided contexts.,3466
"Were both Pietro Salini and Domenico Ravenna, born in the same place?",graphrag,0,1-hop,2026-08-21,True,All statements and requirement references in the answer are accurate and fully supported by the provided context.,1512
"Which film has the director born earlier, Street Of No Return or Stage Door?",graphrag,0,3+-hop,2026-08-21,True,All facts regarding the directors and their birthdates are directly supported by the retrieved contexts.,2385
"Which film has the director who died first, Sons Of Bitches or Di Che Segno Sei??",graphrag,0,3+-hop,2026-08-21,True,All facts and comparisons regarding the directors and their dates of death are fully supported by the retrieved contexts.,2170
"Which magazine came out first, Sri Ramakrishna Vijayam or Tait'S Edinburgh Magazine?",graphrag,0,1-hop,2026-08-21,True,All claims regarding the founding and publication dates of both magazines are fully supported by the cited contexts.,1846
"Which film has the director who died earlier, Here Is The Beauty or Whirl Of Youth?",graphrag,0,3+-hop,2026-08-21,True,All facts and cited dates regarding the directors and their respective films are fully supported by the retrieved contexts.,2533
"Who is older, Artyom Novichonok or Lyubov Kiryukhina-Tsyoma?",graphrag,0,1-hop,2026-08-21,True,The birth dates of Lyubov Kiryukhina-Tsyoma and Artyom Novichonok and the conclusion about who is older are directly supported by the context.,1710
Who was born first out of Andrea Di Vito and Barbara Fairchild?,graphrag,0,1-hop,2026-08-21,True,The answer accurately states the birth dates and correctly determines that Barbara Fairchild was born first based on the provided contexts.,1281
What is the place of birth of the director of film The New Kids?,graphrag,0,2-hop,2026-08-21,True,The answer accurately states that the director is Sean S. Cunningham and that his place of birth is not provided in the context.,1721
"What is the place of birth of Rudolf Christian, Count Of East Frisia's father?",graphrag,0,2-hop,2026-08-21,True,The contexts confirm that Rudolf Christian's father was Enno III and that Enno III was born in Aurich.,2266
"Which film was released earlier, Samundi or Babilonia?",graphrag,0,1-hop,2026-08-21,False,"The answer falsely claims Samundi was released earlier, which contradicts the retrieved context showing Babilonia (1987) predates Samundi (1992).",2519
Do director of film Trouble In The Glen and director of film Hennessy (Film) have the same nationality?,graphrag,0,3+-hop,2026-08-21,True,All claims regarding the directors and their nationalities are directly supported by the retrieved contexts.,1631
"Who was born earlier, Denis Rogers or Zelma Wilson?",graphrag,0,1-hop,2026-08-21,True,All facts and birth dates are fully supported by the retrieved contexts.,1367
"Which film has the director born first, Escape From The Dark or Bulundi?",graphrag,0,3+-hop,2026-08-21,True,Every claim in the answer is completely supported by the provided context chunks.,2513
"Which film has the director who died later, The Heart Of Nora Flynn or A Vanished World?",graphrag,0,3+-hop,2026-08-21,False,The answer's opening statement that 'A Vanished World' has the director who died later directly contradicts the contexts and its own supporting reasoning.,3381
Are Trenton Aerodrome and Mackenzie Airport both located in the same country?,graphrag,0,1-hop,2026-08-21,True,The answer accurately reflects and cites the locations of both aerodromes from the retrieved contexts.,965
"Which film has the director born first, Free Hand For A Tough Cop or Man'S Favorite Sport??",graphrag,0,3+-hop,2026-08-21,True,All factual claims regarding the directors of the films and their birth dates are fully supported by the retrieved contexts.,3071
What is the place of birth of Lupe Rumazo's father?,graphrag,0,2-hop,2026-08-21,True,The answer correctly identifies Lupe Rumazo's father and his place of birth directly from the provided contexts.,3931
Are Mount Queen Mary and Curia Mountain located in the same country?,graphrag,0,1-hop,2026-08-21,False,The answer begins by stating 'No' while the supporting details and context confirm that both mountains are in Canada.,1504
"Which film was released earlier, Robotech: The Movie or Lakeeran?",graphrag,0,1-hop,2026-08-21,True,The answer accurately compares the release years of both films directly supported by the retrieved contexts.,1046
"Who is younger, R. Nagarajan or Agneta Engström?",graphrag,0,1-hop,2026-08-21,True,The answer accurately compares the birth dates of Agneta Engström and R. Nagarajan as given in the retrieved contexts.,1339
"Which film has the director who died earlier, Up In The World or Gioventù Alla Sbarra?",graphrag,0,3+-hop,2026-08-21,False,"The retrieved context does not contain the death date for John Paddy Carstairs, making the conclusion that Gioventù Alla Sbarra's director died earlier unsupported.",2771
Where did the composer of film Kilippattu (Film) die?,graphrag,0,2-hop,2026-08-21,True,All statements and citations in the answer are directly supported by the retrieved contexts.,3107
Where did the composer of film Before Sunset study?,graphrag,0,2-hop,2026-08-21,True,"All factual statements are supported by the provided contexts, accurately noting that the composer of Before Sunset is not identified.",1408
"Which film has the director who died later, Farewell, My Beautiful Lady or Night 'N' Gales?",graphrag,0,3+-hop,2026-08-21,True,"All factual claims regarding the directors, their death dates, and the final comparison are fully supported by the retrieved contexts.",1961
Does Éric Ruf have the same nationality as Jean Léonard Marie Poiseuille?,graphrag,0,1-hop,2026-08-21,True,Every claim in the answer is directly supported by the retrieved contexts.,1178
Where was the founder of university Vermont Studio Center born?,graphrag,0,2-hop,2026-08-21,True,The answer accurately states that the founders' birthplaces are not provided in the retrieved contexts.,2048
Are Marib Airport and Lee County Airport (Virginia) both located in the same country?,graphrag,0,1-hop,2026-08-21,True,All claims are accurately supported by the provided contexts.,1025
What is the place of birth of the performer of song Heaven (Namie Amuro Song)?,graphrag,0,2-hop,2026-08-21,True,"The answer accurately states that Namie Amuro performed the song and was born in Naha, Okinawa, Japan based on the provided contexts.",2206
Where did Shivaji Ii's father die?,graphrag,0,2-hop,2026-08-21,True,All factual claims are fully supported by the retrieved contexts.,1344
Where did Paulding Farnham's wife die?,graphrag,0,2-hop,2026-08-21,True,"The answer accurately states that the context names Sally James Farnham and her birthplace, but does not provide her place of death.",1974
What is the place of birth of Oliver Penrose's father?,graphrag,0,2-hop,2026-08-21,True,The answer accurately states that Oliver Penrose's father is Lionel Penrose and correctly identifies that his place of birth is not mentioned in the context.,1996
"Who is younger, Adam Morawski or Matt Kilcullen?",graphrag,0,1-hop,2026-08-21,True,All factual claims including birthdates and the comparison are fully supported by the retrieved contexts.,1084
Which award the director of film Solstice (Film) received?,graphrag,0,2-hop,2026-08-21,True,All factual claims regarding the director of Solstice and the award he received are fully supported by the retrieved contexts.,3066
"Are director of film The Case Is Closed, Forget It and director of film Le Signorine Dello 04 from the same country?",graphrag,0,3+-hop,2026-08-21,False,"The answer falsely claims that both directors are identified as Italian in the retrieved context, whereas Damiano Damiani's nationality is never stated.",2742
Who is the father of the director of film Dino Ki Dulhaniya?,graphrag,0,2-hop,2026-08-21,True,The contexts confirm that Mehreen Jabbar directed Dino Ki Dulhaniya and that she is the daughter of Javed Jabbar.,3477
Are both directors of films Dead Man Running and Night Alone from the same country?,graphrag,0,3+-hop,2026-08-21,True,All facts regarding the directors of the specified films and their British nationality are directly supported by the context.,1981
Do director of film Brain Damage (Film) and director of film The Hole In The Ground (Film) have the same nationality?,graphrag,0,3+-hop,2026-08-21,False,"The answer begins with 'Yes', which contradicts the contexts showing that Frank Henenlotter is American while Lee Cronin is Irish.",2831
"Which film has the director who was born later, L'Eclisse or A Matter Of Morals?",graphrag,0,3+-hop,2026-08-21,True,All facts and cited references in the answer are directly supported by the retrieved contexts.,2835
"Who was born later, Jay T. Harris or Amie Casey?",graphrag,0,1-hop,2026-08-21,True,The answer accurately compares the birth dates of Amie Casey and Jay T. Harris directly supported by the provided context.,1432
Where was the director of film Chopsticks (Film) born?,graphrag,0,2-hop,2026-08-21,True,"The answer accurately reflects the information in the provided context, noting that while Sachin Yardi is identified as the director, his specific birthplace is not mentioned.",3799
"Which film whose director was born first, Flesh And The Spur or Memories Of A Mexican?",graphrag,0,3+-hop,2026-08-21,True,"All claims regarding the films, directors, and their birth dates are fully supported by the retrieved contexts.",2045
Who is the father of Alexios Iii Angelos?,graphrag,0,2-hop,2026-08-21,False,"The contexts provide sufficient information to identify the father, as [2W-120-P05] establishes Isaac II Angelos is Alexios III's brother and [2W-120-P02] states Isaac's father is Andronikos Doukas An",2634
"Which magazine came out first, Family Herald or Books For Keeps?",graphrag,0,1-hop,2026-08-21,True,All facts regarding the launch dates of both magazines and the conclusion of which came out first are directly supported by the retrieved contexts.,1463
"Which film has the director born earlier, Trail To Vengeance or Sally'S Irish Rogue?",graphrag,0,3+-hop,2026-08-21,True,All factual claims regarding the directors and their birth dates are completely supported by the retrieved contexts.,2129
Where was the composer of film Billy Elliot born?,graphrag,0,2-hop,2026-08-21,True,The answer accurately identifies the composer and his birthplace using the provided contexts.,1644
"Which film has the director who is older than the other, Velli Vizha or A Year Ago In Winter? ",graphrag,0,3+-hop,2026-08-21,True,"All claims regarding the films, their directors, and the birth dates are fully supported by the provided context chunks.",2410
"Which film came out earlier, Kalyana Mandapam or Lucrèce Borgia?",graphrag,0,1-hop,2026-08-21,True,All claims regarding the release years of Lucrèce Borgia (1953) and Kalyana Mandapam (1965 and 1971) are directly supported by the retrieved contexts.,3511
"Which film was released more recently, Bhanwarey or Harlem Nights?",graphrag,0,1-hop,2026-08-21,True,All facts and release dates are directly supported by the provided contexts.,3296
"Which film has the director who was born first, Valley Of The Redwoods or The Law Of Men?",graphrag,0,3+-hop,2026-08-21,True,All claims regarding the directors of both films and their respective birth dates are fully supported by the retrieved contexts.,2933
"Which film has the director who was born earlier, The Blackmailers or Re-Animator?",graphrag,0,3+-hop,2026-08-21,True,All facts including the directors and their respective birth dates are fully supported by the retrieved contexts.,3363
Are Graduate University Of Advanced Technology and Fruita Schoolhouse located in the same country?,graphrag,0,1-hop,2026-08-21,True,All facts in the answer are directly supported by the retrieved contexts.,1160
Who is Paolo Ii Vitelli's maternal grandfather?,graphrag,0,2-hop,2026-08-21,True,All facts stated in the answer are directly supported by the retrieved contexts [2W-130-P09] and [2W-130-P02].,1733
Do both films: Blockade (1938 Film) and Woman In The River have the directors from the same country?,graphrag,0,3+-hop,2026-08-21,True,All claims regarding the directors of the films and their nationalities are directly supported by the retrieved contexts.,3478
"Which film has the director died later, Mexican Spitfire'S Elephant or Revenge (1918 Film)?",graphrag,0,3+-hop,2026-08-21,True,All facts regarding the directors of the films and their dates of death are directly supported by the retrieved contexts.,1943
What is the place of birth of the director of film Walerjan Wrobel'S Homesickness?,graphrag,0,2-hop,2026-08-21,True,Every claim in the answer is directly supported by the retrieved contexts.,3180
Do both films September Affair and A Gathering Of Eagles have the directors that share the same nationality?,graphrag,0,3+-hop,2026-08-21,False,"The answer claims that both directors are identified as American in the context, but the context provides no nationality for Delbert Mann.",3601
"Which film has the director died earlier, Hôtel Du Nord or Down In 'Arkansaw'?",graphrag,0,3+-hop,2026-08-21,False,"The context does not provide the death date for Nick Grinde, making the claim that Hôtel du Nord's director died earlier unsupported.",2243
Who is Adolf Ernst Of Limburg Stirum's paternal grandfather?,graphrag,0,2-hop,2026-08-21,True,The answer accurately traces Adolf Ernst's lineage to his father Hermann Otto I and grandfather Jobst of Limburg Stirum using the provided context.,1774
When did Harald Sigtryggsson's father die?,graphrag,0,2-hop,2026-08-21,True,The contexts confirm that Harald Sigtryggsson's father was Sitric Cáech and that Sitric Cáech died in 927.,3367
Where did Richard Altham's father study?,graphrag,0,2-hop,2026-08-21,True,The answer directly cites and accurately reflects the information provided in the context regarding Harry Altham's education.,1314
"Which film has the director who is older than the other, Zwemplaats Voor Jongelingen Te Amsterdam or Client 9: The Rise And Fall Of Eliot Spitzer? ",graphrag,0,3+-hop,2026-08-21,True,Every claim made in the answer is directly supported by the retrieved contexts.,3794
Where was the editor of magazine Argentus born?,graphrag,0,2-hop,2026-08-21,True,The answer accurately states the editor and his place of birth according to the provided contexts.,2412
"Which song was released more recently, Go Ahead And Break My Heart or Knee Deep In My Heart?",graphrag,0,1-hop,2026-08-21,True,All facts and dates comparing the release of both songs are directly supported by the retrieved contexts.,1846
Where was the place of burial of the director of film Loose Ankles?,graphrag,0,2-hop,2026-08-21,True,"The answer accurately cites the retrieved contexts, confirming Ted Wilde directed Loose Ankles and was buried in Forest Lawn Memorial Park Cemetery in Glendale, California.",3534
"Which film has the director who died later, The House Behind The Cedars or First Case, Second Case?",graphrag,0,3+-hop,2026-08-21,True,"All facts including the film directors, their death dates, and the final comparison are fully supported by the retrieved contexts.",3483
Where did the performer of song Girlfriend (Alicia Keys Song) study?,graphrag,0,2-hop,2026-08-21,True,The answer accurately states that the retrieved contexts do not provide information on where Alicia Keys studied.,2674
Does Devorah Rose have the same nationality as Jay Hambidge?,graphrag,0,1-hop,2026-08-21,True,The answer accurately reflects the information in the retrieved contexts showing that both individuals are identified as American.,1505
Where did Princess Catherine Of Schleswig-Holstein-Sonderburg-Beck's father die?,graphrag,0,2-hop,2026-08-21,True,All factual claims in the answer regarding Catherine's father and his place of death are directly supported by the retrieved contexts.,1947
"Which film whose director is younger, The Jazz Cinderella or The Battle Of Jangsari?",graphrag,0,3+-hop,2026-08-21,True,All statements and director birth details are directly supported by the retrieved contexts.,1550
Who is the paternal grandmother of King Kang Of Zhou?,graphrag,0,2-hop,2026-08-21,False,"The answer falsely claims the paternal grandmother is not in the context, even though the context establishes Queen Yi Jiang as the mother of King Kang's father, King Cheng.",2793
"Who is Hans Albrecht, Hereditary Prince Of Schleswig-Holstein's maternal grandmother?",graphrag,0,2-hop,2026-08-21,True,All facts regarding Hans Albrecht's parentage and his maternal grandmother Princess Alexandra of Saxe-Coburg and Gotha are directly supported by the retrieved contexts.,2165
Who is Al-Nu'Man Vi Ibn Al-Mundhir's paternal grandfather?,graphrag,0,2-hop,2026-08-21,True,"The answer is fully supported by the retrieved contexts, which identify Al-Nu'man VI as the son of al-Mundhir III ibn al-Harith and al-Mundhir as the son of Al-Harith ibn Jabalah.",2160
Where was the place of burial of Mariamne I's husband?,graphrag,0,2-hop,2026-08-21,True,The answer accurately identifies Herod the Great from the context and correctly notes that his place of burial is not provided in the retrieved texts.,1889
Who is the child of the director of film Kathputli (1971 Film)?,graphrag,0,2-hop,2026-08-21,True,The answer accurately cites the retrieved contexts which confirm that Kathputli (1971 film) was directed by Brij (Brijmohan Sadanah) and that Kamal Sadanah is his son.,3307
Which country the director of film Batman: The Dark Knight Returns (Film) is from?,graphrag,0,2-hop,2026-08-21,True,All claims regarding the director and his nationality/origins are fully supported by the provided text chunks.,3509
What nationality is Margaret Of Hereford's mother?,graphrag,0,2-hop,2026-08-21,True,"The contexts explicitly state that Margaret of Hereford's mother, Sibyl de Neufmarché, was a Cambro-Norman heiress and noblewoman.",2111
"Which film came out first, Festival In Cannes or Petria'S Wreath?",graphrag,0,1-hop,2026-08-21,True,All factual claims and citations are directly supported by the retrieved contexts.,2171
Do director of film D'Annunzio (Film) and director of film Così Parlò Bellavista have the same nationality?,graphrag,0,3+-hop,2026-08-21,False,"The contexts only state that the films are Italian, not the nationalities of directors Sergio Nasca and Luciano De Crescenzo.",2723
"Which film has the director who died first, Big Happiness or Border Romance?",graphrag,0,3+-hop,2026-08-21,True,"All facts, including directors, death dates, and the final conclusion, are fully supported by the retrieved contexts.",2910
"Where did George Tryon, 1St Baron Tryon's father die?",graphrag,0,2-hop,2026-08-21,True,All claims regarding George Tryon's father and the location of his death are fully supported by the retrieved contexts.,2263
Who is the paternal grandmother of Bianca Maria Sforza?,graphrag,0,2-hop,2026-08-21,True,The answer logically deduces Bianca Maria Sforza's paternal grandmother as Bianca Maria Visconti directly from the provided contexts.,1828
"Which film whose director was born first, Meri Jung or La Fille Du Torrent?",graphrag,0,3+-hop,2026-08-21,True,All factual claims regarding the directors of both films and their birth dates are fully supported by the retrieved contexts.,2355
Where was the place of burial of Sultan Cem's father?,graphrag,0,2-hop,2026-08-21,True,The answer accurately identifies Cem's father as Mehmed II based on the context and correctly states that his burial place is not mentioned.,1608
"Which film was released first, Sarah Prefers To Run or Tears Of April?",graphrag,0,1-hop,2026-08-21,True,All facts regarding the release years of both films and the comparison are fully supported by the retrieved contexts.,1400
"Which film has the director born later, Kaalapani or Strictly Modern?",graphrag,0,3+-hop,2026-08-21,True,All statements and inferences are fully supported by the retrieved context.,4331
"Which film has the director who died first, The Admiral Was A Lady or The Whales Of August?",graphrag,0,3+-hop,2026-08-21,True,"All facts, dates, and conclusions in the answer are directly supported by the retrieved contexts.",3266
"Which film whose director was born first, El Lazarillo De Tormes or Balyasakhi?",graphrag,0,3+-hop,2026-08-21,True,"All claims regarding the films, directors, and their respective birth dates are fully supported by the retrieved contexts.",2622
Are Ding Yaping and Johann Christian Gustav Lucae of the same nationality?,graphrag,0,1-hop,2026-08-21,True,All claims about the nationalities of Ding Yaping and Johann Christian Gustav Lucae are directly supported by the retrieved contexts.,2421
"Are both Chak 26/11-L, Chichawatni and Chah-E Ali Kapari located in the same country?",graphrag,0,1-hop,2026-08-21,True,All factual claims regarding the locations of both villages in Pakistan and Iran are fully supported by the cited contexts.,1411
"Who was born first, Enzo Corigliano or Song Dong-Hwan?",graphrag,0,1-hop,2026-08-21,True,The answer accurately states the birthdates of Song Dong-hwan and Enzo Corigliano using the provided contexts.,1762
What is the date of death of the director of film Honest Raj?,graphrag,0,2-hop,2026-08-21,True,The answer accurately cites the director and his date of death based on the provided contexts.,2765
Who is the spouse of the director of film You Talkin' To Me? (Film)?,graphrag,0,2-hop,2026-08-21,True,All claims in the answer are directly supported by the retrieved contexts.,2221
Where was the wife of Ned Manning born?,graphrag,0,2-hop,2026-08-21,True,"The contexts confirm Ned Manning was married to Bronwyn Bancroft and that Bronwyn Bancroft was born in Tenterfield, New South Wales.",1857
What is the place of birth of the director of film The United States Of America (Film)?,graphrag,0,2-hop,2026-08-21,True,"The answer accurately reflects the retrieved contexts, correctly stating the director and noting that a specific place of birth is not provided in the text.",2433
Who is Humphrey Of Montfort's paternal grandmother?,graphrag,0,2-hop,2026-08-21,True,All facts regarding Humphrey of Montfort's lineage to his paternal grandmother Helvis of Ibelin are directly supported by the context.,2548
"Are both villages, Rogozikha and Turbaza ""Katun"", located in the same country?",graphrag,0,1-hop,2026-08-21,True,Both locations are stated to be in Russia in the retrieved contexts [2W-174-P04] and [2W-174-P06].,1024
What nationality is the composer of film Dhilluku Dhuddu 2?,graphrag,0,2-hop,2026-08-21,True,All claims regarding the composer and his nationality are directly supported by the retrieved contexts.,3166
What is the place of birth of the director of film K-9: P.I.?,graphrag,0,2-hop,2026-08-21,True,All claims regarding the director of the film and his place of birth are directly supported by the provided contexts.,2888
"Which film has the director who died earlier, The Right Person or The Curtain Falls?",graphrag,0,3+-hop,2026-08-21,True,Every claim in the answer is fully supported by the provided contexts.,1977
Who is the mother-in-law of Princess Clotilde Of Saxe-Coburg And Gotha?,graphrag,0,2-hop,2026-08-21,True,All factual claims regarding Princess Clotilde's marriage and Archduke Joseph Karl's mother are directly supported by the retrieved contexts.,2196
"Which film has the director who died later, Elle Boit Pas, Elle Fume Pas, Elle Drague Pas, Mais... Elle Cause ! or The Very Eye Of Night?",graphrag,0,3+-hop,2026-08-21,True,All factual claims and dates are fully supported by the retrieved contexts.,2743
Did Neil Hopkins and Lenore E. Walker share the same nationality?,graphrag,0,1-hop,2026-08-21,True,Both contexts explicitly state that Neil Hopkins and Lenore E. Walker are American.,1555
"Which film has the director born earlier, Meera (1945 Film) or Old Mother Riley'S Ghosts?",graphrag,0,3+-hop,2026-08-21,True,"All claims regarding the directors, their birthdates, and the comparison are fully supported by the provided contexts.",1855
"Which film has the director who died later, Suyetchai Mla or Brilliant Lies?",graphrag,0,3+-hop,2026-08-21,False,"The answer's opening claim that Brilliant Lies has the director who died later directly contradicts the retrieved contexts, which show that Guru Dhanapal (director of Suyetchai MLA) died in 2014, late",2925
"Which film came out earlier, Locked In (Film) or Angel'S Rage?",graphrag,0,1-hop,2026-08-21,True,The answer accurately states the release years and correctly identifies which film came out earlier based on the cited contexts.,2186
"Which film was released first, Sankaranum Mohananum or Cold Blade?",graphrag,0,1-hop,2026-08-21,True,All statements about the release years of Cold Blade and Sankaranum Mohananum are directly supported by the retrieved contexts.,3030
"Which film has the director who was born earlier, Ruler Of The Road or Carson City Cyclone?",graphrag,0,3+-hop,2026-08-21,False,"The contexts do not provide birth dates for either director, so the initial claim that Ruler of the Road has the earlier-born director is unsupported.",3532
"Which film whose director was born first, The Liberace Of Baghdad or Wild Heather?",graphrag,0,3+-hop,2026-08-21,True,"All facts and citations are directly supported by the retrieved contexts, including the logical inference that the director of a 1921 film was born before 1965.",3419
"Which film whose director was born first, The Adjuster or Hajen Som Visste För Mycket?",graphrag,0,3+-hop,2026-08-21,True,"All factual claims regarding the directors, their birth dates, and the resulting comparison are fully supported by the retrieved contexts.",2831
Do director of film La Neve Nel Bicchiere and director of film Lucia'S Grace have the same nationality?,graphrag,0,3+-hop,2026-08-21,True,"All factual statements about the films, their directors, and the missing nationality information for Florestano Vancini are fully supported by the retrieved contexts.",2396
"Which album was released earlier, Years Past Matter or Digital Smoke?",graphrag,0,1-hop,2026-08-21,True,All facts and release dates are directly supported by the provided contexts.,1744
"Which film has the director died first, The Girl In The Red Velvet Swing or Ghosts Of Port Arthur?",graphrag,0,3+-hop,2026-08-21,True,"All claims regarding directors, film titles, death dates, and the final conclusion are accurately supported by the retrieved contexts.",2312
Who is Empress Xu (Ming Dynasty)'s father-in-law?,graphrag,0,2-hop,2026-08-21,True,The answer is fully supported by the retrieved contexts through direct statement and light inference.,2380
Do both directors of films Bullet For Stefano and Annabella'S Adventure share the same nationality?,graphrag,0,3+-hop,2026-08-21,False,"The contexts only state that the films are Italian, not that the directors themselves share Italian nationality.",2640
Where did Johan Ludvig Heiberg (Poet)'s father die?,graphrag,0,2-hop,2026-08-21,True,The answer accurately reflects the context which states that Johan Ludvig Heiberg's father settled and lived in Paris until his death.,2655
Where was the place of burial of the director of film High Lane (Film)?,graphrag,0,2-hop,2026-08-21,True,The answer accurately states that High Lane was directed by Abel Ferry and that the provided contexts do not mention his place of burial.,3070
Do both films Homecoming (1984 Film) and Hello Cheyenne have the directors that share the same nationality?,graphrag,0,3+-hop,2026-08-21,True,All facts and requirement citations are fully supported by the retrieved contexts.,3463
"Who is Beatrice Of Burgundy, Lady Of Bourbon's mother-in-law?",graphrag,0,2-hop,2026-08-21,True,All factual statements and inferences in the answer are directly supported by the retrieved contexts.,2056
Where was the director of film Katka'S Reinette Apples born?,graphrag,0,2-hop,2026-08-21,True,The answer accurately cites the director's birthplace from the provided contexts.,3185
"Which film whose director is younger, Told In The Hills or Goodnight, Sweet Marilyn?",graphrag,0,3+-hop,2026-08-21,True,All facts regarding the directors of the films and their respective birth years are directly supported by the retrieved contexts.,2791
"Which film has the director who was born first, Legend Of The Mountain or Three Men To Kill?",graphrag,0,3+-hop,2026-08-21,True,All facts and birth dates are fully supported by the retrieved contexts.,2109
"Who lived longer, Jean-Baptiste-Denis Despré or Lucien Bonaparte Webster?",graphrag,1,1-hop,2026-08-21,True,The lifespans and comparative age calculation for both individuals are fully supported by the retrieved contexts.,1953
"Who died later, Pieter Corneliszoon Hooft or Rudi Carrell?",graphrag,1,1-hop,2026-08-21,True,All dates of death and the conclusion that Rudi Carrell died later are fully supported by the retrieved contexts.,1875
"Which film came out first, Defendor or Njanum Ente Familiyum?",graphrag,1,1-hop,2026-08-21,True,All release dates and the comparison between the two films are directly supported by the context.,3247
"Which film came out first, What Women Love or Ramudu Kadu Krishnudu?",graphrag,1,1-hop,2026-08-21,True,The answer accurately states the release years for both films and correctly determines which came out first based on the provided contexts.,1195
Does Eddie Murray (Rugby League) have the same nationality as Henry Talbot (Photographer)?,graphrag,1,1-hop,2026-08-21,True,All factual claims regarding the nationalities of Eddie Murray and Henry Talbot are accurately supported by the retrieved contexts.,1745
Do Jan Christiaan Lindeman and Jermano Lo Fo Sang have the same nationality?,graphrag,1,1-hop,2026-08-21,True,Both individuals are explicitly identified as Dutch in the provided contexts.,1838
Are both directors of films Tarzan And The Slave Girl and Sweet Crude from the same country?,graphrag,1,3+-hop,2026-08-21,True,"All claims are supported by the context, which identifies the directors and Lee Sholem's nationality while lacking explicit confirmation of Sandy Cioffi's nationality.",2217
"Who was born first, Heo Keon or Ljiljana Nanušević?",graphrag,1,1-hop,2026-08-21,False,The initial statement claiming Heo Keon was born first contradicts the retrieved context showing Ljiljana Nanušević was born earlier in 1981.,1404
Who was born first out of Kazimierz Cichowski and Ellen Margrethe Løj?,graphrag,1,1-hop,2026-08-21,True,"All facts, birth dates, and cited requirement IDs are directly supported by the retrieved contexts.",2734
"Where did Catherine Of Taranto, Countess Of Copertino's mother die?",graphrag,1,2-hop,2026-08-21,True,The answer correctly identifies from the context that Catherine's mother was Mary of Enghien and accurately states that her place of death is not mentioned in the provided text.,1795
Who is Princess Caroline Napoléon's maternal grandmother?,graphrag,1,2-hop,2026-08-21,True,All factual claims regarding Princess Caroline's mother and maternal grandmother are fully supported by the retrieved contexts.,1661
Where was the father of Alina Fernández born?,graphrag,1,2-hop,2026-08-21,True,"The contexts confirm that Alina Fernández is the daughter of Fidel Castro and that Fidel Castro was born in Birán, Oriente.",2265
"Who died later, Adam Purple or Chyskillz?",graphrag,1,1-hop,2026-08-21,False,The claim that Adam Purple died later contradicts the retrieved dates showing Chyskillz died in 2018 and Adam Purple died earlier in 2015.,1897
"Which film whose director was born first, Lions For Lambs or Nowhere In Africa?",graphrag,1,3+-hop,2026-08-21,True,"All factual claims regarding the directors, their birth dates, and the conclusion are fully supported by the retrieved contexts.",2352
"Which film came out earlier, Where Are You? I'M Here or Patnam Vachina Pativrathalu?",graphrag,1,1-hop,2026-08-21,True,"The answer is fully supported by the retrieved contexts, which confirm that Patnam Vachina Pativrathalu was released in 1982 and Where Are You? I'm Here in 1993.",1255
"Where was the place of death of Crato, Count Of Nassau-Saarbrücken's father?",graphrag,1,2-hop,2026-08-21,True,All factual claims and citations are directly supported by the retrieved contexts.,2183
"Which film has the director who was born later, Young Buffalo Bill or The Lacquered Box?",graphrag,1,3+-hop,2026-08-21,True,All facts and inferences regarding the birth dates of the directors and their respective films are accurately supported by the retrieved contexts.,1635
"Do Kim Darby and John Birdsall (Politician, Born 1840) have the same nationality?",graphrag,1,1-hop,2026-08-21,True,All factual statements and cited requirement IDs are directly supported by the retrieved contexts.,1547
"Which film whose director was born first, Sin'S Pay Day or Gunaah (1993 Film)?",graphrag,1,3+-hop,2026-08-21,True,"All factual claims regarding the directors, their birthdates, and the comparison are fully supported by the provided contexts.",3818
Who was the teacher of the composer of film The Cousin From Nowhere (1953 Film)?,graphrag,1,2-hop,2026-08-21,True,The contexts directly confirm that Eduard Künneke composed the operetta the 1953 film is based on and that he was an advanced student of Max Bruch.,2009
"Who is older, Arnold Carl Johansen or Walter Lafferty?",graphrag,1,1-hop,2026-08-21,True,All facts and birth dates are accurately supported by the provided contexts.,1912
"Who was born first, Cornelis Gijsbert Gerrit Jan Van Steenis or Tarsem King, Baron King Of West Bromwich?",graphrag,1,1-hop,2026-08-21,True,The birthdates and the conclusion of who was born first are fully supported by the retrieved contexts.,1871
"Did the movies Mille Bolle Blu and La Moglie Vergine, originate from the same country?",graphrag,1,1-hop,2026-08-21,True,"The answer accurately cites and is fully supported by contexts [2W-022-P05] and [2W-022-P06], which confirm both movies are Italian.",1549
"Who is older, Daniel David Moses or Stanislas Batchi?",graphrag,1,1-hop,2026-08-21,True,The answer is fully supported by the birth dates provided in contexts [2W-023-P03] and [2W-023-P08].,1482
"Which film came out first, Blood And Diamonds or Opened By Mistake?",graphrag,1,1-hop,2026-08-21,True,All statements and the comparison between the release dates of both films are fully supported by the provided contexts.,1325
When was Richard Bootle-Wilbraham's father born?,graphrag,1,2-hop,2026-08-21,True,"The answer accurately states that Richard Bootle-Wilbraham's father was Edward Bootle-Wilbraham, 1st Baron Skelmersdale, and that he was born on 7 March 1771 based on the provided contexts.",2157
"Which film has the producer who is older, Dweepa or Kalank?",graphrag,1,3+-hop,2026-08-21,True,"All factual claims regarding the films, their producers, and birth dates are fully supported by the retrieved contexts.",3915
Who was born first out of Gerda Weissensteiner and Stasys Šaparnis?,graphrag,1,1-hop,2026-08-21,True,Every claim in the answer is directly supported by the retrieved contexts.,1337
Who is the paternal grandfather of George Tupou V?,graphrag,1,2-hop,2026-08-21,True,All factual statements and inferences are fully supported by the retrieved contexts.,1516
"Which film has the director who is older than the other, Odd Job (Film) or Everything'S Ducky? ",graphrag,1,3+-hop,2026-08-21,True,"All facts regarding the directors, their birth years, and the resulting comparison are fully supported by the contexts.",2872
When did Mary Basset's father die?,graphrag,1,2-hop,2026-08-21,True,"The contexts confirm Mary Basset was the daughter of William Roper, who died on 4 January 1578.",3297
"Which film has the director who was born earlier, The Forbidden Trail or A Weaver Of Dreams?",graphrag,1,3+-hop,2026-08-21,False,"The answer self-contradicts and falsely claims that A Weaver of Dreams has the earlier-born director, when the context confirms Robert N. Bradbury (The Forbidden Trail) was born earlier.",2647
"Which film has the director died later, The Wax Model or Khoon Ka Karz?",graphrag,1,3+-hop,2026-08-21,True,All facts regarding the directors of the films and their dates of death are fully supported by the retrieved contexts.,3925
"Are the movies The Urethra Chronicles and Starter For 10 (Film), from the same country?",graphrag,1,1-hop,2026-08-21,True,"The contexts confirm that Starter for 10 is British and The Urethra Chronicles is a documentary centered on the American band Blink-182, supporting that they are not from the same country.",2159
"Which film has the director who was born earlier, Angélique, Marquise Des Anges or That Man George?",graphrag,1,3+-hop,2026-08-21,False,The initial statement that 'That Man George' has the director who was born earlier contradicts both the retrieved contexts and the answer's own reasoning.,2345
"Who lived longer, George F. Sowers or Henrietta Amelia Leeson?",graphrag,1,1-hop,2026-08-21,False,"The conclusion that Henrietta Amelia Leeson lived longer is unsupported by the contexts, which show both lived to age 75 without providing Leeson's exact birth date.",3200
Did Mitch Brian and Harry Kent (Cyclist) share the same nationality?,graphrag,1,1-hop,2026-08-21,True,Every claim in the answer is fully supported by the retrieved contexts.,1463
"Which film has the director who died later, Waiting For The Hearse or The Seventh Sword?",graphrag,1,3+-hop,2026-08-21,True,All facts regarding the directors and their dates of death are directly supported by the context.,2248
Who is Princess Elizabeth Of Greece And Denmark's maternal grandfather?,graphrag,1,2-hop,2026-08-21,True,All claims regarding Princess Elizabeth's mother and maternal grandfather are directly supported by the retrieved contexts.,1682
What is the place of birth of Dianne Bentley's husband?,graphrag,1,2-hop,2026-08-21,True,The answer accurately identifies Dianne Bentley's husband and his birthplace directly from the provided contexts.,2555
What nationality is Sukhumala Marasri's father?,graphrag,1,2-hop,2026-08-21,True,All claims regarding King Mongkut being Sukhumala Marasri's father and the monarch of Siam (Thailand) are supported by the provided contexts.,1655
"Which magazine was founded first, Racing Toward Diversity or Lo Scolaro?",graphrag,1,1-hop,2026-08-21,True,The answer accurately cites publication and founding dates from the provided contexts to conclude that Lo Scolaro was founded first.,1791
"Which film was released earlier, Smiles Of A Summer Night or Two Idiots In Hollywood?",graphrag,1,1-hop,2026-08-21,True,The answer accurately compares the release years of both films based directly on the provided context.,1551
Did Charles Robinson (Raf Airman) and Terri Hooley share the same nationality?,graphrag,1,1-hop,2026-08-21,True,The answer accurately cites the provided contexts and correctly states that Terri Hooley's nationality is not explicitly given.,1798
Do both films All Souls (Film) and Atomised (Film) have the directors from the same country?,graphrag,1,3+-hop,2026-08-21,False,"The answer falsely claims that the directors are from different countries, which contradicts the retrieved context showing both are German.",3026
Where was the director of film Death Of A Friend born?,graphrag,1,2-hop,2026-08-21,True,"The contexts confirm Franco Rossi directed Death of a Friend and was born in Florence, Italy.",3046
Who is the spouse of the director of film Fire-Eater (Film)?,graphrag,1,2-hop,2026-08-21,True,The answer accurately states the facts provided in the text and correctly notes that Pirkko Saisio is identified as Honkasalo's partner rather than spouse.,2420
"Which film has the director born later, No Dough Boys or The Punch And Judy Man?",graphrag,1,3+-hop,2026-08-21,True,All facts including the directors of both films and their respective birth dates are fully supported by the retrieved contexts.,2821
Are Saks Fifth Avenue and Warburg Pincus located in the same country?,graphrag,1,1-hop,2026-08-21,True,All facts and citations in the answer are directly supported by the retrieved contexts.,1542
Are the directors of films Jaco (Film) and Half A Bride both from the same country?,graphrag,1,3+-hop,2026-08-21,True,"All claims are supported by the retrieved contexts, accurately noting that Stephen Kijak and Gregory La Cava are American while Paul Marchand's nationality is not provided.",2678
"Which film has the director who died earlier, My Husband'S Other Wife or ¡Que Viene Mi Marido!?",graphrag,1,3+-hop,2026-08-21,True,"All factual statements regarding the directors, their films, and their dates of death are fully supported by the retrieved contexts.",1953
Are Vivicca Whitsett and Pepa (Rapper) from the same country?,graphrag,1,1-hop,2026-08-21,True,All claims about Vivicca Whitsett and Pepa's identified nationalities are directly supported by the retrieved contexts.,1728
"Which film came out first, Je L'Ai Été Trois Fois or Tamala 2010: A Punk Cat In Space?",graphrag,1,1-hop,2026-08-21,False,The release year 2002 for Tamala 2010: A Punk Cat in Space is not stated in the provided contexts.,2176
"Which film came out first, The Happy Life or King Arthur Was A Gentleman?",graphrag,1,1-hop,2026-08-21,True,"The answer is fully supported by the retrieved contexts, which establish release years of 1942 and 2007 for the respective films.",1248
"Which film has the director who was born earlier, Time For Loving or Un'Altra Vita?",graphrag,1,3+-hop,2026-08-21,True,All facts regarding the directors and their birthdates are directly supported by the context.,2837
"Which film has the director born later, Monsieur Taxi or A Yiddish World Remembered?",graphrag,1,3+-hop,2026-08-21,True,All facts regarding the directors and their birthdates are fully supported by the retrieved contexts.,1529
"Which film has the director who died first, The Squaw Man'S Son or Till We Meet Again (1936 Film)?",graphrag,1,3+-hop,2026-08-21,True,"All factual claims regarding the directors, their death dates, and the resulting comparison are fully supported by the retrieved contexts.",2092
What is the place of birth of Marie Tomášová's husband?,graphrag,1,2-hop,2026-08-21,True,"All facts in the answer, including the identification of Otomar Krejča as Marie Tomášová's husband and his place of birth, are directly supported by the retrieved contexts.",2344
Where did Eduardo Notari's mother die?,graphrag,1,2-hop,2026-08-21,True,The contexts confirm that Eduardo Notari's mother was Elvira Notari and that she died in Cava de' Tirreni.,2277
"Who is younger, Empress Xiaoshurui or Goran Veselinovski?",graphrag,1,1-hop,2026-08-21,True,All factual claims and citations regarding the birth dates and age comparison of Empress Xiaoshurui and Goran Veselinovski are fully supported by the retrieved contexts.,1980
"Which film has the director who died earlier, A Medal For Benny or King Of Chinatown?",graphrag,1,3+-hop,2026-08-21,False,"The answer falsely claims that King of Chinatown has the director who died earlier, which contradicts the provided dates showing Irving Pichel (director of A Medal for Benny) died before Nick Grinde.",2673
"Which film came out earlier, Painted Post (Film) or Katka'S Reinette Apples?",graphrag,1,1-hop,2026-08-21,True,The answer accurately states the release years of both films and correctly identifies which came out earlier based on the provided contexts.,2479
"Who was born earlier, Ela Gandhi or Sebastián Borensztein?",graphrag,1,1-hop,2026-08-21,True,All factual claims including birthdates and the comparison are directly supported by the retrieved contexts.,2861
Was Dudley Russell or Juan René Serrano born first?,graphrag,1,1-hop,2026-08-21,True,The birth dates and the conclusion that Dudley Russell was born first are fully supported by the retrieved contexts.,1345
Are Bilthoven and Herveld both located in the same country?,graphrag,1,1-hop,2026-08-21,True,The contexts confirm that both Bilthoven and Herveld are villages located in Dutch provinces.,2171
Who is the spouse of the director of film The Glass Boat?,graphrag,1,2-hop,2026-08-21,True,Every claim in the answer is supported by the retrieved contexts.,2480
What is the place of birth of the director of film A Woman'S Face (1938 Film)?,graphrag,1,2-hop,2026-08-21,True,The answer accurately identifies the director and his birthplace based on the provided contexts.,2662
Are both directors of films The Princess Bride (Film) and I Never Sang For My Father from the same country?,graphrag,1,3+-hop,2026-08-21,True,All facts stated in the answer are fully supported by the retrieved contexts.,2530
"Which film has the director who was born later, El Extraño Viaje or Love In Pawn?",graphrag,1,3+-hop,2026-08-21,True,All facts regarding the directors and their birth dates are directly supported by the context.,2506
Who is Charlotte Of Schaumburg-Lippe's father?,graphrag,1,2-hop,2026-08-21,True,The answer directly identifies Charlotte's father as Prince Wilhelm Karl August of Schaumburg-Lippe as supported by context [2W-069-P07].,1555
"Which film came out first, A Girl'S Folly or The Original Latin Kings Of Comedy?",graphrag,1,1-hop,2026-08-21,True,The contexts confirm that A Girl's Folly was released in 1917 and The Original Latin Kings of Comedy was released in 2002.,1213
"Who was born later, Borys Karnicki or Admir Velagić?",graphrag,1,1-hop,2026-08-21,True,All birth dates and the conclusion that Admir Velagić was born later are directly supported by the context.,1101
Are Paula Arundell and Trent Grimsey both from the same country?,graphrag,1,1-hop,2026-08-21,True,The answer accurately uses the retrieved contexts to confirm that both Paula Arundell and Trent Grimsey are Australian.,1371
Where did Hal Steinbrenner's father die?,graphrag,1,2-hop,2026-08-21,True,"The answer is completely supported by the retrieved contexts, which state that Hal Steinbrenner's father, George Steinbrenner, died in his Tampa home.",1999
"Who is older, Oreste Scalzone or John Dugard?",graphrag,1,1-hop,2026-08-21,True,All birth dates and the resulting age comparison are directly supported by the retrieved contexts.,2795
"Which film has the director who was born first, The Millionaire'S Double or The Groundstar Conspiracy?",graphrag,1,3+-hop,2026-08-21,True,"All claims regarding the films, their directors, birth dates, and the final comparison are fully supported by the provided contexts.",3102
"Which film was released earlier, Navavadhu or The January Man?",graphrag,1,1-hop,2026-08-21,True,The answer accurately compares the release years of Navavadhu (1971) and The January Man (1989) based on the provided contexts.,3031
"Where did Frederick, Hereditary Prince Of Baden-Durlach's father die?",graphrag,1,2-hop,2026-08-21,True,"All facts, including Frederick's father being Charles III William and his place of death being Karlsruhe, are directly supported by the retrieved contexts.",1571
"Which film has the director who is older, Heremias or S.P.Q.R.: 2,000 And A Half Years Ago?",graphrag,1,3+-hop,2026-08-21,True,All facts and logical comparisons are directly supported by the retrieved contexts.,3426
"Were both Pietro Salini and Domenico Ravenna, born in the same place?",graphrag,1,1-hop,2026-08-21,True,All statements accurately reflect the information provided in the retrieved contexts.,1621
"Which film has the director born earlier, Street Of No Return or Stage Door?",graphrag,1,3+-hop,2026-08-21,True,"All factual claims regarding the directors, their birth dates, and their associated films are directly supported by the retrieved contexts.",2424
"Which film has the director who died first, Sons Of Bitches or Di Che Segno Sei??",graphrag,1,3+-hop,2026-08-21,True,All facts regarding the directors of both films and their dates of death are directly supported by the retrieved contexts.,2308
"Which magazine came out first, Sri Ramakrishna Vijayam or Tait'S Edinburgh Magazine?",graphrag,1,1-hop,2026-08-21,True,All factual claims in the answer regarding the founding years of both magazines are fully supported by the referenced contexts.,1818
"Which film has the director who died earlier, Here Is The Beauty or Whirl Of Youth?",graphrag,1,3+-hop,2026-08-21,True,All facts regarding the directors of the two films and their death dates are accurately grounded in the retrieved contexts.,2467
"Who is older, Artyom Novichonok or Lyubov Kiryukhina-Tsyoma?",graphrag,1,1-hop,2026-08-21,True,The answer accurately compares the birth dates of both individuals as supported by the provided contexts.,1648
Who was born first out of Andrea Di Vito and Barbara Fairchild?,graphrag,1,1-hop,2026-08-21,True,All facts and cited dates directly match the retrieved contexts.,1267
What is the place of birth of the director of film The New Kids?,graphrag,1,2-hop,2026-08-21,True,The answer accurately states what information is present in the context and correctly identifies that the specific place of birth is not provided.,1664
"What is the place of birth of Rudolf Christian, Count Of East Frisia's father?",graphrag,1,2-hop,2026-08-21,True,All factual statements are directly supported by contexts [2W-087-P01] and [2W-087-P06].,2169
"Which film was released earlier, Samundi or Babilonia?",graphrag,1,1-hop,2026-08-21,True,The release years for both films and the resulting comparison are accurately supported by the retrieved contexts.,2431
Do director of film Trouble In The Glen and director of film Hennessy (Film) have the same nationality?,graphrag,1,3+-hop,2026-08-21,True,"All factual claims regarding the directors, their films, and their nationalities are supported by the retrieved contexts.",1676
"Who was born earlier, Denis Rogers or Zelma Wilson?",graphrag,1,1-hop,2026-08-21,True,All birth dates and the comparison are directly supported by the retrieved contexts.,1317
"Which film has the director born first, Escape From The Dark or Bulundi?",graphrag,1,3+-hop,2026-08-21,True,All facts including the directors of both films and their birth dates are completely supported by the retrieved contexts.,2543
"Which film has the director who died later, The Heart Of Nora Flynn or A Vanished World?",graphrag,1,3+-hop,2026-08-21,False,"The answer claims in its opening sentence that A Vanished World has the director who died later, which contradicts the context showing Cecil B. DeMille died after Alexander Korda.",3605
Are Trenton Aerodrome and Mackenzie Airport both located in the same country?,graphrag,1,1-hop,2026-08-21,True,The contexts confirm that both Trenton Aerodrome and Mackenzie Airport are located in Canada.,836
"Which film has the director born first, Free Hand For A Tough Cop or Man'S Favorite Sport??",graphrag,1,3+-hop,2026-08-21,True,All factual statements regarding the film directors and their birthdates are directly supported by the context.,3100
What is the place of birth of Lupe Rumazo's father?,graphrag,1,2-hop,2026-08-21,True,The answer accurately identifies Lupe Rumazo's father and his birthplace based on the provided contexts.,3840
Are Mount Queen Mary and Curia Mountain located in the same country?,graphrag,1,1-hop,2026-08-21,False,"The answer begins with 'No', directly contradicting the supported fact and its own conclusion that both mountains are located in Canada.",1616
"Which film was released earlier, Robotech: The Movie or Lakeeran?",graphrag,1,1-hop,2026-08-21,True,Every claim in the answer is directly supported by the retrieved contexts.,1010
"Who is younger, R. Nagarajan or Agneta Engström?",graphrag,1,1-hop,2026-08-21,True,All facts and cited sources regarding the birth dates and age comparison of Agneta Engström and R. Nagarajan are fully supported by the retrieved contexts.,1335
"Which film has the director who died earlier, Up In The World or Gioventù Alla Sbarra?",graphrag,1,3+-hop,2026-08-21,False,The claim that Gioventù alla sbarra is the correct answer cannot be verified because the context lacks the death date for John Paddy Carstairs.,2900
Where did the composer of film Kilippattu (Film) die?,graphrag,1,2-hop,2026-08-21,True,All factual claims regarding the composer of Kilippattu and the location of his death are fully supported by the provided contexts.,3192
Where did the composer of film Before Sunset study?,graphrag,1,2-hop,2026-08-21,True,"The answer accurately reflects the retrieved contexts, stating that the composer is not identified and faithfully citing information about the film's contributors.",1436
"Which film has the director who died later, Farewell, My Beautiful Lady or Night 'N' Gales?",graphrag,1,3+-hop,2026-08-21,True,"All claims regarding the directors, their death dates, and the resulting comparison are fully supported by the retrieved contexts.",2152
Does Éric Ruf have the same nationality as Jean Léonard Marie Poiseuille?,graphrag,1,1-hop,2026-08-21,True,The contexts confirm that both Éric Ruf and Jean Léonard Marie Poiseuille are French.,1205
Where was the founder of university Vermont Studio Center born?,graphrag,1,2-hop,2026-08-21,True,The answer accurately states that the birthplace of the founder is not present in the provided contexts.,1976
Are Marib Airport and Lee County Airport (Virginia) both located in the same country?,graphrag,1,1-hop,2026-08-21,True,All facts stated in the answer are directly supported by the retrieved contexts.,1050
What is the place of birth of the performer of song Heaven (Namie Amuro Song)?,graphrag,1,2-hop,2026-08-21,True,"The answer is fully supported by the retrieved contexts, which state that Namie Amuro performed the song and was born in Naha, Okinawa, Japan.",2216
Where did Shivaji Ii's father die?,graphrag,1,2-hop,2026-08-21,True,All statements regarding Shivaji II's father being Rajaram I and his place of death being Sinhagad are directly supported by the retrieved contexts.,1337
Where did Paulding Farnham's wife die?,graphrag,1,2-hop,2026-08-21,True,The answer accurately states that the death location of Sally James Farnham is not provided in the context and correctly summarizes the available information.,1972
What is the place of birth of Oliver Penrose's father?,graphrag,1,2-hop,2026-08-21,True,The contexts identify Lionel Penrose as Oliver Penrose's father but do not state his place of birth.,1985
"Who is younger, Adam Morawski or Matt Kilcullen?",graphrag,1,1-hop,2026-08-21,True,"All facts and birth dates are fully supported by the retrieved contexts, confirming Adam Morawski is younger.",1009
Which award the director of film Solstice (Film) received?,graphrag,1,2-hop,2026-08-21,True,All factual claims in the answer are directly supported by the retrieved contexts.,2932
"Are director of film The Case Is Closed, Forget It and director of film Le Signorine Dello 04 from the same country?",graphrag,1,3+-hop,2026-08-21,False,"The contexts identify the film 'The Case Is Closed, Forget It' as an Italian film, but do not state the nationality or country of its director, Damiano Damiani.",2819
Who is the father of the director of film Dino Ki Dulhaniya?,graphrag,1,2-hop,2026-08-21,True,The answer accurately cites the director of the film and identifies her father using the provided contexts.,3621
Are both directors of films Dead Man Running and Night Alone from the same country?,graphrag,1,3+-hop,2026-08-21,True,All factual claims regarding the directors of the films and their British nationality are directly supported by the context.,1977
Do director of film Brain Damage (Film) and director of film The Hole In The Ground (Film) have the same nationality?,graphrag,1,3+-hop,2026-08-21,False,"The answer begins with 'Yes', which falsely claims that the two directors share the same nationality, directly contradicting the retrieved contexts showing one is American and the other is Irish.",2858
"Which film has the director who was born later, L'Eclisse or A Matter Of Morals?",graphrag,1,3+-hop,2026-08-21,True,"All claims regarding the films, their directors, birth dates, and the final comparison are fully supported by the provided contexts.",2960
"Who was born later, Jay T. Harris or Amie Casey?",graphrag,1,1-hop,2026-08-21,True,The answer accurately compares the birth dates of Amie Casey and Jay T. Harris using only the provided contexts.,1545
Where was the director of film Chopsticks (Film) born?,graphrag,1,2-hop,2026-08-21,True,The answer accurately reflects that the retrieved context identifies the director as Sachin Yardi but does not specify his birthplace.,3900
"Which film whose director was born first, Flesh And The Spur or Memories Of A Mexican?",graphrag,1,3+-hop,2026-08-21,True,All factual statements and birth comparisons are fully supported by the retrieved contexts.,2103
Who is the father of Alexios Iii Angelos?,graphrag,1,2-hop,2026-08-21,False,"The contexts identify Isaac II Angelos as Alexios III's brother and name their father as Andronikos Doukas Angelos, contradicting the answer's claim that this information is absent.",2664
"Which magazine came out first, Family Herald or Books For Keeps?",graphrag,1,1-hop,2026-08-21,True,All facts and publication dates in the answer are directly supported by the retrieved contexts.,1332
"Which film has the director born earlier, Trail To Vengeance or Sally'S Irish Rogue?",graphrag,1,3+-hop,2026-08-21,True,All facts regarding both films and the birth dates of their respective directors are directly supported by the retrieved contexts.,2137
Where was the composer of film Billy Elliot born?,graphrag,1,2-hop,2026-08-21,True,"The answer is fully supported by the retrieved contexts, which identify Stephen Warbeck as the composer and state he was born in Southampton, Hampshire.",1795
"Which film has the director who is older than the other, Velli Vizha or A Year Ago In Winter? ",graphrag,1,3+-hop,2026-08-21,True,All facts regarding the directors of the films and their birth dates are fully supported by the retrieved contexts.,2422
"Which film came out earlier, Kalyana Mandapam or Lucrèce Borgia?",graphrag,1,1-hop,2026-08-21,True,All release years and the comparison between the films are accurately cited and fully supported by the provided contexts.,3400
"Which film was released more recently, Bhanwarey or Harlem Nights?",graphrag,1,1-hop,2026-08-21,True,All facts and release dates are directly supported by the retrieved contexts.,3261
"Which film has the director who was born first, Valley Of The Redwoods or The Law Of Men?",graphrag,1,3+-hop,2026-08-21,True,All facts and comparisons in the answer are fully supported by the retrieved contexts.,2927
"Which film has the director who was born earlier, The Blackmailers or Re-Animator?",graphrag,1,3+-hop,2026-08-21,True,All facts regarding the directors of the films and their birth dates are directly supported by the context.,3374
Are Graduate University Of Advanced Technology and Fruita Schoolhouse located in the same country?,graphrag,1,1-hop,2026-08-21,True,All facts and cited source IDs are directly supported by the retrieved contexts.,1131
Who is Paolo Ii Vitelli's maternal grandfather?,graphrag,1,2-hop,2026-08-21,True,"The answer is fully supported by the retrieved contexts, which identify Angela de' Rossi as Paolo II Vitelli's mother and Troilo I de' Rossi as her father.",1832
Do both films: Blockade (1938 Film) and Woman In The River have the directors from the same country?,graphrag,1,3+-hop,2026-08-21,True,"All claims are accurately supported by the provided text, which confirms that both directors are German.",3505
"Which film has the director died later, Mexican Spitfire'S Elephant or Revenge (1918 Film)?",graphrag,1,3+-hop,2026-08-21,True,All facts and comparisons regarding the directors and their dates of death are directly supported by the retrieved contexts.,1965
What is the place of birth of the director of film Walerjan Wrobel'S Homesickness?,graphrag,1,2-hop,2026-08-21,True,"The answer accurately identifies the director as Rolf Schübel and his birthplace as Stuttgart, Germany, directly supported by the context.",3157
Do both films September Affair and A Gathering Of Eagles have the directors that share the same nationality?,graphrag,1,3+-hop,2026-08-21,False,"The answer falsely claims that the retrieved context indicates different nationalities for the two directors, whereas the context does not contain Delbert Mann's nationality at all.",3948
"Which film has the director died earlier, Hôtel Du Nord or Down In 'Arkansaw'?",graphrag,1,3+-hop,2026-08-21,False,"The context does not contain the death date for Nick Grinde, making the claim that Hôtel du Nord has the earlier-deceased director unsupported.",2261
Who is Adolf Ernst Of Limburg Stirum's paternal grandfather?,graphrag,1,2-hop,2026-08-21,False,"The answer incorrectly claims the context lacks Hermann Otto I's father, whereas chunk [2W-136-P08] explicitly states he was the son of Jobst of Limburg Stirum.",1752
When did Harald Sigtryggsson's father die?,graphrag,1,2-hop,2026-08-21,True,All claims regarding Harald Sigtryggsson's father being Sitric Cáech and his death in 927 are directly supported by the context.,3374
Where did Richard Altham's father study?,graphrag,1,2-hop,2026-08-21,True,"The answer is fully supported by the retrieved contexts, which state that Richard Altham's father, Harry Altham, was educated at Repton School and Trinity College, Oxford.",1304
"Which film has the director who is older than the other, Zwemplaats Voor Jongelingen Te Amsterdam or Client 9: The Rise And Fall Of Eliot Spitzer? ",graphrag,1,3+-hop,2026-08-21,True,"All factual statements regarding the films, directors, and their dates of birth are directly supported by the retrieved contexts.",3843
Where was the editor of magazine Argentus born?,graphrag,1,2-hop,2026-08-21,True,The answer is completely supported by the provided contexts.,2375
"Which song was released more recently, Go Ahead And Break My Heart or Knee Deep In My Heart?",graphrag,1,1-hop,2026-08-21,True,All facts and release dates are directly supported by the retrieved contexts.,1820
Where was the place of burial of the director of film Loose Ankles?,graphrag,1,2-hop,2026-08-21,True,The answer accurately cites the director of Loose Ankles and his burial location directly from the provided contexts.,3583
"Which film has the director who died later, The House Behind The Cedars or First Case, Second Case?",graphrag,1,3+-hop,2026-08-21,True,"All facts, including film directors, death dates, and the conclusion, are accurately supported by the retrieved contexts.",3492
Where did the performer of song Girlfriend (Alicia Keys Song) study?,graphrag,1,2-hop,2026-08-21,True,The answer accurately states that Alicia Keys performed the song based on the context and correctly notes that the context does not mention where she studied.,2730
Does Devorah Rose have the same nationality as Jay Hambidge?,graphrag,1,1-hop,2026-08-21,True,All claims about Devorah Rose and Jay Hambidge sharing American nationality are fully supported by the retrieved contexts.,1648
Where did Princess Catherine Of Schleswig-Holstein-Sonderburg-Beck's father die?,graphrag,1,2-hop,2026-08-21,True,All factual claims regarding Princess Catherine's father and his place of death are directly supported by the context.,2020
"Which film whose director is younger, The Jazz Cinderella or The Battle Of Jangsari?",graphrag,1,3+-hop,2026-08-21,True,All facts and claims in the answer are directly supported by the retrieved contexts.,1749
Who is the paternal grandmother of King Kang Of Zhou?,graphrag,1,2-hop,2026-08-21,False,"The answer contradicts the retrieved context, which explicitly names King Cheng's mother (and thus King Kang's paternal grandmother) as Queen Yi Jiang.",2385
"Who is Hans Albrecht, Hereditary Prince Of Schleswig-Holstein's maternal grandmother?",graphrag,1,2-hop,2026-08-21,True,All statements and familial relationships in the answer are directly supported by the retrieved contexts.,2091
Who is Al-Nu'Man Vi Ibn Al-Mundhir's paternal grandfather?,graphrag,1,2-hop,2026-08-21,True,The answer is directly supported by the retrieved contexts regarding the lineage of Al-Nu'man VI ibn al-Mundhir.,2191
Where was the place of burial of Mariamne I's husband?,graphrag,1,2-hop,2026-08-21,True,The answer correctly identifies Herod the Great as Mariamne I's husband and accurately states that his burial place is not mentioned in the retrieved contexts.,2001
Who is the child of the director of film Kathputli (1971 Film)?,graphrag,1,2-hop,2026-08-21,True,All facts regarding the director of the film Kathputli and his children are fully supported by the provided contexts.,3267
Which country the director of film Batman: The Dark Knight Returns (Film) is from?,graphrag,1,2-hop,2026-08-21,True,The answer accurately states that Jay Oliva directed the film and is described as Filipino-American based on the provided contexts.,3446
What nationality is Margaret Of Hereford's mother?,graphrag,1,2-hop,2026-08-21,True,The answer accurately reflects the information in the retrieved contexts and correctly cites the source chunks.,2190
"Which film came out first, Festival In Cannes or Petria'S Wreath?",graphrag,1,1-hop,2026-08-21,True,"The contexts confirm that Petria's Wreath was released in 1980 and Festival in Cannes in 2001, making Petria's Wreath the earlier film.",2151
Do director of film D'Annunzio (Film) and director of film Così Parlò Bellavista have the same nationality?,graphrag,1,3+-hop,2026-08-21,False,"The affirmative answer 'Yes' is not supported by the context, as the contexts do not specify the nationalities of either director.",2808
"Which film has the director who died first, Big Happiness or Border Romance?",graphrag,1,3+-hop,2026-08-21,True,"All claims about the films, their directors, and the directors' death dates are fully supported by the retrieved context.",2905
"Where did George Tryon, 1St Baron Tryon's father die?",graphrag,1,2-hop,2026-08-21,True,All claims regarding the father's identity and his place/circumstances of death are fully supported by the retrieved contexts.,2098
Who is the paternal grandmother of Bianca Maria Sforza?,graphrag,1,2-hop,2026-08-21,True,All statements and relations are fully supported by the provided contexts.,1822
"Which film whose director was born first, Meri Jung or La Fille Du Torrent?",graphrag,1,3+-hop,2026-08-21,True,All facts and birth dates are fully supported by the provided context.,2498
Where was the place of burial of Sultan Cem's father?,graphrag,1,2-hop,2026-08-21,True,The answer accurately identifies Sultan Cem's father from the text and correctly states that the burial place is not provided in the retrieved context.,1540
"Which film was released first, Sarah Prefers To Run or Tears Of April?",graphrag,1,1-hop,2026-08-21,True,The answer accurately states the release years and order based on the provided contexts.,1242
"Which film has the director born later, Kaalapani or Strictly Modern?",graphrag,1,3+-hop,2026-08-21,True,"All facts, including the directors' names, birth details, and the inference based on film release dates, are fully supported by the retrieved contexts.",4201
"Which film has the director who died first, The Admiral Was A Lady or The Whales Of August?",graphrag,1,3+-hop,2026-08-21,True,All claims regarding the directors of both films and their respective dates of death are fully supported by the retrieved contexts.,3222
"Which film whose director was born first, El Lazarillo De Tormes or Balyasakhi?",graphrag,1,3+-hop,2026-08-21,True,"All factual claims, including the directors' identities and birth dates, are directly supported by the retrieved contexts.",2610
Are Ding Yaping and Johann Christian Gustav Lucae of the same nationality?,graphrag,1,1-hop,2026-08-21,True,All factual claims made in the answer are directly supported by the retrieved contexts.,2297
"Are both Chak 26/11-L, Chichawatni and Chah-E Ali Kapari located in the same country?",graphrag,1,1-hop,2026-08-21,True,All facts and cited requirement IDs are directly supported by the retrieved contexts.,1345
"Who was born first, Enzo Corigliano or Song Dong-Hwan?",graphrag,1,1-hop,2026-08-21,True,"The birth dates of both Song Dong-hwan and Enzo Corigliano are accurately supported by the retrieved contexts, confirming Song Dong-hwan was born first.",1769
What is the date of death of the director of film Honest Raj?,graphrag,1,2-hop,2026-08-21,True,The answer accurately cites the director and his date of death based on the provided contexts.,2724
Who is the spouse of the director of film You Talkin' To Me? (Film)?,graphrag,1,2-hop,2026-08-21,True,All factual claims regarding the director of the film and his spouse are directly supported by the retrieved contexts.,2232
Where was the wife of Ned Manning born?,graphrag,1,2-hop,2026-08-21,True,"All claims regarding Ned Manning's past marriage to Bronwyn Bancroft and her birthplace in Tenterfield, New South Wales are directly supported by the retrieved contexts.",1860
What is the place of birth of the director of film The United States Of America (Film)?,graphrag,1,2-hop,2026-08-21,True,The answer accurately summarizes the retrieved context and correctly notes that an explicit place of birth is not stated.,2659
Who is Humphrey Of Montfort's paternal grandmother?,graphrag,1,2-hop,2026-08-21,True,"The answer is completely supported by the retrieved contexts, which establish that Humphrey is the son of Philip of Montfort and Philip is the son of Helvis of Ibelin.",2676
"Are both villages, Rogozikha and Turbaza ""Katun"", located in the same country?",graphrag,1,1-hop,2026-08-21,True,"Both contexts explicitly confirm that Rogozikha and Turbaza ""Katun"" are located in Russia.",995
What nationality is the composer of film Dhilluku Dhuddu 2?,graphrag,1,2-hop,2026-08-21,True,The answer accurately states that Shabir composed the film's soundtrack and is from Singapore based on the provided contexts.,3098
What is the place of birth of the director of film K-9: P.I.?,graphrag,1,2-hop,2026-08-21,True,The answer accurately identifies the director and his birthplace directly from the provided contexts.,2851
"Which film has the director who died earlier, The Right Person or The Curtain Falls?",graphrag,1,3+-hop,2026-08-21,True,"All claims regarding the directors, their death dates, and the resulting comparison are fully supported by the retrieved contexts.",2065
Who is the mother-in-law of Princess Clotilde Of Saxe-Coburg And Gotha?,graphrag,1,2-hop,2026-08-21,True,All factual claims regarding Princess Clotilde's marriage and her mother-in-law Duchess Maria Dorothea of Württemberg are fully supported by the retrieved contexts.,2525
"Which film has the director who died later, Elle Boit Pas, Elle Fume Pas, Elle Drague Pas, Mais... Elle Cause ! or The Very Eye Of Night?",graphrag,1,3+-hop,2026-08-21,True,"All facts regarding the directors, their death dates, and the resulting film comparison are directly supported by the context.",2843
Did Neil Hopkins and Lenore E. Walker share the same nationality?,graphrag,1,1-hop,2026-08-21,True,The answer accurately cites and directly derives its conclusion from the provided contexts.,1640
"Which film has the director born earlier, Meera (1945 Film) or Old Mother Riley'S Ghosts?",graphrag,1,3+-hop,2026-08-21,True,All facts including the directors of both films and their respective birth dates are fully supported by the context.,1866
"Which film has the director who died later, Suyetchai Mla or Brilliant Lies?",graphrag,1,3+-hop,2026-08-21,False,"The initial statement 'Brilliant Lies' contradicts the context, which shows that Guru Dhanapal (director of Suyetchai MLA) died in 2014, later than Richard Franklin in 2007.",3372
"Which film came out earlier, Locked In (Film) or Angel'S Rage?",graphrag,1,1-hop,2026-08-21,True,The contexts confirm that Angel's Rage was released in 2006 and Locked In was released in 2010.,2167
"Which film was released first, Sankaranum Mohananum or Cold Blade?",graphrag,1,1-hop,2026-08-21,True,The contexts confirm that Cold Blade was released in 1970 and Sankaranum Mohananum was released in 2011.,3012
"Which film has the director who was born earlier, Ruler Of The Road or Carson City Cyclone?",graphrag,1,3+-hop,2026-08-21,True,"The answer accurately identifies the directors from the context and correctly states that their birth dates are missing, preventing a comparison.",3392
"Which film whose director was born first, The Liberace Of Baghdad or Wild Heather?",graphrag,1,3+-hop,2026-08-21,False,"The claim naming Wild Heather is unsupported because the retrieved contexts do not provide the birth date of its director, Cecil Hepworth.",3290
"Which film whose director was born first, The Adjuster or Hajen Som Visste För Mycket?",graphrag,1,3+-hop,2026-08-21,True,All facts and conclusions in the answer are directly supported by the retrieved contexts.,2832
Do director of film La Neve Nel Bicchiere and director of film Lucia'S Grace have the same nationality?,graphrag,1,3+-hop,2026-08-21,True,All factual claims regarding the films and directors are fully supported by the retrieved contexts.,2516
"Which album was released earlier, Years Past Matter or Digital Smoke?",graphrag,1,1-hop,2026-08-21,True,All release dates and the comparison are directly supported by the context chunks.,1723
"Which film has the director died first, The Girl In The Red Velvet Swing or Ghosts Of Port Arthur?",graphrag,1,3+-hop,2026-08-21,True,"All claims about the films' directors, their death dates, and the resulting comparison are fully supported by the retrieved contexts.",2278
Who is Empress Xu (Ming Dynasty)'s father-in-law?,graphrag,1,2-hop,2026-08-21,True,The answer logically deduces Empress Xu's father-in-law using verified facts from the provided contexts.,2461
Do both directors of films Bullet For Stefano and Annabella'S Adventure share the same nationality?,graphrag,1,3+-hop,2026-08-21,False,The contexts identify the films as Italian but do not provide the nationalities of directors Duilio Coletti and Leo Menardi.,2622
Where did Johan Ludvig Heiberg (Poet)'s father die?,graphrag,1,2-hop,2026-08-21,True,"The answer accurately reflects the context, quoting the information about Peter Andreas Heiberg living in Paris until his death in 1841.",2566
Where was the place of burial of the director of film High Lane (Film)?,graphrag,1,2-hop,2026-08-21,True,The answer accurately reflects the information in the provided context and correctly notes that the place of burial is not mentioned.,2999
Do both films Homecoming (1984 Film) and Hello Cheyenne have the directors that share the same nationality?,graphrag,1,3+-hop,2026-08-21,True,All facts regarding the directors of both films and their respective nationalities are directly supported by the retrieved contexts.,3437
"Who is Beatrice Of Burgundy, Lady Of Bourbon's mother-in-law?",graphrag,1,2-hop,2026-08-21,True,All facts in the answer are directly supported by the retrieved contexts.,2052
Where was the director of film Katka'S Reinette Apples born?,graphrag,1,2-hop,2026-08-21,True,The answer accurately states that Fridrikh Ermler directed the film and was born in Rēzekne based on the provided context.,3207
"Which film whose director is younger, Told In The Hills or Goodnight, Sweet Marilyn?",graphrag,1,3+-hop,2026-08-21,True,All facts regarding the directors of the films and their respective birthdates are directly supported by the retrieved contexts.,2863
"Which film has the director who was born first, Legend Of The Mountain or Three Men To Kill?",graphrag,1,3+-hop,2026-08-21,True,All facts regarding the directors of the films and their respective birth dates are fully supported by the retrieved contexts.,2057
"Who lived longer, Jean-Baptiste-Denis Despré or Lucien Bonaparte Webster?",graphrag,2,1-hop,2026-08-21,True,All facts and lifespan calculations are fully supported by the provided contexts.,2095
"Who died later, Pieter Corneliszoon Hooft or Rudi Carrell?",graphrag,2,1-hop,2026-08-21,True,The answer accurately compares the death dates of Pieter Corneliszoon Hooft and Rudi Carrell using the provided contexts.,2077
"Which film came out first, Defendor or Njanum Ente Familiyum?",graphrag,2,1-hop,2026-08-21,True,"The release dates for both Defendor and Njanum Ente Familiyum are accurately cited from the retrieved contexts, confirming Defendor came out first.",3174
"Which film came out first, What Women Love or Ramudu Kadu Krishnudu?",graphrag,2,1-hop,2026-08-21,True,All claims in the answer are directly supported by the retrieved contexts.,1313
Does Eddie Murray (Rugby League) have the same nationality as Henry Talbot (Photographer)?,graphrag,2,1-hop,2026-08-21,True,All statements and nationality details are directly supported by the retrieved contexts.,1900
Do Jan Christiaan Lindeman and Jermano Lo Fo Sang have the same nationality?,graphrag,2,1-hop,2026-08-21,True,"Both individuals are explicitly identified as Dutch in the provided context, supporting the conclusion that they have the same nationality.",1910
Are both directors of films Tarzan And The Slave Girl and Sweet Crude from the same country?,graphrag,2,3+-hop,2026-08-21,True,All statements and requirement citations in the answer are fully supported by the retrieved contexts.,2269
"Who was born first, Heo Keon or Ljiljana Nanušević?",graphrag,2,1-hop,2026-08-21,False,The initial statement that Heo Keon was born first directly contradicts the retrieved contexts.,1396
Who was born first out of Kazimierz Cichowski and Ellen Margrethe Løj?,graphrag,2,1-hop,2026-08-21,True,The answer accurately compares the birth dates of Kazimierz Cichowski and Ellen Margrethe Løj as supported by the retrieved contexts.,2802
"Where did Catherine Of Taranto, Countess Of Copertino's mother die?",graphrag,2,2-hop,2026-08-21,True,The answer accurately states that the death location of Catherine of Taranto's mother is not provided in the retrieved contexts while accurately referencing the available details.,1706
Who is Princess Caroline Napoléon's maternal grandmother?,graphrag,2,2-hop,2026-08-21,True,All claims and citations correctly deduce Princess Caroline Napoléon's maternal grandmother from the retrieved contexts.,1676
Where was the father of Alina Fernández born?,graphrag,2,2-hop,2026-08-21,True,"The answer accurately cites the retrieved contexts to identify Fidel Castro as Alina Fernández's father and state his birthplace as Birán, Oriente.",2300
"Who died later, Adam Purple or Chyskillz?",graphrag,2,1-hop,2026-08-21,True,All facts and cited dates regarding Adam Purple and Chyskillz's deaths are fully supported by the retrieved contexts.,1779
"Which film whose director was born first, Lions For Lambs or Nowhere In Africa?",graphrag,2,3+-hop,2026-08-21,False,"The answer begins by incorrectly naming Nowhere in Africa even though the context demonstrates that Robert Redford, the director of Lions for Lambs, was born first.",2556
"Which film came out earlier, Where Are You? I'M Here or Patnam Vachina Pativrathalu?",graphrag,2,1-hop,2026-08-21,True,The answer correctly identifies release years from the provided contexts (1982 vs. 1993) and concludes Patnam Vachina Pativrathalu came out earlier.,1260
"Where was the place of death of Crato, Count Of Nassau-Saarbrücken's father?",graphrag,2,2-hop,2026-08-21,True,All facts regarding Crato's father and his place of death in Metz are fully supported by the provided context chunks.,2154
"Which film has the director who was born later, Young Buffalo Bill or The Lacquered Box?",graphrag,2,3+-hop,2026-08-21,True,All facts and conclusions are fully supported by the retrieved contexts.,1558
"Do Kim Darby and John Birdsall (Politician, Born 1840) have the same nationality?",graphrag,2,1-hop,2026-08-21,True,All claims regarding the American nationality of both Kim Darby and John Birdsall are directly supported by the retrieved contexts.,1594
"Which film whose director was born first, Sin'S Pay Day or Gunaah (1993 Film)?",graphrag,2,3+-hop,2026-08-21,True,All facts regarding the directors of both films and their birth dates are completely supported by the provided contexts.,3837
Who was the teacher of the composer of film The Cousin From Nowhere (1953 Film)?,graphrag,2,2-hop,2026-08-21,True,"All claims in the answer regarding the film's composer and his teacher, Max Bruch, are directly supported by the retrieved contexts.",1980
"Who is older, Arnold Carl Johansen or Walter Lafferty?",graphrag,2,1-hop,2026-08-21,True,All birth dates and the resulting age comparison are fully supported by the retrieved contexts.,1896
"Who was born first, Cornelis Gijsbert Gerrit Jan Van Steenis or Tarsem King, Baron King Of West Bromwich?",graphrag,2,1-hop,2026-08-21,True,The answer accurately states the birth dates and correctly determines who was born first based on the provided contexts.,1847
"Did the movies Mille Bolle Blu and La Moglie Vergine, originate from the same country?",graphrag,2,1-hop,2026-08-21,True,All claims are accurately supported by the retrieved contexts.,1579
"Who is older, Daniel David Moses or Stanislas Batchi?",graphrag,2,1-hop,2026-08-21,True,All claims regarding the birth dates and relative ages of Stanislas Batchi and Daniel David Moses are directly supported by the context.,1567
"Which film came out first, Blood And Diamonds or Opened By Mistake?",graphrag,2,1-hop,2026-08-21,True,The answer accurately compares the release years of both films based directly on the provided contexts.,1258
When was Richard Bootle-Wilbraham's father born?,graphrag,2,2-hop,2026-08-21,True,"The contexts confirm that Richard Bootle-Wilbraham's father was Edward Bootle-Wilbraham, 1st Baron Skelmersdale, who was born on 7 March 1771.",2138
"Which film has the producer who is older, Dweepa or Kalank?",graphrag,2,3+-hop,2026-08-21,False,"The context explicitly states in [2W-026-P00] that Soundarya was the producer for Dweepa, contradicting the answer's claim that Dweepa's producer is not mentioned.",3968
Who was born first out of Gerda Weissensteiner and Stasys Šaparnis?,graphrag,2,1-hop,2026-08-21,True,The contexts directly confirm that Stasys Šaparnis was born on 2 October 1939 and Gerda Weissensteiner was born on 3 January 1969.,1923
Who is the paternal grandfather of George Tupou V?,graphrag,2,2-hop,2026-08-21,True,All facts and relationships stated in the answer are directly supported by contexts 2W-028-P09 and 2W-028-P07.,1528
"Which film has the director who is older than the other, Odd Job (Film) or Everything'S Ducky? ",graphrag,2,3+-hop,2026-08-21,True,All facts regarding the directors and their birth dates are directly supported by the retrieved contexts.,2801
When did Mary Basset's father die?,graphrag,2,2-hop,2026-08-21,True,Every claim in the answer is directly supported by the retrieved contexts.,3251
"Which film has the director who was born earlier, The Forbidden Trail or A Weaver Of Dreams?",graphrag,2,3+-hop,2026-08-21,False,"The answer falsely claims in its opening sentence that A Weaver of Dreams has the earlier-born director, which contradicts the retrieved context showing Robert N. Bradbury was born earlier than John H",2854
"Which film has the director died later, The Wax Model or Khoon Ka Karz?",graphrag,2,3+-hop,2026-08-21,True,All facts regarding the directors of the films and their dates of death are directly supported by the context.,3701
"Are the movies The Urethra Chronicles and Starter For 10 (Film), from the same country?",graphrag,2,1-hop,2026-08-21,True,The answer is supported by the contexts through direct statements and light inference.,2257
"Which film has the director who was born earlier, Angélique, Marquise Des Anges or That Man George?",graphrag,2,3+-hop,2026-08-21,True,"All directors, their birth dates, and the resulting comparison are fully supported by the provided contexts.",2583
"Who lived longer, George F. Sowers or Henrietta Amelia Leeson?",graphrag,2,1-hop,2026-08-21,False,"The context does not provide Henrietta Amelia Leeson's exact birth date, making the claim that she lived longer than George F. Sowers unverifiable.",3392
Did Mitch Brian and Harry Kent (Cyclist) share the same nationality?,graphrag,2,1-hop,2026-08-21,True,All factual claims regarding the nationalities of Mitch Brian and Harry Kent are accurately supported by the provided context chunks.,1498
"Which film has the director who died later, Waiting For The Hearse or The Seventh Sword?",graphrag,2,3+-hop,2026-08-21,True,All facts regarding the directors of the films and their dates of death are directly supported by the retrieved context.,2255
Who is Princess Elizabeth Of Greece And Denmark's maternal grandfather?,graphrag,2,2-hop,2026-08-21,True,Every claim in the answer is fully supported by chunks [2W-038-P04] and [2W-038-P02].,1690
What is the place of birth of Dianne Bentley's husband?,graphrag,2,2-hop,2026-08-21,True,The answer accurately states the identity and place of birth of Dianne Bentley's husband using the provided contexts.,2593
What nationality is Sukhumala Marasri's father?,graphrag,2,2-hop,2026-08-21,True,All claims regarding Sukhumala Marasri's father and his nationality/monarchy of Siam (Thailand) are directly supported by the retrieved contexts.,1604
"Which magazine was founded first, Racing Toward Diversity or Lo Scolaro?",graphrag,2,1-hop,2026-08-21,True,All claims are accurately supported by the provided context chunks.,1940
"Which film was released earlier, Smiles Of A Summer Night or Two Idiots In Hollywood?",graphrag,2,1-hop,2026-08-21,True,The answer accurately compares the release years of both films based directly on the provided contexts.,1544
Did Charles Robinson (Raf Airman) and Terri Hooley share the same nationality?,graphrag,2,1-hop,2026-08-21,True,"The answer accurately reflects the context, correctly noting that Charles Robinson is British while Terri Hooley's nationality is not explicitly stated.",1701
Do both films All Souls (Film) and Atomised (Film) have the directors from the same country?,graphrag,2,3+-hop,2026-08-21,True,All facts and citations are fully supported by the retrieved contexts.,2720
Where was the director of film Death Of A Friend born?,graphrag,2,2-hop,2026-08-21,True,The answer accurately cites the retrieved contexts confirming Franco Rossi directed Death of a Friend and was born in Florence.,2993
Who is the spouse of the director of film Fire-Eater (Film)?,graphrag,2,2-hop,2026-08-21,True,All statements in the answer are directly supported by the retrieved contexts.,2385
"Which film has the director born later, No Dough Boys or The Punch And Judy Man?",graphrag,2,3+-hop,2026-08-21,True,All facts and comparisons are accurately supported by the provided context chunks.,2809
Are Saks Fifth Avenue and Warburg Pincus located in the same country?,graphrag,2,1-hop,2026-08-21,True,All claims regarding the locations of Saks Fifth Avenue and Warburg Pincus in the United States are supported by the retrieved contexts.,1525
Are the directors of films Jaco (Film) and Half A Bride both from the same country?,graphrag,2,3+-hop,2026-08-21,True,All factual claims made in the answer are accurately supported by the provided context chunks.,2597
"Which film has the director who died earlier, My Husband'S Other Wife or ¡Que Viene Mi Marido!?",graphrag,2,3+-hop,2026-08-21,True,"All claims regarding the directors, their death dates, and the resulting comparison are fully supported by the retrieved contexts.",1976
Are Vivicca Whitsett and Pepa (Rapper) from the same country?,graphrag,2,1-hop,2026-08-21,True,All claims regarding Vivicca Whitsett being American and Pepa being Jamaican-American are directly supported by the retrieved contexts.,1693
"Which film came out first, Je L'Ai Été Trois Fois or Tamala 2010: A Punk Cat In Space?",graphrag,2,1-hop,2026-08-21,False,The release year for Tamala 2010: A Punk Cat in Space is not provided in the retrieved context.,2345
"Which film came out first, The Happy Life or King Arthur Was A Gentleman?",graphrag,2,1-hop,2026-08-21,True,Both release years and the conclusion that King Arthur Was a Gentleman came out first are directly supported by the retrieved contexts.,1237
"Which film has the director who was born earlier, Time For Loving or Un'Altra Vita?",graphrag,2,3+-hop,2026-08-21,True,"All facts regarding the directors of the films, their birth dates, and the resulting comparison are directly supported by the retrieved contexts.",2948
"Which film has the director born later, Monsieur Taxi or A Yiddish World Remembered?",graphrag,2,3+-hop,2026-08-21,True,All factual claims regarding the directors of the films and their respective birth dates are fully supported by the provided contexts.,1467
"Which film has the director who died first, The Squaw Man'S Son or Till We Meet Again (1936 Film)?",graphrag,2,3+-hop,2026-08-21,True,All facts regarding the directors and their death dates are accurately supported by the retrieved contexts.,2079
What is the place of birth of Marie Tomášová's husband?,graphrag,2,2-hop,2026-08-21,True,All facts and cited requirement IDs are directly supported by the retrieved contexts.,2167
Where did Eduardo Notari's mother die?,graphrag,2,2-hop,2026-08-21,True,"The context confirms that Eduardo Notari's mother, Elvira Notari, died in Cava de' Tirreni.",2377
"Who is younger, Empress Xiaoshurui or Goran Veselinovski?",graphrag,2,1-hop,2026-08-21,True,All facts regarding the birth dates and the resulting comparison are fully supported by the retrieved contexts.,1981
"Which film has the director who died earlier, A Medal For Benny or King Of Chinatown?",graphrag,2,3+-hop,2026-08-21,False,"The answer falsely concludes that King of Chinatown has the director who died earlier, which contradicts the contexts showing Irving Pichel (director of A Medal for Benny) died in 1954 before Nick Gri",2598
"Which film came out earlier, Painted Post (Film) or Katka'S Reinette Apples?",graphrag,2,1-hop,2026-08-21,True,All facts and release dates are directly supported by the retrieved contexts.,2496
"Who was born earlier, Ela Gandhi or Sebastián Borensztein?",graphrag,2,1-hop,2026-08-21,False,"The answer incorrectly claims Sebastián Borensztein was born earlier, contradicting the birth dates provided in the context.",3081
Was Dudley Russell or Juan René Serrano born first?,graphrag,2,1-hop,2026-08-21,True,The answer accurately compares the birth dates of Dudley Russell (1 December 1896) and Juan René Serrano (23 February 1984) using the provided contexts.,1342
Are Bilthoven and Herveld both located in the same country?,graphrag,2,1-hop,2026-08-21,True,"All claims regarding Bilthoven, Herveld, their respective Dutch provinces, and the associated citations are directly supported by the context.",2289
Who is the spouse of the director of film The Glass Boat?,graphrag,2,2-hop,2026-08-21,True,The answer accurately identifies Constantin J. David as the director of The Glass Boat and his spouse as Käthe von Nagy based on the provided contexts.,2587
What is the place of birth of the director of film A Woman'S Face (1938 Film)?,graphrag,2,2-hop,2026-08-21,True,The answer accurately identifies Gustaf Molander as the director of the film and cites his birth place as given in the context.,2749
Are both directors of films The Princess Bride (Film) and I Never Sang For My Father from the same country?,graphrag,2,3+-hop,2026-08-21,True,All facts stated in the answer are directly supported by the retrieved contexts.,2647
"Which film has the director who was born later, El Extraño Viaje or Love In Pawn?",graphrag,2,3+-hop,2026-08-21,True,All facts and inferences in the answer are directly supported by the retrieved contexts.,2396
Who is Charlotte Of Schaumburg-Lippe's father?,graphrag,2,2-hop,2026-08-21,True,The answer accurately identifies Charlotte of Schaumburg-Lippe's father as Prince Wilhelm Karl August of Schaumburg-Lippe directly from context [2W-069-P07].,1603
"Which film came out first, A Girl'S Folly or The Original Latin Kings Of Comedy?",graphrag,2,1-hop,2026-08-21,True,"The contexts confirm that A Girl's Folly was released in 1917 and The Original Latin Kings of Comedy in 2002, making the answer completely grounded.",1236
"Who was born later, Borys Karnicki or Admir Velagić?",graphrag,2,1-hop,2026-08-21,True,The answer accurately states that Admir Velagić was born later based on the birth dates provided in the context.,1136
Are Paula Arundell and Trent Grimsey both from the same country?,graphrag,2,1-hop,2026-08-21,True,Both Paula Arundell and Trent Grimsey are explicitly identified as Australian in the retrieved contexts.,1330
Where did Hal Steinbrenner's father die?,graphrag,2,2-hop,2026-08-21,True,The answer accurately identifies Hal Steinbrenner's father and his place of death based on the provided contexts.,1997
"Who is older, Oreste Scalzone or John Dugard?",graphrag,2,1-hop,2026-08-21,False,"The answer opens with the claim that Oreste Scalzone is older, which contradicts the retrieved context showing John Dugard was born earlier in 1936.",3022
"Which film has the director who was born first, The Millionaire'S Double or The Groundstar Conspiracy?",graphrag,2,3+-hop,2026-08-21,True,All facts and birth dates of the directors are fully supported by the retrieved contexts.,3075
"Which film was released earlier, Navavadhu or The January Man?",graphrag,2,1-hop,2026-08-21,True,All claims regarding the release years of Navavadhu (1971) and The January Man (1989) are fully supported by the provided contexts.,3061
"Where did Frederick, Hereditary Prince Of Baden-Durlach's father die?",graphrag,2,2-hop,2026-08-21,True,The answer accurately identifies the prince's father and his place of death as Karlsruhe using the provided contexts.,1727
"Which film has the director who is older, Heremias or S.P.Q.R.: 2,000 And A Half Years Ago?",graphrag,2,3+-hop,2026-08-21,True,"All facts including the films' directors, their birth dates, and the conclusion are fully supported by the provided contexts.",3605
"Were both Pietro Salini and Domenico Ravenna, born in the same place?",graphrag,2,1-hop,2026-08-21,True,"All statements in the answer accurately reflect the provided contexts, correctly noting that Domenico Ravenna's birthplace is not mentioned.",1568
"Which film has the director born earlier, Street Of No Return or Stage Door?",graphrag,2,3+-hop,2026-08-21,True,All factual claims and birth dates are fully supported by the referenced context passages.,2429
"Which film has the director who died first, Sons Of Bitches or Di Che Segno Sei??",graphrag,2,3+-hop,2026-08-21,True,All factual statements regarding the films' directors and their respective dates of death are fully supported by the provided contexts.,2255
"Which magazine came out first, Sri Ramakrishna Vijayam or Tait'S Edinburgh Magazine?",graphrag,2,1-hop,2026-08-21,True,All claims are accurately supported by the provided contexts.,1839
"Which film has the director who died earlier, Here Is The Beauty or Whirl Of Youth?",graphrag,2,3+-hop,2026-08-21,True,All facts regarding the directors of the respective films and their dates of death are directly supported by the retrieved contexts.,2535
"Who is older, Artyom Novichonok or Lyubov Kiryukhina-Tsyoma?",graphrag,2,1-hop,2026-08-21,True,The birth dates of both individuals and the conclusion are fully supported by the retrieved contexts.,1708
Who was born first out of Andrea Di Vito and Barbara Fairchild?,graphrag,2,1-hop,2026-08-21,True,All facts and dates regarding Barbara Fairchild and Andrea Di Vito are accurately supported by the retrieved contexts.,1206
What is the place of birth of the director of film The New Kids?,graphrag,2,2-hop,2026-08-21,True,"The answer accurately reflects that while Sean S. Cunningham is identified as the director, his specific place of birth is not stated in the provided contexts.",1619
"What is the place of birth of Rudolf Christian, Count Of East Frisia's father?",graphrag,2,2-hop,2026-08-21,True,Every claim in the answer is directly supported by the retrieved contexts.,2234
"Which film was released earlier, Samundi or Babilonia?",graphrag,2,1-hop,2026-08-21,True,The answer accurately compares the release years of Babilonia (1987) and Samundi (1992) based on the provided contexts.,2483
Do director of film Trouble In The Glen and director of film Hennessy (Film) have the same nationality?,graphrag,2,3+-hop,2026-08-21,True,"All factual statements regarding the films, directors, and nationalities are directly supported by the retrieved contexts.",1671
"Who was born earlier, Denis Rogers or Zelma Wilson?",graphrag,2,1-hop,2026-08-21,True,The answer accurately compares the birth dates of Denis Rogers and Zelma Wilson based directly on the cited contexts.,1356
"Which film has the director born first, Escape From The Dark or Bulundi?",graphrag,2,3+-hop,2026-08-21,True,All facts regarding the directors of the two films and their respective birth dates are fully supported by the retrieved contexts.,2574
"Which film has the director who died later, The Heart Of Nora Flynn or A Vanished World?",graphrag,2,3+-hop,2026-08-21,False,"The answer falsely states in its opening sentence that A Vanished World has the director who died later, which contradicts the retrieved dates showing Cecil B. DeMille died later than Alexander Korda.",3537
Are Trenton Aerodrome and Mackenzie Airport both located in the same country?,graphrag,2,1-hop,2026-08-21,True,The contexts confirm that both Trenton Aerodrome and Mackenzie Airport are located in Canada.,865
"Which film has the director born first, Free Hand For A Tough Cop or Man'S Favorite Sport??",graphrag,2,3+-hop,2026-08-21,True,All factual claims regarding the directors and their birthdates are supported by the provided contexts.,2882
What is the place of birth of Lupe Rumazo's father?,graphrag,2,2-hop,2026-08-21,True,All claims regarding Lupe Rumazo's father and his place of birth are directly supported by the context.,3881
Are Mount Queen Mary and Curia Mountain located in the same country?,graphrag,2,1-hop,2026-08-21,False,"The answer starts with 'No', which contradicts the facts established in the context that both mountains are located in Canada.",1720
"Which film was released earlier, Robotech: The Movie or Lakeeran?",graphrag,2,1-hop,2026-08-21,True,All claims regarding the release years of both films and the comparison are supported by the provided contexts.,1038
"Who is younger, R. Nagarajan or Agneta Engström?",graphrag,2,1-hop,2026-08-21,True,"All facts, birth dates, and the conclusion that Agneta Engström is younger are directly supported by the retrieved contexts.",1285
"Which film has the director who died earlier, Up In The World or Gioventù Alla Sbarra?",graphrag,2,3+-hop,2026-08-21,True,All factual claims made in the answer are fully supported by the retrieved contexts.,2627
Where did the composer of film Kilippattu (Film) die?,graphrag,2,2-hop,2026-08-21,True,All facts and citations in the answer are directly supported by the retrieved contexts.,3005
Where did the composer of film Before Sunset study?,graphrag,2,2-hop,2026-08-21,True,"The answer accurately reflects the contents and limitations of the provided contexts, correctly stating that the composer of Before Sunset is not identified.",1484
"Which film has the director who died later, Farewell, My Beautiful Lady or Night 'N' Gales?",graphrag,2,3+-hop,2026-08-21,True,"Every claim regarding the film directors, their dates of death, and the comparison is fully supported by the retrieved contexts.",2170
Does Éric Ruf have the same nationality as Jean Léonard Marie Poiseuille?,graphrag,2,1-hop,2026-08-21,True,The answer is fully supported by the provided contexts.,1144
Where was the founder of university Vermont Studio Center born?,graphrag,2,2-hop,2026-08-21,True,The answer accurately summarizes the retrieved context and correctly states that the birthplace of the founders cannot be determined from the provided text.,2074
Are Marib Airport and Lee County Airport (Virginia) both located in the same country?,graphrag,2,1-hop,2026-08-21,True,All facts regarding the airport locations and the conclusion are fully supported by the retrieved contexts.,1051
What is the place of birth of the performer of song Heaven (Namie Amuro Song)?,graphrag,2,2-hop,2026-08-21,True,"The answer accurately states that Namie Amuro was born in Naha, Okinawa, Japan, based directly on the retrieved contexts.",2162
Where did Shivaji Ii's father die?,graphrag,2,2-hop,2026-08-21,True,The contexts verify that Shivaji II's father was Rajaram I and that Rajaram I died in Sinhagad.,1424
Where did Paulding Farnham's wife die?,graphrag,2,2-hop,2026-08-21,True,The answer accurately states that the retrieved context does not contain the location of Sally James Farnham's death while correctly citing the available biographical details.,1971
What is the place of birth of Oliver Penrose's father?,graphrag,2,2-hop,2026-08-21,True,The answer accurately states that the retrieved context does not provide the place of birth of Lionel Penrose and correctly cites the provided information.,1971
"Who is younger, Adam Morawski or Matt Kilcullen?",graphrag,2,1-hop,2026-08-21,True,The answer accurately compares the birthdates of Adam Morawski and Matt Kilcullen using the provided contexts.,1080
Which award the director of film Solstice (Film) received?,graphrag,2,2-hop,2026-08-21,True,Every claim in the answer is directly supported by the retrieved contexts.,2951
"Are director of film The Case Is Closed, Forget It and director of film Le Signorine Dello 04 from the same country?",graphrag,2,3+-hop,2026-08-21,False,"The contexts do not specify the nationality of director Damiano Damiani, only that his film is Italian.",2728
Who is the father of the director of film Dino Ki Dulhaniya?,graphrag,2,2-hop,2026-08-21,True,All factual claims are directly supported by the cited contexts.,3545
Are both directors of films Dead Man Running and Night Alone from the same country?,graphrag,2,3+-hop,2026-08-21,False,"The answer falsely claims that the context does not state Thomas Bentley's country, contradicting context [2W-114-P08] which explicitly identifies him as British.",2254
Do director of film Brain Damage (Film) and director of film The Hole In The Ground (Film) have the same nationality?,graphrag,2,3+-hop,2026-08-21,False,"The answer begins by stating 'Yes' to whether the directors share the same nationality, which contradicts the provided contexts showing one is American and the other is Irish.",2805
"Which film has the director who was born later, L'Eclisse or A Matter Of Morals?",graphrag,2,3+-hop,2026-08-21,False,"The answer initially states 'A Matter of Morals' as the film whose director was born later, which contradicts the retrieved dates showing Michelangelo Antonioni (director of L'Eclisse, born 1912) was ",3163
"Who was born later, Jay T. Harris or Amie Casey?",graphrag,2,1-hop,2026-08-21,True,All facts and birth dates are fully supported by the referenced retrieved contexts.,1544
Where was the director of film Chopsticks (Film) born?,graphrag,2,2-hop,2026-08-21,True,The answer accurately cites the provided context and correctly states that Sachin Yardi's birthplace is not mentioned.,3864
"Which film whose director was born first, Flesh And The Spur or Memories Of A Mexican?",graphrag,2,3+-hop,2026-08-21,True,All factual statements regarding the films' directors and their birth dates are directly supported by the retrieved contexts.,2131
Who is the father of Alexios Iii Angelos?,graphrag,2,2-hop,2026-08-21,False,"The answer contradicts the context, which identifies Isaac II Angelos as Alexios III's brother and names their father as Andronikos Doukas Angelos.",2463
"Which magazine came out first, Family Herald or Books For Keeps?",graphrag,2,1-hop,2026-08-21,True,All claims regarding the launch dates of both magazines and which one came out first are fully supported by the provided context.,1406
"Which film has the director born earlier, Trail To Vengeance or Sally'S Irish Rogue?",graphrag,2,3+-hop,2026-08-21,True,All facts and cited references in the answer are directly verified by the retrieved contexts.,2185
Where was the composer of film Billy Elliot born?,graphrag,2,2-hop,2026-08-21,True,All factual claims are fully supported by the cited contexts.,1627
"Which film has the director who is older than the other, Velli Vizha or A Year Ago In Winter? ",graphrag,2,3+-hop,2026-08-21,True,All facts regarding the directors of the two films and their respective birth dates are fully supported by the retrieved contexts.,2615
"Which film came out earlier, Kalyana Mandapam or Lucrèce Borgia?",graphrag,2,1-hop,2026-08-21,True,All release years and the comparison between the films are fully supported by the provided context.,3590
"Which film was released more recently, Bhanwarey or Harlem Nights?",graphrag,2,1-hop,2026-08-21,True,All facts and release dates are fully supported by the provided contexts.,3203
"Which film has the director who was born first, Valley Of The Redwoods or The Law Of Men?",graphrag,2,3+-hop,2026-08-21,True,All facts regarding the directors of the films and their respective birthdates are directly supported by the context.,2939
"Which film has the director who was born earlier, The Blackmailers or Re-Animator?",graphrag,2,3+-hop,2026-08-21,True,"All facts including the movie directors, birth dates, and the final comparative conclusion are directly supported by the context.",3372
Are Graduate University Of Advanced Technology and Fruita Schoolhouse located in the same country?,graphrag,2,1-hop,2026-08-21,True,All claims are accurately supported by the retrieved contexts.,1170
Who is Paolo Ii Vitelli's maternal grandfather?,graphrag,2,2-hop,2026-08-21,True,All facts stated in the answer are directly supported by contexts [2W-130-P09] and [2W-130-P02].,1812
Do both films: Blockade (1938 Film) and Woman In The River have the directors from the same country?,graphrag,2,3+-hop,2026-08-21,True,"All claims regarding the films, directors, and their German nationality/background are directly supported by the retrieved contexts.",3594
"Which film has the director died later, Mexican Spitfire'S Elephant or Revenge (1918 Film)?",graphrag,2,3+-hop,2026-08-21,True,"All director names, death dates, and the resulting comparison are fully supported by the retrieved contexts.",1875
What is the place of birth of the director of film Walerjan Wrobel'S Homesickness?,graphrag,2,2-hop,2026-08-21,True,All facts in the answer are directly supported by the retrieved contexts.,3161
Do both films September Affair and A Gathering Of Eagles have the directors that share the same nationality?,graphrag,2,3+-hop,2026-08-21,False,"The context does not indicate different nationalities for the two directors, as Delbert Mann's nationality is never mentioned.",3891
"Which film has the director died earlier, Hôtel Du Nord or Down In 'Arkansaw'?",graphrag,2,3+-hop,2026-08-21,True,All factual claims and statements regarding the missing information are fully supported by the provided context.,2282
Who is Adolf Ernst Of Limburg Stirum's paternal grandfather?,graphrag,2,2-hop,2026-08-21,True,"The contexts confirm that Adolf Ernst is the son of Hermann Otto I, who is the son of Jobst of Limburg Stirum.",1670
When did Harald Sigtryggsson's father die?,graphrag,2,2-hop,2026-08-21,True,"The answer accurately identifies Harald Sigtryggsson's father as Sitric Cáech and his death date as 927, fully supported by the contexts.",3419
Where did Richard Altham's father study?,graphrag,2,2-hop,2026-08-21,True,"The contexts confirm that Richard Altham's father was Harry Altham and that Harry was educated at Repton School and Trinity College, Oxford.",1264
"Which film has the director who is older than the other, Zwemplaats Voor Jongelingen Te Amsterdam or Client 9: The Rise And Fall Of Eliot Spitzer? ",graphrag,2,3+-hop,2026-08-21,True,All facts regarding the directors and their birth dates are directly supported by the retrieved contexts.,3881
Where was the editor of magazine Argentus born?,graphrag,2,2-hop,2026-08-21,True,Every claim in the answer is directly supported by the retrieved contexts.,2376
"Which song was released more recently, Go Ahead And Break My Heart or Knee Deep In My Heart?",graphrag,2,1-hop,2026-08-21,True,All release dates and the comparative conclusion are directly supported by the context.,1828
Where was the place of burial of the director of film Loose Ankles?,graphrag,2,2-hop,2026-08-21,True,"All facts regarding the director of Loose Ankles and his burial place at Forest Lawn Memorial Park Cemetery in Glendale, California are directly supported by the contexts.",3510
"Which film has the director who died later, The House Behind The Cedars or First Case, Second Case?",graphrag,2,3+-hop,2026-08-21,True,All claims regarding the directors of both films and their respective dates of death are fully supported by the retrieved contexts.,3430
Where did the performer of song Girlfriend (Alicia Keys Song) study?,graphrag,2,2-hop,2026-08-21,True,The answer accurately states that the retrieved context identifies the performer as Alicia Keys but does not mention where she studied.,2676
Does Devorah Rose have the same nationality as Jay Hambidge?,graphrag,2,1-hop,2026-08-21,True,The contexts confirm that both Devorah Rose and Jay Hambidge are identified as American.,1650
Where did Princess Catherine Of Schleswig-Holstein-Sonderburg-Beck's father die?,graphrag,2,2-hop,2026-08-21,True,"The answer accurately cites the context stating that Princess Catherine's father, Peter August, died in Reval.",1994
"Which film whose director is younger, The Jazz Cinderella or The Battle Of Jangsari?",graphrag,2,3+-hop,2026-08-21,True,All statements and comparisons made in the answer are directly supported by the retrieved contexts.,1705
Who is the paternal grandmother of King Kang Of Zhou?,graphrag,2,2-hop,2026-08-21,False,"The context directly establishes that Queen Yi Jiang was the mother of King Kang's father (King Cheng), making her King Kang's paternal grandmother.",2481
"Who is Hans Albrecht, Hereditary Prince Of Schleswig-Holstein's maternal grandmother?",graphrag,2,2-hop,2026-08-21,True,Every claim in the answer is fully supported by the provided context chunks.,2172
Who is Al-Nu'Man Vi Ibn Al-Mundhir's paternal grandfather?,graphrag,2,2-hop,2026-08-21,True,"The contexts directly establish that Al-Nu'man VI was the son of Al-Mundhir III ibn al-Harith, who in turn was the son of Al-Harith ibn Jabalah.",2095
Where was the place of burial of Mariamne I's husband?,graphrag,2,2-hop,2026-08-21,True,The answer accurately states that Mariamne I's husband was Herod the Great based on the context and correctly notes that his place of burial is not mentioned.,1908
Who is the child of the director of film Kathputli (1971 Film)?,graphrag,2,2-hop,2026-08-21,True,The answer accurately identifies the director and his children using the provided contexts.,3329
Which country the director of film Batman: The Dark Knight Returns (Film) is from?,graphrag,2,2-hop,2026-08-21,True,The answer accurately reflects the context which states Jay Oliva directed the film and is Filipino-American.,3496
What nationality is Margaret Of Hereford's mother?,graphrag,2,2-hop,2026-08-21,True,The answer accurately reflects the information in the retrieved contexts without adding unsupported claims.,2122
"Which film came out first, Festival In Cannes or Petria'S Wreath?",graphrag,2,1-hop,2026-08-21,True,The contexts confirm that Petria's Wreath was released in 1980 and Festival in Cannes was released in 2001.,2184
Do director of film D'Annunzio (Film) and director of film Così Parlò Bellavista have the same nationality?,graphrag,2,3+-hop,2026-08-21,True,"All factual claims made in the answer are strictly supported by the retrieved contexts, which mention the directors and the films' Italian origin but do not specify the directors' individual nationali",2588
"Which film has the director who died first, Big Happiness or Border Romance?",graphrag,2,3+-hop,2026-08-21,True,All claims regarding the directors of both films and their dates of death are fully supported by the retrieved contexts.,2917
"Where did George Tryon, 1St Baron Tryon's father die?",graphrag,2,2-hop,2026-08-21,True,All factual claims and citations are directly supported by the retrieved contexts.,2259
Who is the paternal grandmother of Bianca Maria Sforza?,graphrag,2,2-hop,2026-08-21,True,All facts and inferences in the answer are directly supported by the retrieved contexts.,1888
"Which film whose director was born first, Meri Jung or La Fille Du Torrent?",graphrag,2,3+-hop,2026-08-21,True,"All facts regarding the directors' names, birthdates, and respective films are accurately supported by the retrieved contexts.",2489
Where was the place of burial of Sultan Cem's father?,graphrag,2,2-hop,2026-08-21,True,The answer accurately identifies Sultan Cem's father from the context and correctly notes that his place of burial is not mentioned in the provided text.,1643
"Which film was released first, Sarah Prefers To Run or Tears Of April?",graphrag,2,1-hop,2026-08-21,True,All claims regarding the release years of both films and the comparison between them are fully supported by the retrieved contexts.,1363
"Which film has the director born later, Kaalapani or Strictly Modern?",graphrag,2,3+-hop,2026-08-21,True,The answer accurately uses context from the passages to identify the directors and their relevant timelines to conclude which director was born later.,4155
"Which film has the director who died first, The Admiral Was A Lady or The Whales Of August?",graphrag,2,3+-hop,2026-08-21,True,All facts and comparisons regarding the directors of both films and their dates of death are directly supported by the retrieved contexts.,3238
"Which film whose director was born first, El Lazarillo De Tormes or Balyasakhi?",graphrag,2,3+-hop,2026-08-21,True,All facts including the directors and their respective birthdates are accurately extracted from the retrieved context and support the conclusion.,2516
Are Ding Yaping and Johann Christian Gustav Lucae of the same nationality?,graphrag,2,1-hop,2026-08-21,True,All factual claims made in the answer directly match the information provided in the retrieved contexts.,2276
"Are both Chak 26/11-L, Chichawatni and Chah-E Ali Kapari located in the same country?",graphrag,2,1-hop,2026-08-21,False,"The answer begins with 'Yes', which directly contradicts the facts provided in the context showing the two locations are in different countries.",1509
"Who was born first, Enzo Corigliano or Song Dong-Hwan?",graphrag,2,1-hop,2026-08-21,True,The answer accurately states the birthdates of Song Dong-hwan and Enzo Corigliano directly supported by the retrieved contexts.,1725
What is the date of death of the director of film Honest Raj?,graphrag,2,2-hop,2026-08-21,True,The director of Honest Raj and his date of death are accurately stated based directly on the provided contexts.,2770
Who is the spouse of the director of film You Talkin' To Me? (Film)?,graphrag,2,2-hop,2026-08-21,True,All claims regarding the director of the film and his spouse are directly supported by the cited contexts.,2266
Where was the wife of Ned Manning born?,graphrag,2,2-hop,2026-08-21,False,"The answer contradicts context [2W-171-P02], which explicitly states that Bronwyn Bancroft was born in Tenterfield, New South Wales.",1924
What is the place of birth of the director of film The United States Of America (Film)?,graphrag,2,2-hop,2026-08-21,True,"The answer accurately reflects that the retrieved contexts state James Benning is from Milwaukee, Wisconsin, but do not explicitly provide his place of birth.",2606
Who is Humphrey Of Montfort's paternal grandmother?,graphrag,2,2-hop,2026-08-21,True,The answer accurately traces Humphrey of Montfort's paternal lineage to Helvis of Ibelin based entirely on the provided contexts.,2617
"Are both villages, Rogozikha and Turbaza ""Katun"", located in the same country?",graphrag,2,1-hop,2026-08-21,True,Both locations are explicitly stated in the retrieved contexts to be located in Russia.,995
What nationality is the composer of film Dhilluku Dhuddu 2?,graphrag,2,2-hop,2026-08-21,True,The contexts confirm that Shabir composed the soundtrack for Dhilluku Dhuddu 2 and that he is from Singapore.,3120
What is the place of birth of the director of film K-9: P.I.?,graphrag,2,2-hop,2026-08-21,True,The answer accurately identifies the director of K-9: P.I. and his birthplace using direct support from the provided contexts.,2797
"Which film has the director who died earlier, The Right Person or The Curtain Falls?",graphrag,2,3+-hop,2026-08-21,True,All factual statements and birth/death dates are fully supported by the retrieved contexts.,2086
Who is the mother-in-law of Princess Clotilde Of Saxe-Coburg And Gotha?,graphrag,2,2-hop,2026-08-21,False,"The answer falsely claims that the provided context does not contain the answer, contradicting the facts it derives directly from the context.",2422
"Which film has the director who died later, Elle Boit Pas, Elle Fume Pas, Elle Drague Pas, Mais... Elle Cause ! or The Very Eye Of Night?",graphrag,2,3+-hop,2026-08-21,True,All factual statements regarding the film directors and their dates of death are fully supported by the retrieved contexts.,2721
Did Neil Hopkins and Lenore E. Walker share the same nationality?,graphrag,2,1-hop,2026-08-21,True,The answer accurately cites the retrieved contexts confirming both individuals are American.,1631
"Which film has the director born earlier, Meera (1945 Film) or Old Mother Riley'S Ghosts?",graphrag,2,3+-hop,2026-08-21,True,"All facts including the film directors, birth dates, and the comparative conclusion are directly supported by the retrieved contexts.",1866
"Which film has the director who died later, Suyetchai Mla or Brilliant Lies?",graphrag,2,3+-hop,2026-08-21,False,"The answer begins by incorrectly naming Brilliant Lies, which contradicts both the provided context and the explanation that follows.",3081
"Which film came out earlier, Locked In (Film) or Angel'S Rage?",graphrag,2,1-hop,2026-08-21,True,The contexts directly confirm that Angel's Rage is from 2006 and Locked In is from 2010.,2154
"Which film was released first, Sankaranum Mohananum or Cold Blade?",graphrag,2,1-hop,2026-08-21,True,All facts and release years mentioned in the answer are directly supported by the retrieved contexts.,3013
"Which film has the director who was born earlier, Ruler Of The Road or Carson City Cyclone?",graphrag,2,3+-hop,2026-08-21,True,"All statements accurately reflect the provided contexts, correctly noting the directors of the films and the absence of their birth dates.",3429
"Which film whose director was born first, The Liberace Of Baghdad or Wild Heather?",graphrag,2,3+-hop,2026-08-21,True,The answer accurately reflects the directors and dates provided in the context while correctly stating that Cecil Hepworth's birth date is missing.,3157
"Which film whose director was born first, The Adjuster or Hajen Som Visste För Mycket?",graphrag,2,3+-hop,2026-08-21,True,"All facts regarding the directors of the films, their birth dates, and the resulting comparison are fully supported by the retrieved contexts.",2887
Do director of film La Neve Nel Bicchiere and director of film Lucia'S Grace have the same nationality?,graphrag,2,3+-hop,2026-08-21,True,"All claims in the answer accurately reflect the provided contexts, including the lack of explicit nationality for Florestano Vancini.",2379
"Which album was released earlier, Years Past Matter or Digital Smoke?",graphrag,2,1-hop,2026-08-21,True,All facts and cited dates regarding the release of Digital Smoke and Years Past Matter are accurately supported by the retrieved contexts.,1739
"Which film has the director died first, The Girl In The Red Velvet Swing or Ghosts Of Port Arthur?",graphrag,2,3+-hop,2026-08-21,True,"All claims regarding the directors, their death dates, and the conclusion are fully supported by the retrieved contexts.",2269
Who is Empress Xu (Ming Dynasty)'s father-in-law?,graphrag,2,2-hop,2026-08-21,True,"The answer is fully supported by the retrieved contexts, which state that Empress Xu was the consort of the Yongle Emperor, who was the son of the Hongwu Emperor.",2418
Do both directors of films Bullet For Stefano and Annabella'S Adventure share the same nationality?,graphrag,2,3+-hop,2026-08-21,True,All factual claims made in the answer accurately reflect the contents of the retrieved contexts.,2573
Where did Johan Ludvig Heiberg (Poet)'s father die?,graphrag,2,2-hop,2026-08-21,True,All facts and quoted text in the answer are directly supported by the retrieved contexts.,2676
Where was the place of burial of the director of film High Lane (Film)?,graphrag,2,2-hop,2026-08-21,True,The answer accurately states that the director is Abel Ferry and correctly notes that the burial location is not provided in the context.,3149
Do both films Homecoming (1984 Film) and Hello Cheyenne have the directors that share the same nationality?,graphrag,2,3+-hop,2026-08-21,True,All statements about the directors and their respective nationalities are directly supported by the retrieved contexts.,3484
"Who is Beatrice Of Burgundy, Lady Of Bourbon's mother-in-law?",graphrag,2,2-hop,2026-08-21,True,"All facts, including Beatrice's marriage to Robert and Robert's mother being Margaret of Provence, are fully supported by the provided contexts.",2165
Where was the director of film Katka'S Reinette Apples born?,graphrag,2,2-hop,2026-08-21,True,The answer correctly identifies Fridrikh Ermler as a director of Katka's Reinette Apples and confirms from the retrieved context that he was born in Rēzekne.,3252
"Which film whose director is younger, Told In The Hills or Goodnight, Sweet Marilyn?",graphrag,2,3+-hop,2026-08-21,True,"All facts, including the directors of each film and their birth dates, are directly supported by the context.",2862
"Which film has the director who was born first, Legend Of The Mountain or Three Men To Kill?",graphrag,2,3+-hop,2026-08-21,False,"The opening sentence incorrectly claims Legend of the Mountain has the director born first, contradicting the dates provided in the context.",2060
"Who lived longer, Jean-Baptiste-Denis Despré or Lucien Bonaparte Webster?",vanilla,0,1-hop,2026-08-21,True,All dates and calculated lifespans for both individuals are directly supported by the context.,1505
"Who died later, Pieter Corneliszoon Hooft or Rudi Carrell?",vanilla,0,1-hop,2026-08-21,True,All dates of death and the comparative conclusion are directly supported by the retrieved contexts.,1615
"Which film came out first, Defendor or Njanum Ente Familiyum?",vanilla,0,1-hop,2026-08-21,True,All facts regarding the release years of Defendor and Njanum Ente Familiyum are accurately supported by the retrieved contexts.,1463
"Which film came out first, What Women Love or Ramudu Kadu Krishnudu?",vanilla,0,1-hop,2026-08-21,True,The contexts confirm that What Women Love was released in 1920 and Ramudu Kadu Krishnudu in 1983.,1143
Does Eddie Murray (Rugby League) have the same nationality as Henry Talbot (Photographer)?,vanilla,0,1-hop,2026-08-21,True,All claims are accurately supported by contexts [2W-004-P09] and [2W-004-P03].,1262
Do Jan Christiaan Lindeman and Jermano Lo Fo Sang have the same nationality?,vanilla,0,1-hop,2026-08-21,True,Both individuals are confirmed to be Dutch by the retrieved contexts [2W-005-P06] and [2W-005-P09].,1540
Are both directors of films Tarzan And The Slave Girl and Sweet Crude from the same country?,vanilla,0,3+-hop,2026-08-21,True,"All facts and cited references accurately reflect the provided contexts, correctly noting the lack of nationality information for Lee Sholem.",1354
"Who was born first, Heo Keon or Ljiljana Nanušević?",vanilla,0,1-hop,2026-08-21,True,"All facts, including birthdates and the comparison between them, are fully supported by the provided contexts.",1063
Who was born first out of Kazimierz Cichowski and Ellen Margrethe Løj?,vanilla,0,1-hop,2026-08-21,True,The answer accurately compares the birth dates of Kazimierz Cichowski (7 December 1887) and Ellen Margrethe Løj (17 October 1948) based directly on the provided context.,1948
"Where did Catherine Of Taranto, Countess Of Copertino's mother die?",vanilla,0,2-hop,2026-08-21,True,The answer accurately notes that the provided contexts identify Catherine's mother as Mary of Enghien without mentioning where she died.,1061
Who is Princess Caroline Napoléon's maternal grandmother?,vanilla,0,2-hop,2026-08-21,True,All claims regarding Princess Caroline Napoléon's lineage and maternal grandmother are fully supported by the provided contexts.,1197
Where was the father of Alina Fernández born?,vanilla,0,2-hop,2026-08-21,True,The answer accurately reflects that the retrieved context identifies Alina Fernández's father as Fidel Castro without stating where he was born.,1288
"Who died later, Adam Purple or Chyskillz?",vanilla,0,1-hop,2026-08-21,False,The answer contradicts the retrieved context by stating Adam Purple died later despite citing that Chyskillz died in 2018 and Adam Purple died in 2015.,1367
"Which film whose director was born first, Lions For Lambs or Nowhere In Africa?",vanilla,0,3+-hop,2026-08-21,True,The answer accurately cites the directors from the provided contexts and correctly notes that their birth dates are not present in the text.,1356
"Which film came out earlier, Where Are You? I'M Here or Patnam Vachina Pativrathalu?",vanilla,0,1-hop,2026-08-21,True,Both release years and the comparison are directly supported by the retrieved contexts.,1068
"Where was the place of death of Crato, Count Of Nassau-Saarbrücken's father?",vanilla,0,2-hop,2026-08-21,True,The answer accurately identifies Crato's father and his place of death as supported by the provided contexts.,1532
"Which film has the director who was born later, Young Buffalo Bill or The Lacquered Box?",vanilla,0,3+-hop,2026-08-21,True,The answer accurately states that the retrieved contexts do not provide the birth dates of the directors.,827
"Do Kim Darby and John Birdsall (Politician, Born 1840) have the same nationality?",vanilla,0,1-hop,2026-08-21,True,All claims in the answer are directly supported by the retrieved contexts.,1027
"Which film whose director was born first, Sin'S Pay Day or Gunaah (1993 Film)?",vanilla,0,3+-hop,2026-08-21,True,The answer accurately cites the directors from the retrieved context and correctly notes that their birth dates are not provided.,1941
Who was the teacher of the composer of film The Cousin From Nowhere (1953 Film)?,vanilla,0,2-hop,2026-08-21,True,The answer accurately reflects the information in the context and correctly identifies that the teacher of Eduard Künneke is not mentioned.,1277
"Who is older, Arnold Carl Johansen or Walter Lafferty?",vanilla,0,1-hop,2026-08-21,True,"All factual claims, birth dates, and the conclusion are fully supported by the retrieved contexts.",997
"Who was born first, Cornelis Gijsbert Gerrit Jan Van Steenis or Tarsem King, Baron King Of West Bromwich?",vanilla,0,1-hop,2026-08-21,True,The answer correctly identifies the birth dates from the provided contexts and accurately determines who was born first.,1463
"Did the movies Mille Bolle Blu and La Moglie Vergine, originate from the same country?",vanilla,0,1-hop,2026-08-21,True,The answer accurately reflects the retrieved contexts confirming both films are Italian.,1030
"Who is older, Daniel David Moses or Stanislas Batchi?",vanilla,0,1-hop,2026-08-21,True,The answer accurately compares the birth dates of Stanislas Batchi and Daniel David Moses using the provided contexts.,1155
"Which film came out first, Blood And Diamonds or Opened By Mistake?",vanilla,0,1-hop,2026-08-21,True,The answer accurately compares the release years of both films based directly on the provided context.,1132
When was Richard Bootle-Wilbraham's father born?,vanilla,0,2-hop,2026-08-21,True,All factual claims and citations are directly supported by the retrieved contexts.,1538
"Which film has the producer who is older, Dweepa or Kalank?",vanilla,0,3+-hop,2026-08-21,True,"All statements correctly reflect the retrieved context, including the acknowledgment that Dweepa's producer is not mentioned.",2020
Who was born first out of Gerda Weissensteiner and Stasys Šaparnis?,vanilla,0,1-hop,2026-08-21,True,All facts and citations regarding the birthdates and order of birth are fully supported by the retrieved contexts.,998
Who is the paternal grandfather of George Tupou V?,vanilla,0,2-hop,2026-08-21,False,"The answer claims the retrieved context does not state George Tupou V's father, which directly contradicts context [2W-028-P09].",1556
"Which film has the director who is older than the other, Odd Job (Film) or Everything'S Ducky? ",vanilla,0,3+-hop,2026-08-21,True,The answer correctly identifies the directors from the contexts and accurately notes that their ages or birth dates are missing.,1229
When did Mary Basset's father die?,vanilla,0,2-hop,2026-08-21,True,"The answer accurately reflects the context, which identifies William Roper as Mary Basset's father but does not mention his date of death.",1956
"Which film has the director who was born earlier, The Forbidden Trail or A Weaver Of Dreams?",vanilla,0,3+-hop,2026-08-21,True,"All statements in the answer accurately reflect the provided contexts, correctly noting that Robert N. Bradbury's birth date is missing.",1418
"Which film has the director died later, The Wax Model or Khoon Ka Karz?",vanilla,0,3+-hop,2026-08-21,True,The answer accurately states the directors from the context and correctly identifies that their dates of death are not provided.,1722
"Are the movies The Urethra Chronicles and Starter For 10 (Film), from the same country?",vanilla,0,1-hop,2026-08-21,True,The answer accurately reflects the information provided in the retrieved contexts without introducing external facts.,1583
"Which film has the director who was born earlier, Angélique, Marquise Des Anges or That Man George?",vanilla,0,3+-hop,2026-08-21,True,All claims about the directors and the missing birth dates are accurately supported by the retrieved contexts.,1217
"Who lived longer, George F. Sowers or Henrietta Amelia Leeson?",vanilla,0,1-hop,2026-08-21,False,"The claim that Henrietta Amelia Leeson lived longer is not supported by the provided context, which shows both lived approximately 75 years without sufficient precision to determine who lived longer.",2053
Did Mitch Brian and Harry Kent (Cyclist) share the same nationality?,vanilla,0,1-hop,2026-08-21,True,All facts stated in the answer are fully supported by the provided contexts.,1144
"Which film has the director who died later, Waiting For The Hearse or The Seventh Sword?",vanilla,0,3+-hop,2026-08-21,True,The answer accurately cites the directors from the contexts and correctly notes that their death dates are missing.,967
Who is Princess Elizabeth Of Greece And Denmark's maternal grandfather?,vanilla,0,2-hop,2026-08-21,True,The answer accurately reflects that the retrieved contexts name her mother as Grand Duchess Elena Vladimirovna of Russia but do not state her maternal grandfather.,981
What is the place of birth of Dianne Bentley's husband?,vanilla,0,2-hop,2026-08-21,True,"The answer accurately identifies Dianne Bentley's husband as Robert J. Bentley and states his birthplace as Columbiana, Alabama, both of which are directly supported by the contexts.",1610
What nationality is Sukhumala Marasri's father?,vanilla,0,2-hop,2026-08-21,True,"The answer accurately states that King Mongkut is identified as the father in the context, but his nationality is not provided.",1231
"Which magazine was founded first, Racing Toward Diversity or Lo Scolaro?",vanilla,0,1-hop,2026-08-21,True,All facts and citations in the answer are fully supported by the retrieved contexts.,1248
"Which film was released earlier, Smiles Of A Summer Night or Two Idiots In Hollywood?",vanilla,0,1-hop,2026-08-21,True,All claims about the release years and comparison are directly supported by the context.,1021
Did Charles Robinson (Raf Airman) and Terri Hooley share the same nationality?,vanilla,0,1-hop,2026-08-21,True,The answer accurately reflects the provided context and correctly notes the absence of information regarding Terri Hooley.,1005
Do both films All Souls (Film) and Atomised (Film) have the directors from the same country?,vanilla,0,3+-hop,2026-08-21,True,"All factual claims are fully supported by the retrieved contexts, which mention the directors of both films but omit their nationalities.",1571
Where was the director of film Death Of A Friend born?,vanilla,0,2-hop,2026-08-21,True,The answer correctly identifies from [2W-045-P04] that Franco Rossi directed the film and accurately states that his birth location is not mentioned in the context.,1925
Who is the spouse of the director of film Fire-Eater (Film)?,vanilla,0,2-hop,2026-08-21,True,The answer accurately states the director identified in the context and correctly notes that information regarding her spouse is absent.,849
"Which film has the director born later, No Dough Boys or The Punch And Judy Man?",vanilla,0,3+-hop,2026-08-21,True,"Every claim in the answer is directly supported by the retrieved contexts, which correctly note the directors of both films and the absence of their birth dates.",1153
Are Saks Fifth Avenue and Warburg Pincus located in the same country?,vanilla,0,1-hop,2026-08-21,True,All factual statements in the answer are directly supported by the retrieved contexts.,1311
Are the directors of films Jaco (Film) and Half A Bride both from the same country?,vanilla,0,3+-hop,2026-08-21,True,All factual statements made in the answer accurately reflect the provided contexts.,1494
"Which film has the director who died earlier, My Husband'S Other Wife or ¡Que Viene Mi Marido!?",vanilla,0,3+-hop,2026-08-21,True,The answer accurately states the directors provided in the context and correctly points out that their death dates are missing.,867
Are Vivicca Whitsett and Pepa (Rapper) from the same country?,vanilla,0,1-hop,2026-08-21,True,The answer accurately reflects the information in the retrieved contexts regarding the stated nationalities of both individuals.,1467
"Which film came out first, Je L'Ai Été Trois Fois or Tamala 2010: A Punk Cat In Space?",vanilla,0,1-hop,2026-08-21,False,Context [2W-052-P05] does not mention the release year 2002 for Tamala 2010: A Punk Cat in Space.,1473
"Which film came out first, The Happy Life or King Arthur Was A Gentleman?",vanilla,0,1-hop,2026-08-21,True,All claims and dates comparing the two films are directly supported by the retrieved contexts.,927
"Which film has the director who was born earlier, Time For Loving or Un'Altra Vita?",vanilla,0,3+-hop,2026-08-21,True,"All statements are fully supported by the retrieved contexts, which do not contain the birth dates of the directors.",1127
"Which film has the director born later, Monsieur Taxi or A Yiddish World Remembered?",vanilla,0,3+-hop,2026-08-21,True,The answer accurately states what is present and missing from the provided contexts without introducing ungrounded information.,977
"Which film has the director who died first, The Squaw Man'S Son or Till We Meet Again (1936 Film)?",vanilla,0,3+-hop,2026-08-21,True,"All claims accurately reflect the retrieved contexts, correctly citing the directors and noting the absence of death dates.",1029
What is the place of birth of Marie Tomášová's husband?,vanilla,0,2-hop,2026-08-21,True,All facts and citations are fully supported by the retrieved contexts.,1220
Where did Eduardo Notari's mother die?,vanilla,0,2-hop,2026-08-21,True,The contexts confirm that Eduardo Notari's mother was Elvira Notari and that she died in Cava de' Tirreni.,1539
"Who is younger, Empress Xiaoshurui or Goran Veselinovski?",vanilla,0,1-hop,2026-08-21,False,The answer makes a contradictory claim that Empress Xiaoshurui is younger than Goran Veselinovski despite citing birth dates of 1760 and 1975.,1202
"Which film has the director who died earlier, A Medal For Benny or King Of Chinatown?",vanilla,0,3+-hop,2026-08-21,True,"All statements made in the answer accurately reflect the retrieved contexts, correctly citing the directors and noting the absence of their death dates.",1312
"Which film came out earlier, Painted Post (Film) or Katka'S Reinette Apples?",vanilla,0,1-hop,2026-08-21,True,All claims regarding the release years of both films and the comparison are fully supported by the provided contexts.,1108
"Who was born earlier, Ela Gandhi or Sebastián Borensztein?",vanilla,0,1-hop,2026-08-21,True,All factual claims and citations are directly supported by the retrieved contexts.,1221
Was Dudley Russell or Juan René Serrano born first?,vanilla,0,1-hop,2026-08-21,True,All birth dates and the conclusion that Dudley Russell was born first are fully supported by the provided contexts.,1087
Are Bilthoven and Herveld both located in the same country?,vanilla,0,1-hop,2026-08-21,True,All facts in the answer regarding the locations of Bilthoven and Herveld in Dutch provinces and the Netherlands are directly supported by the context.,1335
Who is the spouse of the director of film The Glass Boat?,vanilla,0,2-hop,2026-08-21,True,The answer accurately states the directors identified in the context and correctly notes that their spouses are not provided.,1234
What is the place of birth of the director of film A Woman'S Face (1938 Film)?,vanilla,0,2-hop,2026-08-21,True,"The answer accurately states that Gustaf Molander is named as the director in the context, but his place of birth is not provided.",1268
Are both directors of films The Princess Bride (Film) and I Never Sang For My Father from the same country?,vanilla,0,3+-hop,2026-08-21,True,All claims regarding the information present and missing in the provided contexts are accurate and supported.,2057
"Which film has the director who was born later, El Extraño Viaje or Love In Pawn?",vanilla,0,3+-hop,2026-08-21,True,The answer accurately cites the directors mentioned in the context and correctly identifies that their birth dates are not provided.,1006
Who is Charlotte Of Schaumburg-Lippe's father?,vanilla,0,2-hop,2026-08-21,True,The answer accurately identifies Charlotte of Schaumburg-Lippe's father as Prince Wilhelm Karl August of Schaumburg-Lippe as directly stated in context [2W-069-P07].,1199
"Which film came out first, A Girl'S Folly or The Original Latin Kings Of Comedy?",vanilla,0,1-hop,2026-08-21,True,The release years for both films and the conclusion that A Girl's Folly came out first are fully supported by the contexts.,1151
"Who was born later, Borys Karnicki or Admir Velagić?",vanilla,0,1-hop,2026-08-21,True,The answer accurately reflects the birth dates and comparison provided in the retrieved contexts.,844
Are Paula Arundell and Trent Grimsey both from the same country?,vanilla,0,1-hop,2026-08-21,True,Both Paula Arundell and Trent Grimsey are explicitly identified as Australian in the provided contexts.,1238
Where did Hal Steinbrenner's father die?,vanilla,0,2-hop,2026-08-21,True,"The answer is directly supported by the context which states that Hal Steinbrenner's father, George Steinbrenner, died in his Tampa home.",1254
"Who is older, Oreste Scalzone or John Dugard?",vanilla,0,1-hop,2026-08-21,True,All facts and birthdates comparing Oreste Scalzone and John Dugard are directly supported by the retrieved contexts.,1299
"Which film has the director who was born first, The Millionaire'S Double or The Groundstar Conspiracy?",vanilla,0,3+-hop,2026-08-21,True,The answer accurately states that the retrieved context identifies the two directors but does not provide their birth dates to determine who was born first.,1560
"Which film was released earlier, Navavadhu or The January Man?",vanilla,0,1-hop,2026-08-21,True,"All facts, release years, and requirement citations are fully supported by the retrieved contexts.",1540
"Where did Frederick, Hereditary Prince Of Baden-Durlach's father die?",vanilla,0,2-hop,2026-08-21,True,The answer accurately reflects the information about Charles III William's death provided in the retrieved contexts.,1351
"Which film has the director who is older, Heremias or S.P.Q.R.: 2,000 And A Half Years Ago?",vanilla,0,3+-hop,2026-08-21,True,The answer accurately reflects the provided contexts and correctly notes that the directors' ages or birth dates are missing.,1857
"Were both Pietro Salini and Domenico Ravenna, born in the same place?",vanilla,0,1-hop,2026-08-21,True,"All statements accurately reflect the provided contexts, correctly noting Salini's birthplace and Ravenna's lack of birthplace information.",1057
"Which film has the director born earlier, Street Of No Return or Stage Door?",vanilla,0,3+-hop,2026-08-21,False,"The contexts do not contain Samuel Fuller's birth date, so the claim that Stage Door has the earlier-born director cannot be verified.",1345
"Which film has the director who died first, Sons Of Bitches or Di Che Segno Sei??",vanilla,0,3+-hop,2026-08-21,True,The answer accurately summarizes the directors listed in the context and correctly identifies that their dates of death are not provided.,1340
"Which magazine came out first, Sri Ramakrishna Vijayam or Tait'S Edinburgh Magazine?",vanilla,0,1-hop,2026-08-21,True,All facts and cited dates in the answer are directly supported by the retrieved contexts.,1361
"Which film has the director who died earlier, Here Is The Beauty or Whirl Of Youth?",vanilla,0,3+-hop,2026-08-21,True,The answer accurately cites the directors from the context and correctly states that their death dates are not provided.,1054
"Who is older, Artyom Novichonok or Lyubov Kiryukhina-Tsyoma?",vanilla,0,1-hop,2026-08-21,True,All facts and citations are fully supported by the retrieved contexts.,1249
Who was born first out of Andrea Di Vito and Barbara Fairchild?,vanilla,0,1-hop,2026-08-21,True,The answer accurately compares the birth dates given in the retrieved contexts and correctly states who was born first.,1018
What is the place of birth of the director of film The New Kids?,vanilla,0,2-hop,2026-08-21,True,"The answer accurately states the context confirms Sean S. Cunningham directed the film, but does not provide his place of birth.",1087
"What is the place of birth of Rudolf Christian, Count Of East Frisia's father?",vanilla,0,2-hop,2026-08-21,True,The answer accurately identifies the father from the context and correctly states that his place of birth is not provided.,1641
"Which film was released earlier, Samundi or Babilonia?",vanilla,0,1-hop,2026-08-21,False,The initial statement claiming Samundi was released earlier contradicts both the retrieved contexts and the answer's own conclusion.,1318
Do director of film Trouble In The Glen and director of film Hennessy (Film) have the same nationality?,vanilla,0,3+-hop,2026-08-21,False,"The context does not indicate that the directors have different nationalities, making the claim that they do unsupported.",1164
"Who was born earlier, Denis Rogers or Zelma Wilson?",vanilla,0,1-hop,2026-08-21,True,Both birth dates and the resulting comparison are directly supported by the retrieved contexts.,1109
"Which film has the director born first, Escape From The Dark or Bulundi?",vanilla,0,3+-hop,2026-08-21,True,The answer accurately cites the directors from the retrieved context and correctly states that their birth dates are missing.,1415
"Which film has the director who died later, The Heart Of Nora Flynn or A Vanished World?",vanilla,0,3+-hop,2026-08-21,True,The answer accurately states that the retrieved contexts do not provide death dates for the directors of either film.,1208
Are Trenton Aerodrome and Mackenzie Airport both located in the same country?,vanilla,0,1-hop,2026-08-21,True,All claims regarding the locations of Trenton Aerodrome and Mackenzie Airport are directly supported by the retrieved contexts.,798
"Which film has the director born first, Free Hand For A Tough Cop or Man'S Favorite Sport??",vanilla,0,3+-hop,2026-08-21,True,All claims regarding the directors and the absence of birth date information are fully supported by the provided contexts.,1754
What is the place of birth of Lupe Rumazo's father?,vanilla,0,2-hop,2026-08-21,True,The answer is fully supported by the provided contexts identifying Lupe Rumazo's father and his place of birth.,2105
Are Mount Queen Mary and Curia Mountain located in the same country?,vanilla,0,1-hop,2026-08-21,False,The answer starts with 'No' which contradicts the retrieved context showing both mountains are located in Canada.,1289
"Which film was released earlier, Robotech: The Movie or Lakeeran?",vanilla,0,1-hop,2026-08-21,True,All claims regarding the films and their release years are supported by the retrieved contexts.,929
"Who is younger, R. Nagarajan or Agneta Engström?",vanilla,0,1-hop,2026-08-21,True,All claims regarding their birth dates and who is younger are directly supported by the retrieved contexts.,944
"Which film has the director who died earlier, Up In The World or Gioventù Alla Sbarra?",vanilla,0,3+-hop,2026-08-21,True,The answer accurately cites the directors from the retrieved context and correctly states that their death dates are missing.,1239
Where did the composer of film Kilippattu (Film) die?,vanilla,0,2-hop,2026-08-21,True,All facts stated in the answer are directly supported by the retrieved contexts.,1692
Where did the composer of film Before Sunset study?,vanilla,0,2-hop,2026-08-21,True,All claims made in the answer are accurately supported by the retrieved contexts.,1313
"Which film has the director who died later, Farewell, My Beautiful Lady or Night 'N' Gales?",vanilla,0,3+-hop,2026-08-21,True,The answer accurately identifies the directors from the provided context and correctly states that their dates of death are not given.,1177
Does Éric Ruf have the same nationality as Jean Léonard Marie Poiseuille?,vanilla,0,1-hop,2026-08-21,True,Every claim in the answer is directly supported by the retrieved contexts.,935
Where was the founder of university Vermont Studio Center born?,vanilla,0,2-hop,2026-08-21,True,The answer accurately reflects the information in the provided context and correctly states that the birthplace is not mentioned.,1001
Are Marib Airport and Lee County Airport (Virginia) both located in the same country?,vanilla,0,1-hop,2026-08-21,True,All claims are directly supported by the retrieved contexts.,874
What is the place of birth of the performer of song Heaven (Namie Amuro Song)?,vanilla,0,2-hop,2026-08-21,True,All claims regarding the performer of 'Heaven' and her birthplace are directly supported by the cited contexts.,1823
Where did Shivaji Ii's father die?,vanilla,0,2-hop,2026-08-21,True,All facts regarding Shivaji II's parentage and the place of Rajaram I's death are directly supported by the retrieved contexts.,1509
Where did Paulding Farnham's wife die?,vanilla,0,2-hop,2026-08-21,True,The answer accurately reflects that the retrieved contexts do not provide the death location of Paulding Farnham's wife.,1014
What is the place of birth of Oliver Penrose's father?,vanilla,0,2-hop,2026-08-21,True,The answer accurately reflects the retrieved contexts by identifying Oliver Penrose's father and correctly stating that his place of birth is not provided.,1395
"Who is younger, Adam Morawski or Matt Kilcullen?",vanilla,0,1-hop,2026-08-21,True,All facts and birth dates comparing the ages of Adam Morawski and Matt Kilcullen are fully supported by the retrieved contexts.,1013
Which award the director of film Solstice (Film) received?,vanilla,0,2-hop,2026-08-21,True,All factual statements in the answer are accurate and fully supported by the provided context.,1236
"Are director of film The Case Is Closed, Forget It and director of film Le Signorine Dello 04 from the same country?",vanilla,0,3+-hop,2026-08-21,True,The answer accurately reflects the information provided in the context and correctly points out the absence of the directors' nationalities.,1415
Who is the father of the director of film Dino Ki Dulhaniya?,vanilla,0,2-hop,2026-08-21,True,The answer accurately reflects the retrieved contexts by identifying Mehreen Jabbar as the director and stating that her father's identity is not provided.,1762
Are both directors of films Dead Man Running and Night Alone from the same country?,vanilla,0,3+-hop,2026-08-21,True,All factual claims made in the answer are directly supported by the retrieved contexts.,1326
Do director of film Brain Damage (Film) and director of film The Hole In The Ground (Film) have the same nationality?,vanilla,0,3+-hop,2026-08-21,False,The claim that the directors have different nationalities is unsupported because Frank Henenlotter's nationality is not provided in the context.,1289
"Which film has the director who was born later, L'Eclisse or A Matter Of Morals?",vanilla,0,3+-hop,2026-08-21,False,The claim that L'Eclisse has the director who was born later cannot be verified because the birth date of John Cromwell is not provided in the contexts.,1683
"Who was born later, Jay T. Harris or Amie Casey?",vanilla,0,1-hop,2026-08-21,True,All claims regarding the birth dates of Amie Casey and Jay T. Harris are directly supported by the retrieved contexts.,999
Where was the director of film Chopsticks (Film) born?,vanilla,0,2-hop,2026-08-21,True,The answer accurately states that the retrieved context identifies Sachin Yardi as the director but does not provide his birthplace.,1284
"Which film whose director was born first, Flesh And The Spur or Memories Of A Mexican?",vanilla,0,3+-hop,2026-08-21,True,The answer accurately reports director names from the context and correctly states that birth dates are missing.,1209
Who is the father of Alexios Iii Angelos?,vanilla,0,2-hop,2026-08-21,False,The retrieved contexts establish that Isaac II Angelos was Alexios III's brother and that their father was Andronikos Doukas Angelos.,2037
"Which magazine came out first, Family Herald or Books For Keeps?",vanilla,0,1-hop,2026-08-21,True,All claims about the launch dates and relative timing of Family Herald and Books for Keeps are directly supported by the context.,1086
"Which film has the director born earlier, Trail To Vengeance or Sally'S Irish Rogue?",vanilla,0,3+-hop,2026-08-21,True,The answer accurately states the directors provided in the context and correctly identifies that their birth dates are not present.,1195
Where was the composer of film Billy Elliot born?,vanilla,0,2-hop,2026-08-21,True,The answer accurately cites Stephen Warbeck as the composer from the context and correctly states that his birthplace is not provided.,1368
"Which film has the director who is older than the other, Velli Vizha or A Year Ago In Winter? ",vanilla,0,3+-hop,2026-08-21,True,The answer accurately reflects the information in the contexts and correctly states that the directors' birth dates or ages are not provided.,1256
"Which film came out earlier, Kalyana Mandapam or Lucrèce Borgia?",vanilla,0,1-hop,2026-08-21,True,All release years and comparisons mentioned in the answer are directly supported by the retrieved contexts.,1467
"Which film was released more recently, Bhanwarey or Harlem Nights?",vanilla,0,1-hop,2026-08-21,True,The answer accurately compares the release dates of both films based on the retrieved contexts.,1629
"Which film has the director who was born first, Valley Of The Redwoods or The Law Of Men?",vanilla,0,3+-hop,2026-08-21,True,"All claims are fully supported by the retrieved contexts, which lack the birth dates needed to answer the question.",920
"Which film has the director who was born earlier, The Blackmailers or Re-Animator?",vanilla,0,3+-hop,2026-08-21,True,"All statements in the answer accurately reflect the provided contexts, correctly noting that the birth dates of the directors are missing.",1570
Are Graduate University Of Advanced Technology and Fruita Schoolhouse located in the same country?,vanilla,0,1-hop,2026-08-21,True,All factual statements and cited sources are directly supported by the retrieved contexts.,897
Who is Paolo Ii Vitelli's maternal grandfather?,vanilla,0,2-hop,2026-08-21,True,The answer accurately identifies Troilo I de' Rossi as Paolo II Vitelli's maternal grandfather using facts and citations directly supported by the context.,1262
Do both films: Blockade (1938 Film) and Woman In The River have the directors from the same country?,vanilla,0,3+-hop,2026-08-21,True,"All factual statements, including the names of the directors and the absence of their nationality details in the context, are accurately supported by the provided text.",1857
"Which film has the director died later, Mexican Spitfire'S Elephant or Revenge (1918 Film)?",vanilla,0,3+-hop,2026-08-21,True,The answer accurately reflects the lack of information in the context regarding death dates and the film Revenge while correctly citing the director of Mexican Spitfire's Elephant.,1271
What is the place of birth of the director of film Walerjan Wrobel'S Homesickness?,vanilla,0,2-hop,2026-08-21,True,"The context directly verifies that Rolf Schübel directed Walerjan Wrobel's Homesickness and was born in Stuttgart, Germany.",2010
Do both films September Affair and A Gathering Of Eagles have the directors that share the same nationality?,vanilla,0,3+-hop,2026-08-21,False,"The initial affirmation 'Yes.' makes an unsupported claim regarding the directors sharing the same nationality, which cannot be verified from the context.",1661
"Which film has the director died earlier, Hôtel Du Nord or Down In 'Arkansaw'?",vanilla,0,3+-hop,2026-08-21,True,The answer accurately reflects the information available in the retrieved contexts and correctly states that the death dates of both directors are missing.,1322
Who is Adolf Ernst Of Limburg Stirum's paternal grandfather?,vanilla,0,2-hop,2026-08-21,False,"The context identifies Hermann Otto I of Limburg-Styrum as Adolf Ernst's father, not his paternal grandfather.",1114
When did Harald Sigtryggsson's father die?,vanilla,0,2-hop,2026-08-21,True,All claims are accurately supported by the provided context chunks.,2513
Where did Richard Altham's father study?,vanilla,0,2-hop,2026-08-21,True,"The contexts confirm that Richard Altham's father was Harry Altham and that he was educated at Repton School and Trinity College, Oxford.",1098
"Which film has the director who is older than the other, Zwemplaats Voor Jongelingen Te Amsterdam or Client 9: The Rise And Fall Of Eliot Spitzer? ",vanilla,0,3+-hop,2026-08-21,True,The answer accurately reflects the information in the contexts and correctly notes that M.H. Laddé's age/birth date is missing.,1966
Where was the editor of magazine Argentus born?,vanilla,0,2-hop,2026-08-21,True,"The statement identifying Steven H Silver as the editor of Argentus and his birthplace as Hinsdale, Illinois is fully supported by the context.",1831
"Which song was released more recently, Go Ahead And Break My Heart or Knee Deep In My Heart?",vanilla,0,1-hop,2026-08-21,True,All facts and release dates are directly supported by the retrieved contexts.,1241
Where was the place of burial of the director of film Loose Ankles?,vanilla,0,2-hop,2026-08-21,True,The answer accurately cites that Ted Wilde directed the film based on the provided context and correctly states that his burial place is not mentioned.,2063
"Which film has the director who died later, The House Behind The Cedars or First Case, Second Case?",vanilla,0,3+-hop,2026-08-21,True,The answer accurately identifies the directors from the context and correctly notes that their death dates are not mentioned.,1710
Where did the performer of song Girlfriend (Alicia Keys Song) study?,vanilla,0,2-hop,2026-08-21,True,The answer accurately states that the retrieved context does not contain information about where Alicia Keys studied and correctly summarizes what the context provides.,2100
Does Devorah Rose have the same nationality as Jay Hambidge?,vanilla,0,1-hop,2026-08-21,True,The answer is fully supported by the provided contexts which confirm both individuals are American.,1435
Where did Princess Catherine Of Schleswig-Holstein-Sonderburg-Beck's father die?,vanilla,0,2-hop,2026-08-21,True,"The answer is fully supported by the provided contexts, which confirm that Princess Catherine's father, Peter August, died in Reval.",1588
"Which film whose director is younger, The Jazz Cinderella or The Battle Of Jangsari?",vanilla,0,3+-hop,2026-08-21,True,The answer accurately states that the retrieved context lacks birth dates or ages to determine which director is younger and correctly cites the facts that are present.,1116
Who is the paternal grandmother of King Kang Of Zhou?,vanilla,0,2-hop,2026-08-21,False,The answer contains a contradictory and unsupported claim stating that the context does not contain the information.,1608
"Who is Hans Albrecht, Hereditary Prince Of Schleswig-Holstein's maternal grandmother?",vanilla,0,2-hop,2026-08-21,False,"The claim that the retrieved context does not contain Hans Albrecht's maternal grandmother contradicts the provided context, which explicitly names Princess Alexandra of Saxe-Coburg and Gotha as his m",2144
Who is Al-Nu'Man Vi Ibn Al-Mundhir's paternal grandfather?,vanilla,0,2-hop,2026-08-21,True,The answer is fully supported by the retrieved contexts.,1701
Where was the place of burial of Mariamne I's husband?,vanilla,0,2-hop,2026-08-21,True,The answer accurately states that the contexts mention Mariamne I was married to Herod the Great without providing his place of burial.,1237
Who is the child of the director of film Kathputli (1971 Film)?,vanilla,0,2-hop,2026-08-21,True,"The answer accurately states that the retrieved context does not provide information about the child of the director, Brij.",1796
Which country the director of film Batman: The Dark Knight Returns (Film) is from?,vanilla,0,2-hop,2026-08-21,True,"The answer accurately states that while Jay Oliva is identified as the director, his country of origin is not provided in the context.",2843
What nationality is Margaret Of Hereford's mother?,vanilla,0,2-hop,2026-08-21,True,All factual claims in the answer are directly supported by the provided retrieved contexts.,1465
"Which film came out first, Festival In Cannes or Petria'S Wreath?",vanilla,0,1-hop,2026-08-21,True,The answer accurately compares the release years of both films based directly on the provided context.,972
Do director of film D'Annunzio (Film) and director of film Così Parlò Bellavista have the same nationality?,vanilla,0,3+-hop,2026-08-21,True,"All factual claims are accurately grounded in the retrieved contexts, correctly citing the relevant passages and noting the context's limitations.",1651
"Which film has the director who died first, Big Happiness or Border Romance?",vanilla,0,3+-hop,2026-08-21,False,"The answer initially asserts that Big Happiness has the director who died first, which is not supported or contained in the provided contexts.",1579
"Where did George Tryon, 1St Baron Tryon's father die?",vanilla,0,2-hop,2026-08-21,True,"The answer is fully supported by the retrieved contexts stating that Vice-Admiral Sir George Tryon was the father and died during manoeuvres off Tripoli, Lebanon.",1397
Who is the paternal grandmother of Bianca Maria Sforza?,vanilla,0,2-hop,2026-08-21,True,The contexts confirm that Galeazzo Maria Sforza is Bianca Maria Sforza's father and was born to Bianca Maria Visconti.,1258
"Which film whose director was born first, Meri Jung or La Fille Du Torrent?",vanilla,0,3+-hop,2026-08-21,True,All statements made in the answer are fully supported by the retrieved contexts.,1056
Where was the place of burial of Sultan Cem's father?,vanilla,0,2-hop,2026-08-21,True,The answer accurately states that the retrieved context identifies Sultan Cem's father as Mehmed II but does not contain information about his place of burial.,1228
"Which film was released first, Sarah Prefers To Run or Tears Of April?",vanilla,0,1-hop,2026-08-21,True,The contexts confirm that Tears of April was released in 2008 and Sarah Prefers to Run was released in 2013.,976
"Which film has the director born later, Kaalapani or Strictly Modern?",vanilla,0,3+-hop,2026-08-21,True,The answer accurately states the directors and birth date available in the context and correctly identifies that the birth date for William A. Seiter is missing.,2437
"Which film has the director who died first, The Admiral Was A Lady or The Whales Of August?",vanilla,0,3+-hop,2026-08-21,False,"The answer claims that The Admiral Was a Lady has the director who died first, which is not supported by the contexts as neither director's date of death is provided.",1528
"Which film whose director was born first, El Lazarillo De Tormes or Balyasakhi?",vanilla,0,3+-hop,2026-08-21,True,"The answer accurately reflects the retrieved contexts, correctly noting César Fernández Ardavín's birth date and the absence of Antony Mitradas's birth date.",1271
Are Ding Yaping and Johann Christian Gustav Lucae of the same nationality?,vanilla,0,1-hop,2026-08-21,True,All claims regarding the nationalities and descriptions of Ding Yaping and Johann Christian Gustav Lucae are directly supported by the retrieved contexts.,1508
"Are both Chak 26/11-L, Chichawatni and Chah-E Ali Kapari located in the same country?",vanilla,0,1-hop,2026-08-21,True,All claims regarding the locations of both villages in Pakistan and Iran are fully supported by the retrieved contexts.,1103
"Who was born first, Enzo Corigliano or Song Dong-Hwan?",vanilla,0,1-hop,2026-08-21,True,The answer accurately compares the birth dates of Song Dong-hwan and Enzo Corigliano directly supported by the context.,1178
What is the date of death of the director of film Honest Raj?,vanilla,0,2-hop,2026-08-21,True,The answer accurately states that the film was directed by K. S. Ravi according to context 2W-169-P01 and correctly acknowledges that his date of death is not provided in the context.,1929
Who is the spouse of the director of film You Talkin' To Me? (Film)?,vanilla,0,2-hop,2026-08-21,True,The answer accurately states the director from the provided context and correctly notes that his spouse is not mentioned in the contexts.,1035
Where was the wife of Ned Manning born?,vanilla,0,2-hop,2026-08-21,True,The answer accurately reflects that the provided contexts do not contain information regarding where either of Ned Manning's wives was born.,1125
What is the place of birth of the director of film The United States Of America (Film)?,vanilla,0,2-hop,2026-08-21,True,All factual statements and citations in the answer are supported by the retrieved contexts.,1119
Who is Humphrey Of Montfort's paternal grandmother?,vanilla,0,2-hop,2026-08-21,True,The answer accurately states the information provided in the context and correctly identifies that Humphrey's paternal grandmother cannot be determined from the retrieved text.,1473
"Are both villages, Rogozikha and Turbaza ""Katun"", located in the same country?",vanilla,0,1-hop,2026-08-21,True,Both villages are confirmed to be located in Russia according to contexts [2W-174-P04] and [2W-174-P06].,910
What nationality is the composer of film Dhilluku Dhuddu 2?,vanilla,0,2-hop,2026-08-21,True,The answer accurately reflects the information in the provided context and correctly states that the composer's nationality is not mentioned.,1905
What is the place of birth of the director of film K-9: P.I.?,vanilla,0,2-hop,2026-08-21,True,The answer accurately states the director named in the context and correctly notes that his place of birth is not provided.,1171
"Which film has the director who died earlier, The Right Person or The Curtain Falls?",vanilla,0,3+-hop,2026-08-21,True,The answer accurately cites the directors from the provided contexts and correctly states that their death dates are missing.,1139
Who is the mother-in-law of Princess Clotilde Of Saxe-Coburg And Gotha?,vanilla,0,2-hop,2026-08-21,True,The answer accurately states that the mother-in-law's identity is not provided in the context and correctly summarizes the available information.,1279
"Which film has the director who died later, Elle Boit Pas, Elle Fume Pas, Elle Drague Pas, Mais... Elle Cause ! or The Very Eye Of Night?",vanilla,0,3+-hop,2026-08-21,True,The answer accurately reflects the information provided in the context and correctly identifies that death dates are not present.,1375
Did Neil Hopkins and Lenore E. Walker share the same nationality?,vanilla,0,1-hop,2026-08-21,True,All claims regarding the American nationality of Neil Hopkins and Lenore E. Walker are directly supported by the retrieved contexts.,971
"Which film has the director born earlier, Meera (1945 Film) or Old Mother Riley'S Ghosts?",vanilla,0,3+-hop,2026-08-21,True,The answer correctly identifies that the contexts only provide information for Old Mother Riley's Ghosts and lack the necessary details about Meera (1945 Film) and the directors' birth dates.,1040
"Which film has the director who died later, Suyetchai Mla or Brilliant Lies?",vanilla,0,3+-hop,2026-08-21,True,The answer accurately states the directors provided in the context and correctly identifies that their death dates are missing from the retrieved contexts.,1052
"Which film came out earlier, Locked In (Film) or Angel'S Rage?",vanilla,0,1-hop,2026-08-21,True,The answer accurately compares the release years of both films based directly on the provided context.,843
"Which film was released first, Sankaranum Mohananum or Cold Blade?",vanilla,0,1-hop,2026-08-21,True,The answer accurately states the release years of Cold Blade (1970) and Sankaranum Mohananum (2011) based directly on the provided contexts.,1603
"Which film has the director who was born earlier, Ruler Of The Road or Carson City Cyclone?",vanilla,0,3+-hop,2026-08-21,True,The answer accurately states the directors mentioned in the context and correctly identifies that their birth dates are not provided.,1346
"Which film whose director was born first, The Liberace Of Baghdad or Wild Heather?",vanilla,0,3+-hop,2026-08-21,True,"All factual statements are supported by the provided context, which correctly notes that the directors' birth dates are missing.",1183
"Which film whose director was born first, The Adjuster or Hajen Som Visste För Mycket?",vanilla,0,3+-hop,2026-08-21,True,"The answer accurately reflects the information in the context, noting the directors named and the absence of their birth dates.",1412
Do director of film La Neve Nel Bicchiere and director of film Lucia'S Grace have the same nationality?,vanilla,0,3+-hop,2026-08-21,False,The initial affirmation 'Yes' is unsupported because the context does not state the nationality of Florestano Vancini.,1596
"Which album was released earlier, Years Past Matter or Digital Smoke?",vanilla,0,1-hop,2026-08-21,True,The answer accurately compares release dates using facts directly verified in the retrieved contexts.,950
"Which film has the director died first, The Girl In The Red Velvet Swing or Ghosts Of Port Arthur?",vanilla,0,3+-hop,2026-08-21,True,The answer accurately cites director information from the contexts and correctly notes that death dates are not provided.,1123
Who is Empress Xu (Ming Dynasty)'s father-in-law?,vanilla,0,2-hop,2026-08-21,True,All claims are directly supported by the provided contexts.,1986
Do both directors of films Bullet For Stefano and Annabella'S Adventure share the same nationality?,vanilla,0,3+-hop,2026-08-21,False,"The contexts only identify the films as Italian, but do not provide or confirm the nationalities of the directors Duilio Coletti and Leo Menardi.",1385
Where did Johan Ludvig Heiberg (Poet)'s father die?,vanilla,0,2-hop,2026-08-21,True,The answer accurately reflects the information and exact wording from the provided context regarding Peter Andreas Heiberg's life and death in Paris.,2037
Where was the place of burial of the director of film High Lane (Film)?,vanilla,0,2-hop,2026-08-21,True,The answer accurately identifies the director mentioned in the context and correctly states that the burial place information is not available.,1548
Do both films Homecoming (1984 Film) and Hello Cheyenne have the directors that share the same nationality?,vanilla,0,3+-hop,2026-08-21,True,"All claims regarding the films, directors, and the absence of Eugene Forde's explicit nationality in the context are accurately supported.",1420
"Who is Beatrice Of Burgundy, Lady Of Bourbon's mother-in-law?",vanilla,0,2-hop,2026-08-21,True,The answer accurately cites the context regarding Beatrice's husband and correctly notes that his mother is not identified.,1185
Where was the director of film Katka'S Reinette Apples born?,vanilla,0,2-hop,2026-08-21,True,The answer accurately notes that the provided contexts mention the directors' names without stating their birthplaces.,1210
"Which film whose director is younger, Told In The Hills or Goodnight, Sweet Marilyn?",vanilla,0,3+-hop,2026-08-21,True,The answer accurately states what information is present and missing regarding the directors' ages based on the provided contexts.,1205
"Which film has the director who was born first, Legend Of The Mountain or Three Men To Kill?",vanilla,0,3+-hop,2026-08-21,True,The answer accurately cites the directors from the provided context and correctly states that their birth dates are not present to determine who was born first.,1202
"Who lived longer, Jean-Baptiste-Denis Despré or Lucien Bonaparte Webster?",vanilla,1,1-hop,2026-08-21,True,The answer accurately computes and compares the lifespans of Jean-Baptiste-Denis Despré and Lucien Bonaparte Webster using their birth and death dates given in the contexts.,1502
"Who died later, Pieter Corneliszoon Hooft or Rudi Carrell?",vanilla,1,1-hop,2026-08-21,True,All facts and dates regarding the deaths of Pieter Corneliszoon Hooft and Rudi Carrell are accurately supported by the provided contexts.,1678
"Which film came out first, Defendor or Njanum Ente Familiyum?",vanilla,1,1-hop,2026-08-21,True,All claims regarding the release dates and relative chronological order of both films are fully supported by the retrieved contexts.,1542
"Which film came out first, What Women Love or Ramudu Kadu Krishnudu?",vanilla,1,1-hop,2026-08-21,True,The answer accurately compares the release years of both films directly supported by the retrieved contexts.,1115
Does Eddie Murray (Rugby League) have the same nationality as Henry Talbot (Photographer)?,vanilla,1,1-hop,2026-08-21,True,All claims regarding the nationalities of Eddie Murray and Henry Talbot are directly supported by the retrieved contexts.,1263
Do Jan Christiaan Lindeman and Jermano Lo Fo Sang have the same nationality?,vanilla,1,1-hop,2026-08-21,True,All statements and requirement citations in the answer are fully supported by the retrieved contexts.,1564
Are both directors of films Tarzan And The Slave Girl and Sweet Crude from the same country?,vanilla,1,3+-hop,2026-08-21,True,The answer accurately states that the retrieved contexts do not provide enough information to determine the nationality or country of both directors.,1321
"Who was born first, Heo Keon or Ljiljana Nanušević?",vanilla,1,1-hop,2026-08-21,False,The claim that Heo Keon was born first contradicts the birth dates given in the context.,1209
Who was born first out of Kazimierz Cichowski and Ellen Margrethe Løj?,vanilla,1,1-hop,2026-08-21,True,All birth dates and the resulting comparison are directly supported by the retrieved contexts.,1984
"Where did Catherine Of Taranto, Countess Of Copertino's mother die?",vanilla,1,2-hop,2026-08-21,True,The answer accurately states that the death location of Catherine of Taranto's mother is not provided in the retrieved contexts.,1028
Who is Princess Caroline Napoléon's maternal grandmother?,vanilla,1,2-hop,2026-08-21,True,All facts and deductions are fully supported by the provided context chunks [2W-010-P05] and [2W-010-P00].,1681
Where was the father of Alina Fernández born?,vanilla,1,2-hop,2026-08-21,True,The answer accurately states that the retrieved context identifies her father as Fidel Castro but does not provide his birthplace.,1166
"Who died later, Adam Purple or Chyskillz?",vanilla,1,1-hop,2026-08-21,False,The answer contradicts the context by stating Adam Purple died later despite showing he died in 2015 while Chyskillz died in 2018.,1417
"Which film whose director was born first, Lions For Lambs or Nowhere In Africa?",vanilla,1,3+-hop,2026-08-21,True,"All claims in the answer accurately reflect the retrieved contexts, which identify the directors but lack their birth dates.",1396
"Which film came out earlier, Where Are You? I'M Here or Patnam Vachina Pativrathalu?",vanilla,1,1-hop,2026-08-21,True,"All facts, dates, and comparisons are fully supported by the retrieved contexts.",1139
"Where was the place of death of Crato, Count Of Nassau-Saarbrücken's father?",vanilla,1,2-hop,2026-08-21,True,"The answer is fully supported by the retrieved contexts, which state that Crato was the son of William Louis and William Louis died in Metz.",1532
"Which film has the director who was born later, Young Buffalo Bill or The Lacquered Box?",vanilla,1,3+-hop,2026-08-21,True,The answer accurately states the directors based on the contexts and correctly notes that birth dates are not provided.,1031
"Do Kim Darby and John Birdsall (Politician, Born 1840) have the same nationality?",vanilla,1,1-hop,2026-08-21,False,"The answer begins with ""No"", which contradicts the provided contexts showing that both individuals are American.",1268
"Which film whose director was born first, Sin'S Pay Day or Gunaah (1993 Film)?",vanilla,1,3+-hop,2026-08-21,True,"All facts stated are accurately supported by the context, and the answer correctly identifies that birth dates for the directors are missing.",2018
Who was the teacher of the composer of film The Cousin From Nowhere (1953 Film)?,vanilla,1,2-hop,2026-08-21,True,The answer accurately states that the composer is Eduard Künneke according to the context and correctly identifies that the teacher is not mentioned in the provided text.,1307
"Who is older, Arnold Carl Johansen or Walter Lafferty?",vanilla,1,1-hop,2026-08-21,True,All factual claims and citations are directly supported by the retrieved contexts.,912
"Who was born first, Cornelis Gijsbert Gerrit Jan Van Steenis or Tarsem King, Baron King Of West Bromwich?",vanilla,1,1-hop,2026-08-21,True,All birthdates and the comparison are accurately supported by the retrieved contexts.,1405
"Did the movies Mille Bolle Blu and La Moglie Vergine, originate from the same country?",vanilla,1,1-hop,2026-08-21,True,Both films are explicitly identified as Italian in the provided contexts.,947
"Who is older, Daniel David Moses or Stanislas Batchi?",vanilla,1,1-hop,2026-08-21,True,All facts and birth dates are fully supported by the provided contexts.,1252
"Which film came out first, Blood And Diamonds or Opened By Mistake?",vanilla,1,1-hop,2026-08-21,True,The answer accurately compares the release years of both films using the provided contexts.,1154
When was Richard Bootle-Wilbraham's father born?,vanilla,1,2-hop,2026-08-21,True,All factual claims and citations are directly supported by the retrieved contexts.,1580
"Which film has the producer who is older, Dweepa or Kalank?",vanilla,1,3+-hop,2026-08-21,False,The claim that Kalank has the older producer is unsupported because the retrieved context does not contain information about the producer or age of the producer for Dweepa.,1989
Who was born first out of Gerda Weissensteiner and Stasys Šaparnis?,vanilla,1,1-hop,2026-08-21,True,"All facts, birth dates, and chronological comparisons are directly supported by the context.",1036
Who is the paternal grandfather of George Tupou V?,vanilla,1,2-hop,2026-08-21,True,All statements and inferences in the answer are fully supported by the retrieved contexts.,1131
"Which film has the director who is older than the other, Odd Job (Film) or Everything'S Ducky? ",vanilla,1,3+-hop,2026-08-21,False,The claim that Everything's Ducky has the older director is not supported by the retrieved contexts.,1221
When did Mary Basset's father die?,vanilla,1,2-hop,2026-08-21,True,"The answer accurately reflects the context, which identifies William Roper as Mary Basset's father but provides no information on his date of death.",1957
"Which film has the director who was born earlier, The Forbidden Trail or A Weaver Of Dreams?",vanilla,1,3+-hop,2026-08-21,True,"All facts cited in the answer accurately reflect the provided contexts, and the conclusion that Bradbury's birth date is missing is correct.",1471
"Which film has the director died later, The Wax Model or Khoon Ka Karz?",vanilla,1,3+-hop,2026-08-21,True,The answer accurately reflects that the retrieved contexts provide the names of both directors but lack their death dates.,1658
"Are the movies The Urethra Chronicles and Starter For 10 (Film), from the same country?",vanilla,1,1-hop,2026-08-21,False,"Context [2W-033-P03] specifies that Blink-182 is an American band, but does not state that the film itself is American.",1778
"Which film has the director who was born earlier, Angélique, Marquise Des Anges or That Man George?",vanilla,1,3+-hop,2026-08-21,True,"All factual statements made in the answer are strictly supported by the provided context, and the inability to fully answer is accurately justified by the missing birth dates.",1256
"Who lived longer, George F. Sowers or Henrietta Amelia Leeson?",vanilla,1,1-hop,2026-08-21,False,"The conclusion that Henrietta Amelia Leeson lived longer is not supported by the context, as George F. Sowers lived 75 years and 1 month while Leeson's exact age beyond 75 is not established.",2164
Did Mitch Brian and Harry Kent (Cyclist) share the same nationality?,vanilla,1,1-hop,2026-08-21,True,The answer is fully supported by the provided contexts.,1218
"Which film has the director who died later, Waiting For The Hearse or The Seventh Sword?",vanilla,1,3+-hop,2026-08-21,True,"All claims are directly supported by the context, which identifies the directors but does not provide their death dates.",968
Who is Princess Elizabeth Of Greece And Denmark's maternal grandfather?,vanilla,1,2-hop,2026-08-21,True,The answer accurately reflects that the provided contexts only identify her mother and do not mention her maternal grandfather.,1000
What is the place of birth of Dianne Bentley's husband?,vanilla,1,2-hop,2026-08-21,True,"The contexts clearly confirm that Dianne Bentley was married to Robert J. Bentley, who was born in Columbiana, Alabama.",1553
What nationality is Sukhumala Marasri's father?,vanilla,1,2-hop,2026-08-21,True,The answer accurately states the father named in the text and correctly notes that his nationality is not provided in the contexts.,1277
"Which magazine was founded first, Racing Toward Diversity or Lo Scolaro?",vanilla,1,1-hop,2026-08-21,True,The contexts directly confirm that Lo Scolaro was published starting in 1912 and Racing Toward Diversity was founded in 2009.,1328
"Which film was released earlier, Smiles Of A Summer Night or Two Idiots In Hollywood?",vanilla,1,1-hop,2026-08-21,True,All claims regarding the release years of both films are fully supported by the retrieved contexts.,1002
Did Charles Robinson (Raf Airman) and Terri Hooley share the same nationality?,vanilla,1,1-hop,2026-08-21,True,The answer accurately states that Charles Robinson was British according to context [2W-043-P02] and that Terri Hooley is not mentioned in the provided text.,961
Do both films All Souls (Film) and Atomised (Film) have the directors from the same country?,vanilla,1,3+-hop,2026-08-21,False,The claim that the retrieved context indicates different countries for the directors is unsupported and contradicts the provided texts.,1554
Where was the director of film Death Of A Friend born?,vanilla,1,2-hop,2026-08-21,True,The answer accurately states what is known from the contexts and correctly notes that the director's birthplace is not provided.,1955
Who is the spouse of the director of film Fire-Eater (Film)?,vanilla,1,2-hop,2026-08-21,True,The answer accurately cites the director from the provided context and correctly states that the spouse information is not available.,919
"Which film has the director born later, No Dough Boys or The Punch And Judy Man?",vanilla,1,3+-hop,2026-08-21,True,"All factual claims are accurately supported by the provided context, which mentions both directors but omits their birth years.",1100
Are Saks Fifth Avenue and Warburg Pincus located in the same country?,vanilla,1,1-hop,2026-08-21,True,The answer accurately reflects the information in the retrieved contexts showing both entities are based in the United States.,1332
Are the directors of films Jaco (Film) and Half A Bride both from the same country?,vanilla,1,3+-hop,2026-08-21,True,All factual statements regarding the films' directors and countries of origin are accurately supported by the retrieved contexts.,1854
"Which film has the director who died earlier, My Husband'S Other Wife or ¡Que Viene Mi Marido!?",vanilla,1,3+-hop,2026-08-21,True,The answer accurately reflects the information in the contexts and correctly identifies that the directors' death dates are missing.,932
Are Vivicca Whitsett and Pepa (Rapper) from the same country?,vanilla,1,1-hop,2026-08-21,True,All claims in the answer are accurately derived directly from the provided text chunks.,1526
"Which film came out first, Je L'Ai Été Trois Fois or Tamala 2010: A Punk Cat In Space?",vanilla,1,1-hop,2026-08-21,True,All facts and the comparison are supported directly or through light inference from the provided contexts.,2179
"Which film came out first, The Happy Life or King Arthur Was A Gentleman?",vanilla,1,1-hop,2026-08-21,True,The answer accurately compares the release years of both films directly supported by the retrieved contexts.,908
"Which film has the director who was born earlier, Time For Loving or Un'Altra Vita?",vanilla,1,3+-hop,2026-08-21,True,The answer accurately reflects the directors mentioned in the context and correctly notes that their birth dates are not provided.,1128
"Which film has the director born later, Monsieur Taxi or A Yiddish World Remembered?",vanilla,1,3+-hop,2026-08-21,True,The answer accurately reflects the information in the contexts and correctly notes that the directors' birth dates are missing.,1042
"Which film has the director who died first, The Squaw Man'S Son or Till We Meet Again (1936 Film)?",vanilla,1,3+-hop,2026-08-21,True,The answer accurately states the directors identified in the context and correctly notes that their death dates are not provided.,982
What is the place of birth of Marie Tomášová's husband?,vanilla,1,2-hop,2026-08-21,True,Every claim in the answer is directly supported by the retrieved contexts.,1245
Where did Eduardo Notari's mother die?,vanilla,1,2-hop,2026-08-21,True,The answer accurately identifies Elvira Notari as Eduardo Notari's mother and correctly states her place of death as Cava de' Tirreni based on the provided context.,1575
"Who is younger, Empress Xiaoshurui or Goran Veselinovski?",vanilla,1,1-hop,2026-08-21,False,The answer falsely claims Empress Xiaoshurui is younger despite citing her birth year as 1760 compared to Goran Veselinovski's 1975.,1160
"Which film has the director who died earlier, A Medal For Benny or King Of Chinatown?",vanilla,1,3+-hop,2026-08-21,True,The answer accurately states the directors based on the context and correctly identifies that their death dates are missing.,1054
"Which film came out earlier, Painted Post (Film) or Katka'S Reinette Apples?",vanilla,1,1-hop,2026-08-21,True,All claims regarding release years and chronological comparison are fully supported by the provided contexts.,1139
"Who was born earlier, Ela Gandhi or Sebastián Borensztein?",vanilla,1,1-hop,2026-08-21,True,All facts and birth dates are fully supported by the retrieved contexts.,1319
Was Dudley Russell or Juan René Serrano born first?,vanilla,1,1-hop,2026-08-21,True,The answer accurately compares the birth dates of Dudley Russell (1 December 1896) and Juan René Serrano (23 February 1984) directly supported by the provided contexts.,1090
Are Bilthoven and Herveld both located in the same country?,vanilla,1,1-hop,2026-08-21,True,The contexts confirm that both Bilthoven and Herveld are located in Dutch provinces in the Netherlands.,1289
Who is the spouse of the director of film The Glass Boat?,vanilla,1,2-hop,2026-08-21,True,The answer accurately reflects the directors mentioned in the context and correctly states that their spouses are not provided.,1184
What is the place of birth of the director of film A Woman'S Face (1938 Film)?,vanilla,1,2-hop,2026-08-21,True,The answer accurately reflects the retrieved contexts by identifying the director as Gustaf Molander and stating that his birthplace is not provided.,1219
Are both directors of films The Princess Bride (Film) and I Never Sang For My Father from the same country?,vanilla,1,3+-hop,2026-08-21,False,The retrieved contexts do not state the nationality or home country of director Gilbert Cates.,1908
"Which film has the director who was born later, El Extraño Viaje or Love In Pawn?",vanilla,1,3+-hop,2026-08-21,True,The answer accurately states the directors based on the context and correctly identifies that their birth dates are not provided.,1106
Who is Charlotte Of Schaumburg-Lippe's father?,vanilla,1,2-hop,2026-08-21,True,The answer accurately states Charlotte of Schaumburg-Lippe's father based directly on context [2W-069-P07].,1204
"Which film came out first, A Girl'S Folly or The Original Latin Kings Of Comedy?",vanilla,1,1-hop,2026-08-21,True,The answer accurately compares the release years of both films based directly on the provided contexts.,1118
"Who was born later, Borys Karnicki or Admir Velagić?",vanilla,1,1-hop,2026-08-21,True,The answer is fully supported by the retrieved contexts regarding the birth dates of Admir Velagić and Borys Karnicki.,874
Are Paula Arundell and Trent Grimsey both from the same country?,vanilla,1,1-hop,2026-08-21,True,Both Paula Arundell and Trent Grimsey are explicitly identified as Australian in the provided contexts.,1207
Where did Hal Steinbrenner's father die?,vanilla,1,2-hop,2026-08-21,True,"The context confirms that Hal Steinbrenner's father, George Steinbrenner, died in his Tampa home.",1262
"Who is older, Oreste Scalzone or John Dugard?",vanilla,1,1-hop,2026-08-21,True,The answer accurately compares the birth dates of John Dugard and Oreste Scalzone directly supported by the retrieved contexts.,1354
"Which film has the director who was born first, The Millionaire'S Double or The Groundstar Conspiracy?",vanilla,1,3+-hop,2026-08-21,True,The answer accurately cites the directors mentioned in the context and correctly identifies that their birth dates are not provided.,1593
"Which film was released earlier, Navavadhu or The January Man?",vanilla,1,1-hop,2026-08-21,True,The answer accurately compares the release years of both films based directly on the provided contexts.,1497
"Where did Frederick, Hereditary Prince Of Baden-Durlach's father die?",vanilla,1,2-hop,2026-08-21,True,The answer is supported by the contexts identifying Charles III William as the father and Karlsruhe as his place of death.,1367
"Which film has the director who is older, Heremias or S.P.Q.R.: 2,000 And A Half Years Ago?",vanilla,1,3+-hop,2026-08-21,True,The answer accurately states the directors based on the provided contexts and correctly notes that their ages/birth dates are not provided.,1808
"Were both Pietro Salini and Domenico Ravenna, born in the same place?",vanilla,1,1-hop,2026-08-21,True,All factual claims are accurately supported by the retrieved context snippets.,1145
"Which film has the director born earlier, Street Of No Return or Stage Door?",vanilla,1,3+-hop,2026-08-21,False,The claim that Stage Door has the earlier-born director cannot be verified because Samuel Fuller's birth date is not provided in the retrieved context.,1501
"Which film has the director who died first, Sons Of Bitches or Di Che Segno Sei??",vanilla,1,3+-hop,2026-08-21,True,"All claims about the directors are supported by the retrieved contexts, and the answer accurately states that their death dates are missing.",1228
"Which magazine came out first, Sri Ramakrishna Vijayam or Tait'S Edinburgh Magazine?",vanilla,1,1-hop,2026-08-21,True,All facts regarding the founding and publication dates of both magazines are fully supported by the provided contexts.,1413
"Which film has the director who died earlier, Here Is The Beauty or Whirl Of Youth?",vanilla,1,3+-hop,2026-08-21,True,The answer accurately identifies the directors from the provided contexts and correctly notes that death dates are not available.,993
"Who is older, Artyom Novichonok or Lyubov Kiryukhina-Tsyoma?",vanilla,1,1-hop,2026-08-21,True,The answer accurately states the birth dates and age comparison based on the provided contexts.,1262
Who was born first out of Andrea Di Vito and Barbara Fairchild?,vanilla,1,1-hop,2026-08-21,True,All facts and birth dates are directly supported by the retrieved contexts.,1107
What is the place of birth of the director of film The New Kids?,vanilla,1,2-hop,2026-08-21,True,The answer accurately notes that the director's place of birth is not provided in the context and correctly identifies the director from the provided source.,1067
"What is the place of birth of Rudolf Christian, Count Of East Frisia's father?",vanilla,1,2-hop,2026-08-21,True,The answer correctly states Rudolf Christian's father based on the context and accurately notes that his place of birth is not mentioned.,1634
"Which film was released earlier, Samundi or Babilonia?",vanilla,1,1-hop,2026-08-21,True,All facts regarding the release dates of Babilonia and Samundi are directly supported by the context.,1305
Do director of film Trouble In The Glen and director of film Hennessy (Film) have the same nationality?,vanilla,1,3+-hop,2026-08-21,False,The claim that the retrieved context indicates different nationalities for the directors is not supported by the text.,1095
"Who was born earlier, Denis Rogers or Zelma Wilson?",vanilla,1,1-hop,2026-08-21,True,Both birth dates and the resulting comparison are directly supported by the retrieved contexts.,1097
"Which film has the director born first, Escape From The Dark or Bulundi?",vanilla,1,3+-hop,2026-08-21,True,"The answer accurately reflects that the retrieved contexts provide the names of the directors but omit their birth dates, making the question indeterminable.",1344
"Which film has the director who died later, The Heart Of Nora Flynn or A Vanished World?",vanilla,1,3+-hop,2026-08-21,True,The answer accurately states that the death dates for the directors named in the contexts are not provided.,1251
Are Trenton Aerodrome and Mackenzie Airport both located in the same country?,vanilla,1,1-hop,2026-08-21,True,All claims regarding the locations of Trenton Aerodrome and Mackenzie Airport in Canada are directly supported by the context.,806
"Which film has the director born first, Free Hand For A Tough Cop or Man'S Favorite Sport??",vanilla,1,3+-hop,2026-08-21,True,The answer accurately cites the directors mentioned in the context and correctly notes that their birth dates are not provided.,1603
What is the place of birth of Lupe Rumazo's father?,vanilla,1,2-hop,2026-08-21,True,All facts stated in the answer are directly supported by the retrieved contexts.,1999
Are Mount Queen Mary and Curia Mountain located in the same country?,vanilla,1,1-hop,2026-08-21,False,"The answer begins with 'No', contradicting the retrieved contexts which show that both mountains are located in Canada.",1277
"Which film was released earlier, Robotech: The Movie or Lakeeran?",vanilla,1,1-hop,2026-08-21,True,All facts and citations are directly supported by the retrieved contexts.,1190
"Who is younger, R. Nagarajan or Agneta Engström?",vanilla,1,1-hop,2026-08-21,True,All facts and birth dates are accurately referenced and supported by the retrieved contexts.,953
"Which film has the director who died earlier, Up In The World or Gioventù Alla Sbarra?",vanilla,1,3+-hop,2026-08-21,True,The answer correctly identifies the directors from the provided context and accurately states that their death dates are missing.,1348
Where did the composer of film Kilippattu (Film) die?,vanilla,1,2-hop,2026-08-21,True,"All facts stated in the answer, including the composer's identity and place of death, are directly supported by the retrieved contexts.",1661
Where did the composer of film Before Sunset study?,vanilla,1,2-hop,2026-08-21,True,The answer accurately states that the retrieved context does not identify the composer for the film and correctly cites the study background of Julie Delpy.,1245
"Which film has the director who died later, Farewell, My Beautiful Lady or Night 'N' Gales?",vanilla,1,3+-hop,2026-08-21,True,The answer accurately states the directors based on the provided context and correctly notes that death dates are not mentioned.,1183
Does Éric Ruf have the same nationality as Jean Léonard Marie Poiseuille?,vanilla,1,1-hop,2026-08-21,True,All claims regarding the French nationality of Éric Ruf and Jean Léonard Marie Poiseuille are fully supported by the provided contexts.,928
Where was the founder of university Vermont Studio Center born?,vanilla,1,2-hop,2026-08-21,True,The answer accurately reflects the retrieved contexts by stating that the founders' birthplaces are not mentioned and correctly naming the founders listed in the context.,972
Are Marib Airport and Lee County Airport (Virginia) both located in the same country?,vanilla,1,1-hop,2026-08-21,True,All factual claims and citations are directly supported by the retrieved contexts.,938
What is the place of birth of the performer of song Heaven (Namie Amuro Song)?,vanilla,1,2-hop,2026-08-21,True,All facts are directly supported by the retrieved contexts.,1805
Where did Shivaji Ii's father die?,vanilla,1,2-hop,2026-08-21,False,"The answer falsely states that the context does not provide where Shivaji II's father died, contradicting the retrieved information.",1491
Where did Paulding Farnham's wife die?,vanilla,1,2-hop,2026-08-21,True,"The answer accurately reflects that the retrieved contexts do not provide information on where Sally James Farnham died, while correctly summarizing the available details.",1031
What is the place of birth of Oliver Penrose's father?,vanilla,1,2-hop,2026-08-21,True,The answer accurately reflects that Lionel Penrose is identified as Oliver Penrose's father and that his place of birth is not mentioned in the context.,1410
"Who is younger, Adam Morawski or Matt Kilcullen?",vanilla,1,1-hop,2026-08-21,True,All claims regarding the birthdates and relative ages of Adam Morawski and Matt Kilcullen are directly supported by the context.,981
Which award the director of film Solstice (Film) received?,vanilla,1,2-hop,2026-08-21,True,The answer accurately summarizes the retrieved context and correctly states that the requested award information is not provided.,1236
"Are director of film The Case Is Closed, Forget It and director of film Le Signorine Dello 04 from the same country?",vanilla,1,3+-hop,2026-08-21,False,"The contexts identify the films as Italian, but do not state the nationality or country of the directors Damiano Damiani and Gianni Franciolini.",1667
Who is the father of the director of film Dino Ki Dulhaniya?,vanilla,1,2-hop,2026-08-21,True,The answer correctly notes from the context that Mehreen Jabbar directed the film and that information about her father is absent from the provided text.,1649
Are both directors of films Dead Man Running and Night Alone from the same country?,vanilla,1,3+-hop,2026-08-21,False,"The contexts identify the nationality of the films, but do not state the nationality of their respective directors to support the claim 'Yes'.",1481
Do director of film Brain Damage (Film) and director of film The Hole In The Ground (Film) have the same nationality?,vanilla,1,3+-hop,2026-08-21,False,"The contexts only state that the film Brain Damage is American, not that its director Frank Henenlotter is American.",1264
"Which film has the director who was born later, L'Eclisse or A Matter Of Morals?",vanilla,1,3+-hop,2026-08-21,True,"All facts stated in the answer, including the lack of information regarding John Cromwell's birth date, are fully supported by the provided context.",1558
"Who was born later, Jay T. Harris or Amie Casey?",vanilla,1,1-hop,2026-08-21,True,The answer accurately compares the birth dates of Amie Casey and Jay T. Harris provided in the retrieved contexts.,971
Where was the director of film Chopsticks (Film) born?,vanilla,1,2-hop,2026-08-21,True,The answer accurately reflects that the retrieved contexts identify Sachin Yardi as the director but do not provide his birthplace.,1314
"Which film whose director was born first, Flesh And The Spur or Memories Of A Mexican?",vanilla,1,3+-hop,2026-08-21,True,The answer accurately states that the birth dates of the directors are missing from the retrieved contexts and correctly cites the directors mentioned.,1286
Who is the father of Alexios Iii Angelos?,vanilla,1,2-hop,2026-08-21,False,The contexts indicate that Isaac II Angelos is Alexios III's younger brother and explicitly name Isaac's father as Andronikos Doukas Angelos.,2359
"Which magazine came out first, Family Herald or Books For Keeps?",vanilla,1,1-hop,2026-08-21,True,All factual claims in the answer regarding publication dates and which magazine came out first are fully supported by the provided contexts.,1068
"Which film has the director born earlier, Trail To Vengeance or Sally'S Irish Rogue?",vanilla,1,3+-hop,2026-08-21,True,The answer accurately identifies the directors from the provided contexts and correctly states that their birth dates are missing.,1194
Where was the composer of film Billy Elliot born?,vanilla,1,2-hop,2026-08-21,True,The answer accurately identifies the composer from the context and correctly notes that his birthplace is not provided.,1387
"Which film has the director who is older than the other, Velli Vizha or A Year Ago In Winter? ",vanilla,1,3+-hop,2026-08-21,True,"The answer accurately reflects the context, correctly citing the directors and noting that their birth dates or ages are not provided.",1211
"Which film came out earlier, Kalyana Mandapam or Lucrèce Borgia?",vanilla,1,1-hop,2026-08-21,True,All facts and comparisons are accurately supported by the provided context chunks.,1262
"Which film was released more recently, Bhanwarey or Harlem Nights?",vanilla,1,1-hop,2026-08-21,True,Every claim in the answer is directly supported by the retrieved contexts.,1650
"Which film has the director who was born first, Valley Of The Redwoods or The Law Of Men?",vanilla,1,3+-hop,2026-08-21,True,"All statements in the answer are fully supported by the retrieved contexts, which lack birth dates for either director.",923
"Which film has the director who was born earlier, The Blackmailers or Re-Animator?",vanilla,1,3+-hop,2026-08-21,True,The answer accurately states the directors based on the context and correctly identifies that their birth dates are not provided.,1633
Are Graduate University Of Advanced Technology and Fruita Schoolhouse located in the same country?,vanilla,1,1-hop,2026-08-21,True,All claims in the answer are directly supported by the retrieved contexts.,893
Who is Paolo Ii Vitelli's maternal grandfather?,vanilla,1,2-hop,2026-08-21,True,All facts and cited relationships are directly supported by the retrieved contexts.,1216
Do both films: Blockade (1938 Film) and Woman In The River have the directors from the same country?,vanilla,1,3+-hop,2026-08-21,True,All statements and citations in the answer accurately reflect the provided retrieved context.,1997
"Which film has the director died later, Mexican Spitfire'S Elephant or Revenge (1918 Film)?",vanilla,1,3+-hop,2026-08-21,True,The answer accurately states what is present in the context and correctly identifies the missing information required to answer the question.,1167
What is the place of birth of the director of film Walerjan Wrobel'S Homesickness?,vanilla,1,2-hop,2026-08-21,True,The answer accurately identifies the director and his place of birth based directly on the provided contexts.,1924
Do both films September Affair and A Gathering Of Eagles have the directors that share the same nationality?,vanilla,1,3+-hop,2026-08-21,False,The answer affirms 'Yes' even though the retrieved contexts do not provide the nationalities of either director.,1772
"Which film has the director died earlier, Hôtel Du Nord or Down In 'Arkansaw'?",vanilla,1,3+-hop,2026-08-21,True,"All statements accurately reflect the provided contexts, correctly noting that death dates for the directors are missing.",1296
Who is Adolf Ernst Of Limburg Stirum's paternal grandfather?,vanilla,1,2-hop,2026-08-21,False,The context identifies Hermann Otto I of Limburg-Styrum as Adolf Ernst's father rather than his paternal grandfather.,1135
When did Harald Sigtryggsson's father die?,vanilla,1,2-hop,2026-08-21,True,All facts in the answer are directly verified by the retrieved contexts.,2503
Where did Richard Altham's father study?,vanilla,1,2-hop,2026-08-21,True,The answer is completely supported by the provided context chunks.,1105
"Which film has the director who is older than the other, Zwemplaats Voor Jongelingen Te Amsterdam or Client 9: The Rise And Fall Of Eliot Spitzer? ",vanilla,1,3+-hop,2026-08-21,True,"All factual statements are supported by the provided text, which mentions Alex Gibney's birth date but lacks birth date or age details for M.H. Laddé.",2211
Where was the editor of magazine Argentus born?,vanilla,1,2-hop,2026-08-21,True,"The answer accurately states that Steven H Silver edited Argentus and was born in Hinsdale, Illinois, fully supported by the cited contexts.",1768
"Which song was released more recently, Go Ahead And Break My Heart or Knee Deep In My Heart?",vanilla,1,1-hop,2026-08-21,True,Every claim in the answer is directly supported by the retrieved contexts.,1300
Where was the place of burial of the director of film Loose Ankles?,vanilla,1,2-hop,2026-08-21,True,The answer correctly identifies that Ted Wilde directed Loose Ankles based on the context and accurately states that his burial place is not mentioned.,2073
"Which film has the director who died later, The House Behind The Cedars or First Case, Second Case?",vanilla,1,3+-hop,2026-08-21,True,The answer accurately states the directors based on the contexts and correctly notes that their death dates are not provided.,1679
Where did the performer of song Girlfriend (Alicia Keys Song) study?,vanilla,1,2-hop,2026-08-21,True,"The answer accurately identifies that the retrieved contexts do not provide information on where Alicia Keys studied, correctly referencing the details that are present.",2228
Does Devorah Rose have the same nationality as Jay Hambidge?,vanilla,1,1-hop,2026-08-21,False,"The answer begins with 'No', which contradicts the retrieved context establishing that both individuals share American nationality.",1842
Where did Princess Catherine Of Schleswig-Holstein-Sonderburg-Beck's father die?,vanilla,1,2-hop,2026-08-21,True,All facts and citations are fully supported by the retrieved contexts.,1579
"Which film whose director is younger, The Jazz Cinderella or The Battle Of Jangsari?",vanilla,1,3+-hop,2026-08-21,True,The answer correctly cites the contexts and accurately notes that the directors' ages are not provided.,1115
Who is the paternal grandmother of King Kang Of Zhou?,vanilla,1,2-hop,2026-08-21,False,"The answer contradicts the context by claiming King Wu's wife is not named, whereas [2W-148-P03] explicitly states that King Cheng's parents were King Wu of Zhou and Queen Yi Jiang.",1770
"Who is Hans Albrecht, Hereditary Prince Of Schleswig-Holstein's maternal grandmother?",vanilla,1,2-hop,2026-08-21,True,All factual claims and logical deductions are fully supported by the retrieved contexts.,1447
Who is Al-Nu'Man Vi Ibn Al-Mundhir's paternal grandfather?,vanilla,1,2-hop,2026-08-21,True,The answer accurately traces the paternal lineage using the retrieved contexts from [2W-150-P00] and [2W-150-P04].,1727
Where was the place of burial of Mariamne I's husband?,vanilla,1,2-hop,2026-08-21,True,The answer correctly identifies that Mariamne I's husband was Herod the Great based on context [2W-151-P06] and accurately notes that his burial place is not mentioned in the provided text.,1267
Who is the child of the director of film Kathputli (1971 Film)?,vanilla,1,2-hop,2026-08-21,True,"The answer accurately reflects the information in the context, stating the director is Brij and that the context does not identify any of his children.",1845
Which country the director of film Batman: The Dark Knight Returns (Film) is from?,vanilla,1,2-hop,2026-08-21,True,The answer accurately identifies the director from the provided context and correctly states that his country of origin is not mentioned.,2770
What nationality is Margaret Of Hereford's mother?,vanilla,1,2-hop,2026-08-21,True,All statements and requirement references are fully supported by the provided contexts.,1445
"Which film came out first, Festival In Cannes or Petria'S Wreath?",vanilla,1,1-hop,2026-08-21,True,The answer accurately compares release years directly provided in the context.,1014
Do director of film D'Annunzio (Film) and director of film Così Parlò Bellavista have the same nationality?,vanilla,1,3+-hop,2026-08-21,False,The contexts identify the films as Italian but do not state the nationalities of directors Sergio Nasca and Luciano De Crescenzo.,1320
"Which film has the director who died first, Big Happiness or Border Romance?",vanilla,1,3+-hop,2026-08-21,True,The answer accurately cites the directors from the retrieved context and correctly notes that their death dates are not provided.,1405
"Where did George Tryon, 1St Baron Tryon's father die?",vanilla,1,2-hop,2026-08-21,True,The answer accurately identifies the father and his place of death directly using the provided contexts.,1367
Who is the paternal grandmother of Bianca Maria Sforza?,vanilla,1,2-hop,2026-08-21,True,All claims regarding Bianca Maria Sforza's lineage and paternal grandmother are directly supported by the retrieved contexts.,1270
"Which film whose director was born first, Meri Jung or La Fille Du Torrent?",vanilla,1,3+-hop,2026-08-21,True,All claims about the directors and the absence of birth dates in the contexts are fully supported by the provided text.,1012
Where was the place of burial of Sultan Cem's father?,vanilla,1,2-hop,2026-08-21,True,"The answer accurately states that the retrieved contexts do not provide the burial place of Sultan Cem's father, Mehmed II.",1061
"Which film was released first, Sarah Prefers To Run or Tears Of April?",vanilla,1,1-hop,2026-08-21,True,All release years and the comparison are fully supported by the retrieved contexts.,975
"Which film has the director born later, Kaalapani or Strictly Modern?",vanilla,1,3+-hop,2026-08-21,True,"All facts stated are accurately supported by the retrieved contexts, and the answer correctly identifies that William A. Seiter's birth date is missing.",2471
"Which film has the director who died first, The Admiral Was A Lady or The Whales Of August?",vanilla,1,3+-hop,2026-08-21,False,The initial claim that The Admiral Was a Lady's director died first is unsupported by the retrieved contexts as no death dates are provided.,1546
"Which film whose director was born first, El Lazarillo De Tormes or Balyasakhi?",vanilla,1,3+-hop,2026-08-21,True,"The answer accurately reflects the retrieved contexts, correctly stating the available birth date for César Fernández Ardavín and noting the absence of birth date information for Antony Mitradas.",1219
Are Ding Yaping and Johann Christian Gustav Lucae of the same nationality?,vanilla,1,1-hop,2026-08-21,True,All claims about the nationalities and backgrounds of Ding Yaping and Johann Christian Gustav Lucae are directly supported by the retrieved contexts.,1415
"Are both Chak 26/11-L, Chichawatni and Chah-E Ali Kapari located in the same country?",vanilla,1,1-hop,2026-08-21,False,"The answer contradicts context [2W-167-P08], which states Chah-e Ali Kapari is located in Iran, not Pakistan.",971
"Who was born first, Enzo Corigliano or Song Dong-Hwan?",vanilla,1,1-hop,2026-08-21,True,All birthdates and the deduction of who was born first are fully supported by the provided contexts.,1177
What is the date of death of the director of film Honest Raj?,vanilla,1,2-hop,2026-08-21,True,"The answer correctly identifies that the director is named as K. S. Ravi in the context, but his date of death is not provided.",1843
Who is the spouse of the director of film You Talkin' To Me? (Film)?,vanilla,1,2-hop,2026-08-21,True,The answer accurately states that Charles Winkler is the director based on the context and correctly notes that his spouse is not mentioned.,1007
Where was the wife of Ned Manning born?,vanilla,1,2-hop,2026-08-21,True,The answer accurately reflects that the retrieved contexts do not provide the birthplace of either of Ned Manning's wives.,1050
What is the place of birth of the director of film The United States Of America (Film)?,vanilla,1,2-hop,2026-08-21,True,All claims and citations in the answer are directly supported by the retrieved contexts.,1212
Who is Humphrey Of Montfort's paternal grandmother?,vanilla,1,2-hop,2026-08-21,True,The answer accurately reflects that the retrieved context identifies Humphrey's parents but lacks information about his paternal grandmother.,1410
"Are both villages, Rogozikha and Turbaza ""Katun"", located in the same country?",vanilla,1,1-hop,2026-08-21,True,Both locations are explicitly stated to be in Russia in the retrieved contexts [2W-174-P04] and [2W-174-P06].,881
What nationality is the composer of film Dhilluku Dhuddu 2?,vanilla,1,2-hop,2026-08-21,True,The answer accurately reflects the context details and correctly identifies that the composer's nationality is not present in the provided text.,1935
What is the place of birth of the director of film K-9: P.I.?,vanilla,1,2-hop,2026-08-21,True,The answer accurately states the director's name from the context and correctly points out that the place of birth is missing.,1041
"Which film has the director who died earlier, The Right Person or The Curtain Falls?",vanilla,1,3+-hop,2026-08-21,True,The answer accurately summarizes the directors listed in the retrieved contexts and correctly notes that death dates are not provided.,929
Who is the mother-in-law of Princess Clotilde Of Saxe-Coburg And Gotha?,vanilla,1,2-hop,2026-08-21,True,The answer accurately states that the retrieved context only mentions Princess Clotilde's marriage to Archduke Joseph Karl of Austria without naming his mother.,1207
"Which film has the director who died later, Elle Boit Pas, Elle Fume Pas, Elle Drague Pas, Mais... Elle Cause ! or The Very Eye Of Night?",vanilla,1,3+-hop,2026-08-21,True,The answer accurately summarizes the directors listed in the retrieved contexts and correctly states that their death dates are not provided.,1330
Did Neil Hopkins and Lenore E. Walker share the same nationality?,vanilla,1,1-hop,2026-08-21,True,All claims regarding the American nationality of Neil Hopkins and Lenore E. Walker are directly supported by the provided contexts.,1053
"Which film has the director born earlier, Meera (1945 Film) or Old Mother Riley'S Ghosts?",vanilla,1,3+-hop,2026-08-21,True,The answer accurately reflects the lack of information in the context while correctly stating the supported director name.,1048
"Which film has the director who died later, Suyetchai Mla or Brilliant Lies?",vanilla,1,3+-hop,2026-08-21,True,The answer accurately reflects the information in the contexts and correctly notes that the directors' death dates are missing.,1265
"Which film came out earlier, Locked In (Film) or Angel'S Rage?",vanilla,1,1-hop,2026-08-21,True,The contexts confirm that Angel's Rage was released in 2006 and Locked In was released in 2010.,888
"Which film was released first, Sankaranum Mohananum or Cold Blade?",vanilla,1,1-hop,2026-08-21,True,"The answer is fully supported by the retrieved contexts, which establish that Cold Blade is from 1970 and Sankaranum Mohananum is from 2011.",1600
"Which film has the director who was born earlier, Ruler Of The Road or Carson City Cyclone?",vanilla,1,3+-hop,2026-08-21,True,The answer accurately states the directors based on the provided contexts and correctly identifies that their birth dates are not present in the text.,1374
"Which film whose director was born first, The Liberace Of Baghdad or Wild Heather?",vanilla,1,3+-hop,2026-08-21,False,The initial statement claiming Wild Heather's director was born earlier is unsupported because the contexts do not provide birth dates for either director.,1304
"Which film whose director was born first, The Adjuster or Hajen Som Visste För Mycket?",vanilla,1,3+-hop,2026-08-21,True,The answer accurately states the directors from the provided contexts and correctly notes that their birth dates are not present in the retrieved text.,1475
Do director of film La Neve Nel Bicchiere and director of film Lucia'S Grace have the same nationality?,vanilla,1,3+-hop,2026-08-21,False,"The contexts identify Gianni Zanasi's nationality as Italian, but they do not state the nationality of director Florestano Vancini.",1178
"Which album was released earlier, Years Past Matter or Digital Smoke?",vanilla,1,1-hop,2026-08-21,True,All facts and dates mentioned in the answer are directly supported by the retrieved contexts.,939
"Which film has the director died first, The Girl In The Red Velvet Swing or Ghosts Of Port Arthur?",vanilla,1,3+-hop,2026-08-21,True,The answer accurately states the directors identified in the context and correctly points out that their death dates are missing.,1112
Who is Empress Xu (Ming Dynasty)'s father-in-law?,vanilla,1,2-hop,2026-08-21,True,All statements and the light inference identifying the Hongwu Emperor as Empress Xu's father-in-law are directly supported by the retrieved contexts.,2044
Do both directors of films Bullet For Stefano and Annabella'S Adventure share the same nationality?,vanilla,1,3+-hop,2026-08-21,True,"All claims regarding the films, directors, and film origins are directly supported by the retrieved contexts.",1273
Where did Johan Ludvig Heiberg (Poet)'s father die?,vanilla,1,2-hop,2026-08-21,True,The answer accurately reflects and cites the retrieved context stating that Peter Andreas Heiberg settled in Paris and lived there until his death.,2211
Where was the place of burial of the director of film High Lane (Film)?,vanilla,1,2-hop,2026-08-21,True,The answer accurately states that Abel Ferry directed High Lane according to the context and correctly identifies that his place of burial is not provided.,1522
Do both films Homecoming (1984 Film) and Hello Cheyenne have the directors that share the same nationality?,vanilla,1,3+-hop,2026-08-21,True,All factual claims made in the answer are strictly supported by the provided context chunks.,1692
"Who is Beatrice Of Burgundy, Lady Of Bourbon's mother-in-law?",vanilla,1,2-hop,2026-08-21,True,The answer accurately states what is in the retrieved text and correctly identifies that the mother-in-law's identity is not provided.,1248
Where was the director of film Katka'S Reinette Apples born?,vanilla,1,2-hop,2026-08-21,True,The answer accurately states that the retrieved context identifies the directors but does not provide information on where they were born.,1141
"Which film whose director is younger, Told In The Hills or Goodnight, Sweet Marilyn?",vanilla,1,3+-hop,2026-08-21,True,The answer accurately reflects the retrieved contexts and correctly states that the directors' ages are not provided.,1192
"Which film has the director who was born first, Legend Of The Mountain or Three Men To Kill?",vanilla,1,3+-hop,2026-08-21,True,"All facts cited are directly supported by the retrieved contexts, which correctly name the directors but lack their birth dates.",1291
"Who lived longer, Jean-Baptiste-Denis Despré or Lucien Bonaparte Webster?",vanilla,2,1-hop,2026-08-21,True,The answer accurately calculates the lifespans and compares the ages of Jean-Baptiste-Denis Despré and Lucien Bonaparte Webster using the dates provided in the contexts.,1452
"Who died later, Pieter Corneliszoon Hooft or Rudi Carrell?",vanilla,2,1-hop,2026-08-21,True,All statements and dates are fully supported by the provided retrieved contexts.,1592
"Which film came out first, Defendor or Njanum Ente Familiyum?",vanilla,2,1-hop,2026-08-21,True,All facts in the answer are supported by the provided context chunks.,1442
"Which film came out first, What Women Love or Ramudu Kadu Krishnudu?",vanilla,2,1-hop,2026-08-21,True,The answer accurately compares the release years of both films based directly on the provided contexts.,1088
Does Eddie Murray (Rugby League) have the same nationality as Henry Talbot (Photographer)?,vanilla,2,1-hop,2026-08-21,True,All claims regarding the nationalities of Eddie Murray and Henry Talbot are accurately supported by the provided contexts.,1205
Do Jan Christiaan Lindeman and Jermano Lo Fo Sang have the same nationality?,vanilla,2,1-hop,2026-08-21,True,All facts and cited references are directly supported by the provided contexts.,1656
Are both directors of films Tarzan And The Slave Girl and Sweet Crude from the same country?,vanilla,2,3+-hop,2026-08-21,True,"All facts stated in the answer are directly supported by the retrieved contexts, and it accurately notes the missing information.",1445
"Who was born first, Heo Keon or Ljiljana Nanušević?",vanilla,2,1-hop,2026-08-21,True,All facts and dates mentioned in the answer are directly supported by the retrieved contexts.,1066
Who was born first out of Kazimierz Cichowski and Ellen Margrethe Løj?,vanilla,2,1-hop,2026-08-21,True,All birth dates and the resulting comparison are directly supported by the provided contexts.,2021
"Where did Catherine Of Taranto, Countess Of Copertino's mother die?",vanilla,2,2-hop,2026-08-21,True,The answer accurately reflects that the provided contexts do not mention the death location of Catherine of Taranto's mother.,1080
Who is Princess Caroline Napoléon's maternal grandmother?,vanilla,2,2-hop,2026-08-21,True,All facts and relationships mentioned in the answer are directly supported by the retrieved contexts.,1623
Where was the father of Alina Fernández born?,vanilla,2,2-hop,2026-08-21,True,The answer accurately reflects that context [2W-011-P06] identifies her father as Fidel Castro without specifying his birthplace.,1204
"Who died later, Adam Purple or Chyskillz?",vanilla,2,1-hop,2026-08-21,False,The answer incorrectly claims Adam Purple died later despite citing dates showing Chyskillz died in 2018 and Adam Purple died in 2015.,1418
"Which film whose director was born first, Lions For Lambs or Nowhere In Africa?",vanilla,2,3+-hop,2026-08-21,True,All statements in the answer are accurate and correctly identify the lack of birth dates in the provided context.,1171
"Which film came out earlier, Where Are You? I'M Here or Patnam Vachina Pativrathalu?",vanilla,2,1-hop,2026-08-21,True,All claims regarding the release years and the comparison between the two films are directly supported by the context.,1104
"Where was the place of death of Crato, Count Of Nassau-Saarbrücken's father?",vanilla,2,2-hop,2026-08-21,True,The answer accurately identifies Crato's father and his place of death based on the provided contexts.,1571
"Which film has the director who was born later, Young Buffalo Bill or The Lacquered Box?",vanilla,2,3+-hop,2026-08-21,True,The answer accurately states the directors provided in the context and correctly identifies that their birth dates are not present.,829
"Do Kim Darby and John Birdsall (Politician, Born 1840) have the same nationality?",vanilla,2,1-hop,2026-08-21,False,"The answer starts with 'No', which directly contradicts the context showing both individuals are American and thus share the same nationality.",1234
"Which film whose director was born first, Sin'S Pay Day or Gunaah (1993 Film)?",vanilla,2,3+-hop,2026-08-21,True,"The answer accurately reflects that while the directors are identified in the contexts, their birth dates are not provided.",2010
Who was the teacher of the composer of film The Cousin From Nowhere (1953 Film)?,vanilla,2,2-hop,2026-08-21,True,The answer accurately summarizes what is present in the context and correctly states that the teacher of the composer is not provided.,1365
"Who is older, Arnold Carl Johansen or Walter Lafferty?",vanilla,2,1-hop,2026-08-21,True,"The answer is fully supported by the retrieved contexts, which list the birth dates of both individuals.",1008
"Who was born first, Cornelis Gijsbert Gerrit Jan Van Steenis or Tarsem King, Baron King Of West Bromwich?",vanilla,2,1-hop,2026-08-21,True,The answer accurately compares the birth dates of both individuals using the provided contexts.,1313
"Did the movies Mille Bolle Blu and La Moglie Vergine, originate from the same country?",vanilla,2,1-hop,2026-08-21,True,Both films are explicitly identified as Italian in the retrieved context chunks.,1018
"Who is older, Daniel David Moses or Stanislas Batchi?",vanilla,2,1-hop,2026-08-21,True,All facts and birth dates are supported directly by the retrieved contexts.,1144
"Which film came out first, Blood And Diamonds or Opened By Mistake?",vanilla,2,1-hop,2026-08-21,True,The answer accurately compares the release years of both films based directly on the provided contexts.,1033
When was Richard Bootle-Wilbraham's father born?,vanilla,2,2-hop,2026-08-21,True,Every claim in the answer regarding Richard Bootle-Wilbraham's father and his birth date is fully supported by the provided contexts.,1629
"Which film has the producer who is older, Dweepa or Kalank?",vanilla,2,3+-hop,2026-08-21,True,"All claims are strictly supported by the retrieved contexts, correctly recognizing that the producer and birth date for Dweepa are missing.",2065
Who was born first out of Gerda Weissensteiner and Stasys Šaparnis?,vanilla,2,1-hop,2026-08-21,True,All claims regarding birth dates and who was born first are fully supported by the context.,1016
Who is the paternal grandfather of George Tupou V?,vanilla,2,2-hop,2026-08-21,True,The answer logically deduces George Tupou V's paternal grandfather directly from the provided contexts.,1242
"Which film has the director who is older than the other, Odd Job (Film) or Everything'S Ducky? ",vanilla,2,3+-hop,2026-08-21,True,The answer accurately reflects the information in the retrieved contexts and correctly notes that the directors' ages are not provided.,1118
When did Mary Basset's father die?,vanilla,2,2-hop,2026-08-21,True,"The answer accurately states that while Mary Basset is identified as the daughter of William Roper, his date of death is not provided in the context.",2024
"Which film has the director who was born earlier, The Forbidden Trail or A Weaver Of Dreams?",vanilla,2,3+-hop,2026-08-21,True,All factual claims made in the answer are accurately supported by the retrieved contexts.,1426
"Which film has the director died later, The Wax Model or Khoon Ka Karz?",vanilla,2,3+-hop,2026-08-21,True,The answer accurately states the directors provided in the context and correctly acknowledges that death dates are missing.,1857
"Are the movies The Urethra Chronicles and Starter For 10 (Film), from the same country?",vanilla,2,1-hop,2026-08-21,True,The answer accurately reflects the context details stating that Starter for 10 is a British film and The Urethra Chronicles is an American band documentary.,1529
"Which film has the director who was born earlier, Angélique, Marquise Des Anges or That Man George?",vanilla,2,3+-hop,2026-08-21,True,The answer accurately cites the directors mentioned in the context and correctly states that their birth dates are not provided.,1204
"Who lived longer, George F. Sowers or Henrietta Amelia Leeson?",vanilla,2,1-hop,2026-08-21,False,"The context explicitly states Leeson died aged 75, making the claim that she lived longer than Sowers (who lived 75 years and one month) unsupported and speculative.",2090
Did Mitch Brian and Harry Kent (Cyclist) share the same nationality?,vanilla,2,1-hop,2026-08-21,True,The answer is fully grounded in the retrieved contexts which state that Mitch Brian is American and Harry Kent is from New Zealand.,1226
"Which film has the director who died later, Waiting For The Hearse or The Seventh Sword?",vanilla,2,3+-hop,2026-08-21,True,"All factual claims made in the answer are directly supported by the retrieved contexts, which identify the directors but lack their death dates.",1010
Who is Princess Elizabeth Of Greece And Denmark's maternal grandfather?,vanilla,2,2-hop,2026-08-21,True,The answer accurately reflects the retrieved contexts by identifying her mother from [2W-038-P04] and stating that her maternal grandfather is not provided.,1115
What is the place of birth of Dianne Bentley's husband?,vanilla,2,2-hop,2026-08-21,True,"The answer accurately identifies Robert J. Bentley as Dianne Bentley's husband and his birthplace as Columbiana, Alabama based on the retrieved contexts.",1608
What nationality is Sukhumala Marasri's father?,vanilla,2,2-hop,2026-08-21,True,The answer accurately reflects the context by identifying her father as King Mongkut and noting that his nationality is not stated.,1307
"Which magazine was founded first, Racing Toward Diversity or Lo Scolaro?",vanilla,2,1-hop,2026-08-21,True,All factual claims regarding publication and founding dates are directly supported by the retrieved contexts.,1328
"Which film was released earlier, Smiles Of A Summer Night or Two Idiots In Hollywood?",vanilla,2,1-hop,2026-08-21,True,All facts regarding the release years and the earlier film are directly supported by the retrieved contexts.,910
Did Charles Robinson (Raf Airman) and Terri Hooley share the same nationality?,vanilla,2,1-hop,2026-08-21,True,The answer accurately reflects the content of the retrieved context and correctly states that Terri Hooley is not mentioned.,1030
Do both films All Souls (Film) and Atomised (Film) have the directors from the same country?,vanilla,2,3+-hop,2026-08-21,True,All claims regarding the directors and the lack of nationality information are fully supported by the retrieved contexts.,1491
Where was the director of film Death Of A Friend born?,vanilla,2,2-hop,2026-08-21,True,The answer accurately states that the retrieved context identifies Franco Rossi as the director of Death of a Friend but does not provide his birthplace.,2004
Who is the spouse of the director of film Fire-Eater (Film)?,vanilla,2,2-hop,2026-08-21,True,The answer correctly identifies the director from the context and accurately states that information about their spouse is not present.,845
"Which film has the director born later, No Dough Boys or The Punch And Judy Man?",vanilla,2,3+-hop,2026-08-21,True,"All claims are strictly supported by the retrieved contexts, correctly noting the missing birth dates.",1160
Are Saks Fifth Avenue and Warburg Pincus located in the same country?,vanilla,2,1-hop,2026-08-21,True,All factual claims in the answer regarding the locations of Saks Fifth Avenue and Warburg Pincus are directly supported by the context.,1243
Are the directors of films Jaco (Film) and Half A Bride both from the same country?,vanilla,2,3+-hop,2026-08-21,True,"All factual claims made in the answer are accurately supported by the retrieved contexts, which mention the films and their directors but not the directors' nationalities.",1609
"Which film has the director who died earlier, My Husband'S Other Wife or ¡Que Viene Mi Marido!?",vanilla,2,3+-hop,2026-08-21,True,All statements regarding the film directors and the lack of death dates are fully supported by the retrieved contexts.,892
Are Vivicca Whitsett and Pepa (Rapper) from the same country?,vanilla,2,1-hop,2026-08-21,True,The answer accurately reflects the nationalities described in the contexts for both individuals.,1438
"Which film came out first, Je L'Ai Été Trois Fois or Tamala 2010: A Punk Cat In Space?",vanilla,2,1-hop,2026-08-21,True,"The answer is supported by the context, which confirms Je l'ai été trois fois was released in 1952 and provides evidence showing Tamala 2010 is from a much later period.",1786
"Which film came out first, The Happy Life or King Arthur Was A Gentleman?",vanilla,2,1-hop,2026-08-21,True,All claims are accurately supported by the provided contexts.,931
"Which film has the director who was born earlier, Time For Loving or Un'Altra Vita?",vanilla,2,3+-hop,2026-08-21,True,The answer correctly identifies the directors from the context and accurately states that their birth dates are not provided.,1212
"Which film has the director born later, Monsieur Taxi or A Yiddish World Remembered?",vanilla,2,3+-hop,2026-08-21,True,The answer accurately states the directors mentioned in the context and correctly identifies that their birth dates are not provided.,1002
"Which film has the director who died first, The Squaw Man'S Son or Till We Meet Again (1936 Film)?",vanilla,2,3+-hop,2026-08-21,True,The answer accurately reflects the context details regarding the directors and correctly identifies that their death dates are missing from the text.,1073
What is the place of birth of Marie Tomášová's husband?,vanilla,2,2-hop,2026-08-21,True,All statements regarding Marie Tomášová's husband and his place of birth are directly supported by the retrieved contexts.,1166
Where did Eduardo Notari's mother die?,vanilla,2,2-hop,2026-08-21,True,The answer accurately identifies Eduardo Notari's mother as Elvira Notari and correctly states her place of death as Cava de' Tirreni based on the context.,1591
"Who is younger, Empress Xiaoshurui or Goran Veselinovski?",vanilla,2,1-hop,2026-08-21,True,The birth dates and relative ages of Empress Xiaoshurui and Goran Veselinovski are fully supported by the provided contexts.,957
"Which film has the director who died earlier, A Medal For Benny or King Of Chinatown?",vanilla,2,3+-hop,2026-08-21,True,All facts mentioned in the answer are fully supported by the provided context.,1052
"Which film came out earlier, Painted Post (Film) or Katka'S Reinette Apples?",vanilla,2,1-hop,2026-08-21,True,The answer accurately compares the release years of both films based directly on the provided context.,1061
"Who was born earlier, Ela Gandhi or Sebastián Borensztein?",vanilla,2,1-hop,2026-08-21,True,The birth dates of Ela Gandhi and Sebastián Borensztein are accurately extracted and compared based on the provided contexts.,1287
Was Dudley Russell or Juan René Serrano born first?,vanilla,2,1-hop,2026-08-21,True,"The contexts confirm Dudley Russell was born on 1 December 1896 and Juan René Serrano was born on 23 February 1984, showing Dudley Russell was born first.",1073
Are Bilthoven and Herveld both located in the same country?,vanilla,2,1-hop,2026-08-21,True,All claims regarding Bilthoven and Herveld being located in Dutch provinces (and thus the Netherlands) are fully supported by the retrieved contexts.,1380
Who is the spouse of the director of film The Glass Boat?,vanilla,2,2-hop,2026-08-21,True,The answer accurately states the directors named in the context and correctly acknowledges that their spouses are not mentioned.,1236
What is the place of birth of the director of film A Woman'S Face (1938 Film)?,vanilla,2,2-hop,2026-08-21,True,The answer accurately reflects the information in the provided context and correctly states that the director's birthplace is not mentioned.,1291
Are both directors of films The Princess Bride (Film) and I Never Sang For My Father from the same country?,vanilla,2,3+-hop,2026-08-21,False,"The contexts do not state the nationality of director Gilbert Cates, so the claim that both directors are from the United States is unsupported.",1947
"Which film has the director who was born later, El Extraño Viaje or Love In Pawn?",vanilla,2,3+-hop,2026-08-21,True,All claims about the directors and the absence of their birth dates are fully supported by the retrieved contexts.,981
Who is Charlotte Of Schaumburg-Lippe's father?,vanilla,2,2-hop,2026-08-21,True,The answer is directly supported by context chunk [2W-069-P07].,1209
"Which film came out first, A Girl'S Folly or The Original Latin Kings Of Comedy?",vanilla,2,1-hop,2026-08-21,True,The answer accurately states the release years and which film came out first based on the provided contexts.,1106
"Who was born later, Borys Karnicki or Admir Velagić?",vanilla,2,1-hop,2026-08-21,True,The answer accurately compares the birth dates of both individuals based entirely on the provided contexts.,737
Are Paula Arundell and Trent Grimsey both from the same country?,vanilla,2,1-hop,2026-08-21,True,Both Paula Arundell and Trent Grimsey are explicitly identified as Australian in the provided contexts.,1218
Where did Hal Steinbrenner's father die?,vanilla,2,2-hop,2026-08-21,True,The answer directly reflects the retrieved contexts confirming George Steinbrenner died in his Tampa home.,1235
"Who is older, Oreste Scalzone or John Dugard?",vanilla,2,1-hop,2026-08-21,True,All facts and birth dates mentioned in the answer are directly supported by the retrieved contexts.,1231
"Which film has the director who was born first, The Millionaire'S Double or The Groundstar Conspiracy?",vanilla,2,3+-hop,2026-08-21,True,The answer accurately states that the birth dates of the directors are not provided in the retrieved contexts.,1525
"Which film was released earlier, Navavadhu or The January Man?",vanilla,2,1-hop,2026-08-21,True,All facts stated in the answer are directly supported by the retrieved contexts.,1544
"Where did Frederick, Hereditary Prince Of Baden-Durlach's father die?",vanilla,2,2-hop,2026-08-21,True,The answer correctly identifies from the contexts that Frederick's father was Charles III William and that he died in Karlsruhe.,1408
"Which film has the director who is older, Heremias or S.P.Q.R.: 2,000 And A Half Years Ago?",vanilla,2,3+-hop,2026-08-21,True,The answer accurately cites the directors from the retrieved context and correctly states that their ages/birth dates are not provided to determine who is older.,1695
"Were both Pietro Salini and Domenico Ravenna, born in the same place?",vanilla,2,1-hop,2026-08-21,True,All claims regarding the birthplaces and information from the retrieved contexts are accurately stated and fully supported.,944
"Which film has the director born earlier, Street Of No Return or Stage Door?",vanilla,2,3+-hop,2026-08-21,False,"The context does not provide Samuel Fuller's birth date, so the claim that Stage Door has the earlier-born director is unsupported.",1318
"Which film has the director who died first, Sons Of Bitches or Di Che Segno Sei??",vanilla,2,3+-hop,2026-08-21,True,The answer accurately cites director information from the contexts and correctly notes that death dates are not provided.,1188
"Which magazine came out first, Sri Ramakrishna Vijayam or Tait'S Edinburgh Magazine?",vanilla,2,1-hop,2026-08-21,True,All claims are accurately supported by the provided context chunks.,1374
"Which film has the director who died earlier, Here Is The Beauty or Whirl Of Youth?",vanilla,2,3+-hop,2026-08-21,True,The answer correctly identifies the directors from the context and accurately notes that their dates of death are not provided.,1028
"Who is older, Artyom Novichonok or Lyubov Kiryukhina-Tsyoma?",vanilla,2,1-hop,2026-08-21,True,The answer accurately cites birth dates from the contexts to correctly determine that Lyubov Kiryukhina-Tsyoma is older.,1275
Who was born first out of Andrea Di Vito and Barbara Fairchild?,vanilla,2,1-hop,2026-08-21,True,The birth dates of both individuals and the conclusion that Barbara Fairchild was born first are fully supported by the retrieved contexts.,1051
What is the place of birth of the director of film The New Kids?,vanilla,2,2-hop,2026-08-21,True,"The answer accurately states that the director's place of birth is not provided in the context, while correctly citing the director named in the text.",1055
"What is the place of birth of Rudolf Christian, Count Of East Frisia's father?",vanilla,2,2-hop,2026-08-21,True,The answer correctly identifies Enno III as Rudolf Christian's father from the context and accurately states that his place of birth is not provided.,1643
"Which film was released earlier, Samundi or Babilonia?",vanilla,2,1-hop,2026-08-21,True,The answer accurately states the release years and comparison directly supported by the retrieved contexts.,1278
Do director of film Trouble In The Glen and director of film Hennessy (Film) have the same nationality?,vanilla,2,3+-hop,2026-08-21,False,"The context does not indicate the nationalities of the two directors, making the claim that it indicates different nationalities unsupported.",1120
"Who was born earlier, Denis Rogers or Zelma Wilson?",vanilla,2,1-hop,2026-08-21,True,All facts and requirement references in the answer are directly supported by the retrieved contexts.,1119
"Which film has the director born first, Escape From The Dark or Bulundi?",vanilla,2,3+-hop,2026-08-21,True,The answer accurately identifies the directors from the provided texts and correctly states that neither director's birth date is present in the context.,1318
"Which film has the director who died later, The Heart Of Nora Flynn or A Vanished World?",vanilla,2,3+-hop,2026-08-21,True,The answer accurately states what is present in the context and correctly points out that death dates for the directors are missing.,1234
Are Trenton Aerodrome and Mackenzie Airport both located in the same country?,vanilla,2,1-hop,2026-08-21,True,All claims regarding the locations of Trenton Aerodrome and Mackenzie Airport in Canada are directly supported by the retrieved contexts.,875
"Which film has the director born first, Free Hand For A Tough Cop or Man'S Favorite Sport??",vanilla,2,3+-hop,2026-08-21,False,"The claim that Man's Favorite Sport? has the director born first is not supported by the retrieved contexts, which lack birth dates for both directors.",1908
What is the place of birth of Lupe Rumazo's father?,vanilla,2,2-hop,2026-08-21,True,The contexts directly support that Lupe Rumazo's father is Alfonso Rumazo González and that his birthplace is Latacunga.,2070
Are Mount Queen Mary and Curia Mountain located in the same country?,vanilla,2,1-hop,2026-08-21,False,"The answer starts with 'No', contradicting both the context and its own explanation that both mountains are in Canada.",1294
"Which film was released earlier, Robotech: The Movie or Lakeeran?",vanilla,2,1-hop,2026-08-21,True,All facts and inferences comparing the release years of both films are directly supported by the retrieved contexts.,977
"Who is younger, R. Nagarajan or Agneta Engström?",vanilla,2,1-hop,2026-08-21,True,All factual claims and birth dates are fully supported by the retrieved contexts.,1039
"Which film has the director who died earlier, Up In The World or Gioventù Alla Sbarra?",vanilla,2,3+-hop,2026-08-21,True,The answer accurately summarizes the director information from the contexts and correctly states that the death dates are missing.,1258
Where did the composer of film Kilippattu (Film) die?,vanilla,2,2-hop,2026-08-21,True,All facts and citations in the answer are directly supported by the retrieved contexts.,1723
Where did the composer of film Before Sunset study?,vanilla,2,2-hop,2026-08-21,True,The answer accurately summarizes the retrieved context and correctly notes that the composer and their education are not identified.,1305
"Which film has the director who died later, Farewell, My Beautiful Lady or Night 'N' Gales?",vanilla,2,3+-hop,2026-08-21,True,The answer accurately cites the directors mentioned in the context and correctly states that their dates of death are not provided.,1277
Does Éric Ruf have the same nationality as Jean Léonard Marie Poiseuille?,vanilla,2,1-hop,2026-08-21,True,All facts stated in the answer regarding the French nationality of both individuals are directly supported by the retrieved contexts.,926
Where was the founder of university Vermont Studio Center born?,vanilla,2,2-hop,2026-08-21,False,"The answer claims Fred R. Krug is the only birthplace in the context, which contradicts chunk [2W-090-P07] mentioning John Veltri was born in New Jersey.",1315
Are Marib Airport and Lee County Airport (Virginia) both located in the same country?,vanilla,2,1-hop,2026-08-21,True,All claims are fully supported by the retrieved contexts.,906
What is the place of birth of the performer of song Heaven (Namie Amuro Song)?,vanilla,2,2-hop,2026-08-21,True,The answer accurately identifies the performer and her place of birth using the provided contexts.,1878
Where did Shivaji Ii's father die?,vanilla,2,2-hop,2026-08-21,True,The answer is fully supported by the provided contexts.,1058
Where did Paulding Farnham's wife die?,vanilla,2,2-hop,2026-08-21,True,The answer accurately notes that the context lacks the death location while correctly summarizing the supported biographical facts.,1122
What is the place of birth of Oliver Penrose's father?,vanilla,2,2-hop,2026-08-21,True,The answer accurately identifies that Oliver Penrose's father is Lionel Penrose and correctly states that his place of birth is not provided in the context.,1339
"Who is younger, Adam Morawski or Matt Kilcullen?",vanilla,2,1-hop,2026-08-21,True,All factual claims and citations are directly supported by the retrieved contexts.,984
Which award the director of film Solstice (Film) received?,vanilla,2,2-hop,2026-08-21,True,The answer accurately reflects the contents of the retrieved contexts and correctly states that the requested information cannot be determined from them.,1259
"Are director of film The Case Is Closed, Forget It and director of film Le Signorine Dello 04 from the same country?",vanilla,2,3+-hop,2026-08-21,False,"The contexts identify the nationality of the films as Italian, but do not state the nationality or country of origin of the individual directors.",1536
Who is the father of the director of film Dino Ki Dulhaniya?,vanilla,2,2-hop,2026-08-21,True,The answer accurately states that the retrieved contexts do not provide information about the father of director Mehreen Jabbar.,1647
Are both directors of films Dead Man Running and Night Alone from the same country?,vanilla,2,3+-hop,2026-08-21,True,The answer accurately reflects the information in the provided context and correctly states that the directors' nationalities are missing.,1168
Do director of film Brain Damage (Film) and director of film The Hole In The Ground (Film) have the same nationality?,vanilla,2,3+-hop,2026-08-21,False,The claim that the directors share the same nationality in the provided context is unsupported and contradicted by the context.,1176
"Which film has the director who was born later, L'Eclisse or A Matter Of Morals?",vanilla,2,3+-hop,2026-08-21,True,"All statements in the answer are fully supported by the retrieved contexts, which lack the birth date for John Cromwell.",1494
"Who was born later, Jay T. Harris or Amie Casey?",vanilla,2,1-hop,2026-08-21,True,Every claim and cited date in the answer is fully supported by the retrieved contexts.,983
Where was the director of film Chopsticks (Film) born?,vanilla,2,2-hop,2026-08-21,True,The answer accurately states that Chopsticks was directed by Sachin Yardi per the retrieved context and correctly notes that his birthplace is not mentioned.,1386
"Which film whose director was born first, Flesh And The Spur or Memories Of A Mexican?",vanilla,2,3+-hop,2026-08-21,True,The answer accurately cites the directors from the retrieved context and correctly notes that their birth dates are not provided.,1252
Who is the father of Alexios Iii Angelos?,vanilla,2,2-hop,2026-08-21,True,The answer accurately reflects what is explicitly stated in the retrieved contexts while noting the limits of the text.,1874
"Which magazine came out first, Family Herald or Books For Keeps?",vanilla,2,1-hop,2026-08-21,True,All factual statements regarding the launch dates and order of the magazines are fully supported by the context.,1170
"Which film has the director born earlier, Trail To Vengeance or Sally'S Irish Rogue?",vanilla,2,3+-hop,2026-08-21,True,"All statements in the answer are strictly supported by the context, which names the directors but lacks their birth dates.",1167
Where was the composer of film Billy Elliot born?,vanilla,2,2-hop,2026-08-21,True,The answer accurately notes that Stephen Warbeck is named as the composer in the context and correctly acknowledges that his birthplace is not mentioned.,1324
"Which film has the director who is older than the other, Velli Vizha or A Year Ago In Winter? ",vanilla,2,3+-hop,2026-08-21,True,The answer accurately reflects the information in the contexts and correctly points out that the birth dates or ages of the directors are missing.,1261
"Which film came out earlier, Kalyana Mandapam or Lucrèce Borgia?",vanilla,2,1-hop,2026-08-21,True,All claims regarding the release years of the films are fully supported by the retrieved context.,1501
"Which film was released more recently, Bhanwarey or Harlem Nights?",vanilla,2,1-hop,2026-08-21,True,All facts regarding the release dates of Bhanwarey and Harlem Nights are directly supported by the context.,1567
"Which film has the director who was born first, Valley Of The Redwoods or The Law Of Men?",vanilla,2,3+-hop,2026-08-21,True,The answer accurately cites the directors from the provided contexts and correctly states that their birth dates are not provided.,937
"Which film has the director who was born earlier, The Blackmailers or Re-Animator?",vanilla,2,3+-hop,2026-08-21,True,The answer accurately cites the directors from the provided texts and correctly notes that their birth dates are not present in the context.,1611
Are Graduate University Of Advanced Technology and Fruita Schoolhouse located in the same country?,vanilla,2,1-hop,2026-08-21,True,All facts and cited context references in the answer are directly supported by the retrieved contexts.,863
Who is Paolo Ii Vitelli's maternal grandfather?,vanilla,2,2-hop,2026-08-21,True,"The contexts confirm that Paolo II Vitelli's mother was Angela de' Rossi, whose father was Troilo I de' Rossi.",1113
Do both films: Blockade (1938 Film) and Woman In The River have the directors from the same country?,vanilla,2,3+-hop,2026-08-21,True,"All claims are strictly supported by the provided context, which confirms the directors' names and lacks information regarding their nationalities.",1742
"Which film has the director died later, Mexican Spitfire'S Elephant or Revenge (1918 Film)?",vanilla,2,3+-hop,2026-08-21,True,The answer accurately states what is present and missing in the retrieved contexts without hallucinating any facts.,1266
What is the place of birth of the director of film Walerjan Wrobel'S Homesickness?,vanilla,2,2-hop,2026-08-21,True,The answer accurately identifies the director and his birthplace directly from the provided contexts.,1962
Do both films September Affair and A Gathering Of Eagles have the directors that share the same nationality?,vanilla,2,3+-hop,2026-08-21,False,"The answer begins with 'Yes', asserting a claim that cannot be confirmed from the retrieved context since the directors' nationalities are not provided.",1886
"Which film has the director died earlier, Hôtel Du Nord or Down In 'Arkansaw'?",vanilla,2,3+-hop,2026-08-21,True,The answer accurately states the directors provided in the context and correctly identifies that their death dates are missing.,1347
Who is Adolf Ernst Of Limburg Stirum's paternal grandfather?,vanilla,2,2-hop,2026-08-21,False,"The context states that Hermann Otto I of Limburg-Styrum was Adolf Ernst's father, not his paternal grandfather.",1098
When did Harald Sigtryggsson's father die?,vanilla,2,2-hop,2026-08-21,True,The contexts confirm that Harald Sigtryggsson was the son of Sitric Cáech and that Sitric Cáech died in 927.,2451
Where did Richard Altham's father study?,vanilla,2,2-hop,2026-08-21,True,"The answer accurately states that Richard Altham's father was Harry Altham and that he was educated at Repton School and Trinity College, Oxford, which is directly supported by the retrieved contexts.",1182
"Which film has the director who is older than the other, Zwemplaats Voor Jongelingen Te Amsterdam or Client 9: The Rise And Fall Of Eliot Spitzer? ",vanilla,2,3+-hop,2026-08-21,True,All statements in the answer are accurate and fully supported by the retrieved contexts.,2072
Where was the editor of magazine Argentus born?,vanilla,2,2-hop,2026-08-21,True,All claims in the answer are directly supported by the retrieved contexts.,1792
"Which song was released more recently, Go Ahead And Break My Heart or Knee Deep In My Heart?",vanilla,2,1-hop,2026-08-21,True,All statements and release dates in the answer are directly supported by the retrieved contexts.,1305
Where was the place of burial of the director of film Loose Ankles?,vanilla,2,2-hop,2026-08-21,True,The answer correctly identifies from the context that Ted Wilde directed Loose Ankles and truthfully states that his burial place is not mentioned in the provided text.,2080
"Which film has the director who died later, The House Behind The Cedars or First Case, Second Case?",vanilla,2,3+-hop,2026-08-21,True,The answer accurately identifies the directors from the provided contexts and correctly notes that their death dates are missing.,1685
Where did the performer of song Girlfriend (Alicia Keys Song) study?,vanilla,2,2-hop,2026-08-21,True,The answer accurately states that the retrieved context does not mention where Alicia Keys studied and correctly summarizes the relevant details provided.,2229
Does Devorah Rose have the same nationality as Jay Hambidge?,vanilla,2,1-hop,2026-08-21,True,All claims regarding their American nationality are directly supported by the provided contexts.,1340
Where did Princess Catherine Of Schleswig-Holstein-Sonderburg-Beck's father die?,vanilla,2,2-hop,2026-08-21,True,All facts stated in the answer are directly supported by the retrieved contexts.,1585
"Which film whose director is younger, The Jazz Cinderella or The Battle Of Jangsari?",vanilla,2,3+-hop,2026-08-21,True,All claims correctly cite the contexts and accurately state that birth dates or ages are missing.,1056
Who is the paternal grandmother of King Kang Of Zhou?,vanilla,2,2-hop,2026-08-21,True,All factual statements and inferences regarding King Kang's lineage and paternal grandmother are fully supported by the retrieved contexts.,1656
"Who is Hans Albrecht, Hereditary Prince Of Schleswig-Holstein's maternal grandmother?",vanilla,2,2-hop,2026-08-21,True,All claims and logical deductions identifying Princess Alexandra of Saxe-Coburg and Gotha as the maternal grandmother are directly supported by contexts 2W-149-P09 and 2W-149-P05.,1615
Who is Al-Nu'Man Vi Ibn Al-Mundhir's paternal grandfather?,vanilla,2,2-hop,2026-08-21,True,"The answer is fully supported by the contexts, which state that Al-Nu'man VI is the son of al-Mundhir III ibn al-Harith and al-Mundhir III is the son of Al-Harith ibn Jabalah.",1709
Where was the place of burial of Mariamne I's husband?,vanilla,2,2-hop,2026-08-21,True,The answer accurately reflects the context by noting that Mariamne I was the wife of Herod the Great and that his burial place is not mentioned.,1272
Who is the child of the director of film Kathputli (1971 Film)?,vanilla,2,2-hop,2026-08-21,True,The answer accurately states that the director is Brij and correctly notes that the retrieved contexts do not provide information regarding his child.,1905
Which country the director of film Batman: The Dark Knight Returns (Film) is from?,vanilla,2,2-hop,2026-08-21,True,"The answer accurately states that while Jay Oliva is identified as the director in the context, his country of origin is not provided.",2778
What nationality is Margaret Of Hereford's mother?,vanilla,2,2-hop,2026-08-21,True,The answer accurately reflects the context which identifies Margaret of Hereford's mother as Cambro-Norman.,1387
"Which film came out first, Festival In Cannes or Petria'S Wreath?",vanilla,2,1-hop,2026-08-21,True,"The answer is fully supported by the retrieved contexts, correctly citing the release years of both films.",977
Do director of film D'Annunzio (Film) and director of film Così Parlò Bellavista have the same nationality?,vanilla,2,3+-hop,2026-08-21,False,The contexts state that the films are Italian but do not provide the nationality of either director.,1383
"Which film has the director who died first, Big Happiness or Border Romance?",vanilla,2,3+-hop,2026-08-21,False,"The claim that the director of Big Happiness died first is not supported by the retrieved contexts, which lack death dates for both directors.",1529
"Where did George Tryon, 1St Baron Tryon's father die?",vanilla,2,2-hop,2026-08-21,True,All claims in the answer are supported by contexts [2W-158-P08] and [2W-158-P02].,1392
Who is the paternal grandmother of Bianca Maria Sforza?,vanilla,2,2-hop,2026-08-21,True,The answer is fully supported by the provided contexts through direct facts and valid inference.,1362
"Which film whose director was born first, Meri Jung or La Fille Du Torrent?",vanilla,2,3+-hop,2026-08-21,True,The answer accurately cites the directors from the retrieved context and correctly states that their birth dates are not provided.,1123
Where was the place of burial of Sultan Cem's father?,vanilla,2,2-hop,2026-08-21,True,The answer accurately reflects the information in the provided context and correctly states that the burial place is not mentioned.,1048
"Which film was released first, Sarah Prefers To Run or Tears Of April?",vanilla,2,1-hop,2026-08-21,True,The contexts confirm that Tears of April was released in 2008 and Sarah Prefers to Run was released in 2013.,977
"Which film has the director born later, Kaalapani or Strictly Modern?",vanilla,2,3+-hop,2026-08-21,True,All statements made in the answer are strictly supported by the provided contexts.,2484
"Which film has the director who died first, The Admiral Was A Lady or The Whales Of August?",vanilla,2,3+-hop,2026-08-21,True,The answer accurately reflects the directors mentioned in the context and correctly states that their dates of death are missing.,1318
"Which film whose director was born first, El Lazarillo De Tormes or Balyasakhi?",vanilla,2,3+-hop,2026-08-21,True,The answer accurately summarizes the available birth date and director information from the contexts and correctly notes that Antony Mitradas's birth date is missing.,1282
Are Ding Yaping and Johann Christian Gustav Lucae of the same nationality?,vanilla,2,1-hop,2026-08-21,True,All factual statements in the answer are directly supported by the retrieved contexts.,1331
"Are both Chak 26/11-L, Chichawatni and Chah-E Ali Kapari located in the same country?",vanilla,2,1-hop,2026-08-21,False,"The answer contradicts the context, which states that Chah-e Ali Kapari is located in Iran, not Pakistan.",963
"Who was born first, Enzo Corigliano or Song Dong-Hwan?",vanilla,2,1-hop,2026-08-21,True,All birth dates and the conclusion that Song Dong-hwan was born first are fully supported by the retrieved contexts.,1180
What is the date of death of the director of film Honest Raj?,vanilla,2,2-hop,2026-08-21,True,The answer accurately states that the director is identified as K. S. Ravi in the context and that his date of death is not provided.,1800
Who is the spouse of the director of film You Talkin' To Me? (Film)?,vanilla,2,2-hop,2026-08-21,True,The answer accurately reflects the information in the provided context and correctly notes that the spouse is not mentioned.,1040
Where was the wife of Ned Manning born?,vanilla,2,2-hop,2026-08-21,True,The answer accurately states that the retrieved context does not mention the birthplace of either of Ned Manning's wives.,1130
What is the place of birth of the director of film The United States Of America (Film)?,vanilla,2,2-hop,2026-08-21,True,All statements and citations in the answer are fully supported by the retrieved contexts.,1255
Who is Humphrey Of Montfort's paternal grandmother?,vanilla,2,2-hop,2026-08-21,True,The answer accurately reflects the provided context by noting that Philip of Montfort's mother (Humphrey's paternal grandmother) is not stated.,1528
"Are both villages, Rogozikha and Turbaza ""Katun"", located in the same country?",vanilla,2,1-hop,2026-08-21,True,Both locations are stated to be in Russia in the retrieved contexts with correct citations.,858
What nationality is the composer of film Dhilluku Dhuddu 2?,vanilla,2,2-hop,2026-08-21,True,The answer accurately reflects the information in the provided context and correctly notes that Shabir's nationality is not mentioned.,1749
What is the place of birth of the director of film K-9: P.I.?,vanilla,2,2-hop,2026-08-21,True,The answer accurately states the director from the context and correctly notes that the place of birth is not provided.,1156
"Which film has the director who died earlier, The Right Person or The Curtain Falls?",vanilla,2,3+-hop,2026-08-21,True,"All claims and director citations are directly supported by the context, and the inability to answer due to missing death dates is accurately noted.",1148
Who is the mother-in-law of Princess Clotilde Of Saxe-Coburg And Gotha?,vanilla,2,2-hop,2026-08-21,True,The answer accurately reflects the retrieved contexts by stating that the mother-in-law cannot be determined and correctly citing the marriage details provided in chunk [2W-178-P07].,1251
"Which film has the director who died later, Elle Boit Pas, Elle Fume Pas, Elle Drague Pas, Mais... Elle Cause ! or The Very Eye Of Night?",vanilla,2,3+-hop,2026-08-21,True,"All facts stated are directly supported by the retrieved contexts, correctly noting that the death dates are missing.",1418
Did Neil Hopkins and Lenore E. Walker share the same nationality?,vanilla,2,1-hop,2026-08-21,True,All factual claims in the answer are directly supported by the retrieved contexts.,1008
"Which film has the director born earlier, Meera (1945 Film) or Old Mother Riley'S Ghosts?",vanilla,2,3+-hop,2026-08-21,True,The answer accurately reflects the contents and limitations of the retrieved context without introducing unsupported claims.,973
"Which film has the director who died later, Suyetchai Mla or Brilliant Lies?",vanilla,2,3+-hop,2026-08-21,True,The answer accurately reflects the information in the provided context and correctly notes that death dates for the two directors are missing.,1270
"Which film came out earlier, Locked In (Film) or Angel'S Rage?",vanilla,2,1-hop,2026-08-21,True,All statements comparing the release years of the two films are directly supported by the context.,908
"Which film was released first, Sankaranum Mohananum or Cold Blade?",vanilla,2,1-hop,2026-08-21,True,Every claim in the answer is directly supported by the retrieved contexts.,1573
"Which film has the director who was born earlier, Ruler Of The Road or Carson City Cyclone?",vanilla,2,3+-hop,2026-08-21,True,The answer accurately states the directors identified in the context and correctly identifies that their birth dates are not provided in the retrieved text.,1325
"Which film whose director was born first, The Liberace Of Baghdad or Wild Heather?",vanilla,2,3+-hop,2026-08-21,True,The answer accurately states that the retrieved context lacks birth dates for the directors of both films.,1256
"Which film whose director was born first, The Adjuster or Hajen Som Visste För Mycket?",vanilla,2,3+-hop,2026-08-21,True,The answer accurately identifies the directors from the provided contexts and correctly states that their birth dates are missing.,1421
Do director of film La Neve Nel Bicchiere and director of film Lucia'S Grace have the same nationality?,vanilla,2,3+-hop,2026-08-21,False,"The contexts do not state the nationality of Florestano Vancini, only that the film he directed is an Italian drama film.",1272
"Which album was released earlier, Years Past Matter or Digital Smoke?",vanilla,2,1-hop,2026-08-21,True,All facts and requirement references in the answer are directly supported by the retrieved contexts.,976
"Which film has the director died first, The Girl In The Red Velvet Swing or Ghosts Of Port Arthur?",vanilla,2,3+-hop,2026-08-21,True,All factual claims made in the answer are fully supported by the provided context.,1150
Who is Empress Xu (Ming Dynasty)'s father-in-law?,vanilla,2,2-hop,2026-08-21,True,All claims regarding Empress Xu being the consort of the Yongle Emperor and the Hongwu Emperor being his father are directly supported by the retrieved contexts.,1994
Do both directors of films Bullet For Stefano and Annabella'S Adventure share the same nationality?,vanilla,2,3+-hop,2026-08-21,False,The provided contexts describe the films as Italian but do not state the nationality of either director.,1342
Where did Johan Ludvig Heiberg (Poet)'s father die?,vanilla,2,2-hop,2026-08-21,True,All facts and cited text in the answer are directly supported by the provided contexts.,2098
Where was the place of burial of the director of film High Lane (Film)?,vanilla,2,2-hop,2026-08-21,True,The answer accurately cites the context identifying Abel Ferry as the director and correctly states that his place of burial is not provided.,1535
Do both films Homecoming (1984 Film) and Hello Cheyenne have the directors that share the same nationality?,vanilla,2,3+-hop,2026-08-21,True,All statements and inferences in the answer are accurately supported by the retrieved contexts.,1557
"Who is Beatrice Of Burgundy, Lady Of Bourbon's mother-in-law?",vanilla,2,2-hop,2026-08-21,True,"The answer accurately states what is present in the context and correctly points out that the mother of Robert, Count of Clermont is not mentioned.",1155
Where was the director of film Katka'S Reinette Apples born?,vanilla,2,2-hop,2026-08-21,True,The answer accurately states that the retrieved context identifies the directors but does not provide their places of birth.,1234
"Which film whose director is younger, Told In The Hills or Goodnight, Sweet Marilyn?",vanilla,2,3+-hop,2026-08-21,True,The answer accurately states that the ages and birth dates of the directors are missing from the retrieved contexts.,1154
"Which film has the director who was born first, Legend Of The Mountain or Three Men To Kill?",vanilla,2,3+-hop,2026-08-21,False,The claim that Three Men to Kill has the director who was born first is not supported because the retrieved contexts do not provide birth dates for either director.,1391
